Time	Amplitude
0.0	-0.0200748546185688
5.0000833347222455e-05	6.7498468796212885
0.0001000016666944	12.09452077689575
0.0001500025000416	15.027793204416172
0.0002000033333888	15.219660748256782
0.0002500041667361	13.10804212524952
0.0003000050000833	9.656966488165189
0.0003500058334305	6.115619963017501
0.0004000066667777	3.5631813264040737
0.000450007500125	2.631131357837574
0.0005000083334722	3.315482438361265
0.0005500091668194	5.084623433977597
0.0006000100001666	7.071697762802351
0.0006500108335138	8.477091461075068
0.0007000116668611	8.749639297952822
0.0007500125002083	7.835671645919202
0.0008000133335555	6.137829390767128
0.0008500141669027	4.297428200124737
0.00090001500025	3.0183132545641924
0.0009500158335972	2.7577478958953536
0.0010000166669444	3.583982791599708
0.0010500175002916	5.179741532299805
0.0011000183336388	6.88873924633867
0.0011500191669861	8.13421412925127
0.0012000200003333	8.40579416266872
0.0012500208336805	7.561311742693068
0.0013000216670277	5.804560539702551
0.001350022500375	3.593485839015863
0.0014000233337222	1.4567648386348702
0.0014500241670694	-0.2158890326822077
0.0015000250004166	-1.1861048490897392
0.0015500258337638	-1.5151539910545777
0.0016000266671111	-1.4810417303884589
0.0016500275004583	-1.3060953453275757
0.0017000283338055	-1.266547109929182
0.0017500291671527	-1.3840183301535571
0.0018000300005	-1.5643093694179406
0.0018500308338472	-1.5535322074834892
0.0019000316671944	-1.1864329863277616
0.0019500325005416	-0.4322377477273061
0.0020000333338888	0.6096833612303676
0.0020500341672361	1.6729107133901202
0.0021000350005833	2.446873116504252
0.0021500358339305	2.7083881048488694
0.0022000366672777	2.471539925134297
0.002250037500625	1.845378966449505
0.0023000383339722	1.212180532800026
0.0023500391673194	0.935141932460142
0.0024000400006666	1.2610657861130254
0.0024500408340139	2.214192407379456
0.0025000416673611	3.623693721268525
0.0025500425007083	5.022008290365216
0.0026000433340555	5.92330638189754
0.0026500441674027	6.020409169220561
0.00270004500075	5.08249821159544
0.0027500458340972	3.351306220642655
0.0028000466674444	1.163070228683467
0.0028500475007916	-0.9769161438596968
0.0029000483341389	-2.5806365520498957
0.0029500491674861	-3.375394457088526
0.0030000500008333	-3.2710652959880013
0.0030500508341805	-2.554132669335241
0.0031000516675277	-1.5246282937033162
0.003150052500875	-0.5942643556219684
0.0032000533342222	0.0483633252238853
0.0032500541675694	0.273219798595276
0.0033000550009166	0.1716458289306983
0.0033500558342639	0.0053862353740284
0.0034000566676111	-0.1191590999510178
0.0034500575009583	-0.0864002864950138
0.0035000583343055	0.091333509440916
0.0035500591676527	0.2450477113835901
0.003600060001	0.239877713275829
0.0036500608343472	0.0116635848344187
0.0037000616676944	-0.4676842271729594
0.0037500625010416	-0.9916140982144268
0.0038000633343889	-1.360501057680195
0.0038500641677361	-1.3462519643863189
0.0039000650010833	-0.7740876187362313
0.0039500658344305	0.265272344419461
0.0040000666677777	1.5342855967033528
0.004050067501125	2.768394170169157
0.0041000683344722	3.719879819314579
0.0041500691678194	4.147909135320459
0.0042000700011666	4.151806923916999
0.0042500708345139	3.837048707438459
0.0043000716678611	3.553107782129342
0.0043500725012083	3.521484426758645
0.0044000733345555	3.829272597441741
0.0044500741679027	4.413101582617496
0.00450007500125	5.062079616947655
0.0045500758345972	5.458005345500755
0.0046000766679444	5.367870747300654
0.0046500775012916	4.710391325577904
0.0047000783346389	3.6120852714725538
0.0047500791679861	2.388499495742943
0.0048000800013333	1.450553822947621
0.0048500808346805	1.080263680103816
0.0049000816680278	1.3808674366733396
0.004950082501375	2.155622773884716
0.0050000833347222	3.0385410812508917
0.0050500841680694	3.568351074353252
0.0051000850014166	3.388303996738559
0.0051500858347639	2.3362408466218225
0.0052000866681111	0.6517446764728845
0.0052500875014583	-1.294567842768681
0.0053000883348055	-2.9152387721164112
0.0053500891681528	-3.7313398964266895
0.0054000900015	-3.5309678115410064
0.0054500908348472	-2.392754599375321
0.0055000916681944	-0.7915616931496101
0.0055500925015416	0.6981722267712372
0.0056000933348889	1.524772261499177
0.0056500941682361	1.3492718177832563
0.0057000950015833	0.2396416918502418
0.0057500958349305	-1.4206768278146833
0.0058000966682778	-3.050876874858807
0.005850097501625	-4.0352399110451405
0.0059000983349722	-3.9773849813826234
0.0059500991683194	-2.8339894518704813
0.0060001000016666	-1.002791655703724
0.0060501008350139	1.0199310905530292
0.0061001016683611	2.5441167025331106
0.0061501025017083	3.190899265679585
0.0062001033350555	2.796945942673627
0.0062501041684028	1.692335601910827
0.00630010500175	0.3776412090454763
0.0063501058350972	-0.5097140821984467
0.0064001066684444	-0.4604829299712325
0.0064501075017916	0.604397824142321
0.0065001083351389	2.5211052489715127
0.0065501091684861	4.714056016987882
0.0066001100018333	6.540978814515804
0.0066501108351805	7.442107811033179
0.0067001116685278	7.113777227936279
0.006750112501875	5.741104836086279
0.0068001133352222	3.703452054740538
0.0068501141685694	1.6318683908519045
0.0069001150019166	0.097111089944202
0.0069501158352639	-0.5646195828864011
0.0070001166686111	-0.2342195518522183
0.0070501175019583	0.7712192626327766
0.0071001183353055	2.1525640626397817
0.0071501191686528	3.425346098614451
0.007200120002	4.315539662869857
0.0072501208353472	4.715950343068595
0.0073001216686944	4.793728659385891
0.0073501225020417	4.744830472966953
0.0074001233353889	4.749923370220782
0.0074501241687361	4.90393354764199
0.0075001250020833	5.021512389124586
0.0075501258354305	4.948543592931016
0.0076001266687778	4.405221356084742
0.007650127502125	3.2393817100948565
0.0077001283354722	1.529426146700556
0.0077501291688194	-0.4551547232412628
0.0078001300021667	-2.3071414817228817
0.0078501308355139	-3.585316620698007
0.0079001316688611	-4.079306006910182
0.0079501325022083	-3.7769770063154366
0.0080001333355555	-2.996973842969528
0.0080501341689028	-2.1218120339401225
0.00810013500225	-1.5774585442738305
0.0081501358355972	-1.6906037048313551
0.0082001366689444	-2.4104029346249685
0.0082501375022917	-3.466895275951425
0.0083001383356389	-4.3311285386919565
0.0083501391689861	-4.587531478063763
0.0084001400023333	-3.921575176654255
0.0084501408356805	-2.395748125590732
0.0085001416690278	-0.4262877877701359
0.008550142502375	1.3516604659324378
0.0086001433357222	2.3490694893113537
0.0086501441690694	2.063831923648661
0.0087001450024167	0.433978303460008
0.0087501458357639	-2.174142441264693
0.0088001466691111	-5.132819335338774
0.0088501475024583	-7.656876875047536
0.0089001483358055	-9.11525077438044
0.0089501491691528	-9.193996174768603
0.0090001500025	-8.011034372347524
0.0090501508358472	-5.98363288125849
0.0091001516691944	-3.8316874455976064
0.0091501525025417	-2.0614996969855435
0.0092001533358889	-1.0827186189422937
0.0092501541692361	-0.8746417434925113
0.0093001550025833	-1.1249650188038662
0.0093501558359306	-1.3362399801769314
0.0094001566692778	-1.0839702511402334
0.009450157502625	-0.2298401359669941
0.0095001583359722	1.193062480925935
0.0095501591693194	2.710111918860495
0.0096001600026667	3.7886165657903743
0.0096501608360139	3.9534188389949785
0.0097001616693611	2.9563159547994746
0.0097501625027083	1.0099921334410704
0.0098001633360556	-1.45426945848448
0.0098501641694028	-3.741102657097078
0.00990016500275	-5.237183404503934
0.0099501658360972	-5.582229605176752
0.0100001666694444	-4.794421265109694
0.0100501675027917	-3.2208704206494643
0.0101001683361389	-1.4504876278872534
0.0101501691694861	-0.1102955424809739
0.0102001700028333	0.4800500060295615
0.0102501708361806	0.1716064988464458
0.0103001716695278	-0.7186042900090811
0.010350172502875	-1.647583842607129
0.0104001733362222	-2.119792938052496
0.0104501741695694	-1.7880118127512512
0.0105001750029167	-0.6101981571012468
0.0105501758362639	1.0721294225373832
0.0106001766696111	2.7332205105022185
0.0106501775029583	3.767801600698173
0.0107001783363056	3.8379210365652265
0.0107501791696528	2.817713335421184
0.010800180003	1.0256021278595244
0.0108501808363472	-0.993224890611224
0.0109001816696944	-2.521065910915824
0.0109501825030417	-3.051441398147423
0.0110001833363889	-2.37031824072531
0.0110501841697361	-0.57699098000543
0.0111001850030833	1.807104211876856
0.0111501858364306	4.141980288348743
0.0112001866697778	5.7693366917270925
0.011250187503125	6.321614597832526
0.0113001883364722	5.70722870574538
0.0113501891698194	4.164160521061731
0.0114001900031667	2.1925798876117746
0.0114501908365139	0.4152261883131888
0.0115001916698611	-0.7642362812245238
0.0115501925032083	-1.0968320010147965
0.0116001933365556	-0.5642163968968618
0.0116501941699028	0.6110632051620336
0.01170019500325	2.055333798226996
0.0117501958365972	3.4693075644574773
0.0118001966699445	4.52283681438933
0.0118501975032917	5.05262460367927
0.0119001983366389	5.061012534996858
0.0119501991699861	4.593037931358903
0.0120002000033333	3.6619160522427023
0.0120502008366806	2.4855324777889707
0.0121002016700278	1.0702274848855473
0.012150202503375	-0.409151237741975
0.0122002033367222	-1.8045366187176175
0.0122502041700695	-2.9810785179464694
0.0123002050034167	-3.743698930069825
0.0123502058367639	-3.980250277527961
0.0124002066701111	-3.6592038014141273
0.0124502075034583	-2.8962802492829613
0.0125002083368056	-1.86703097566278
0.0125502091701528	-0.842091837977761
0.0126002100035	-0.1025458631126151
0.0126502108368472	0.2823992673148869
0.0127002116701945	0.2590881842537443
0.0127502125035417	-0.0098029723184438
0.0128002133368889	-0.2398058775166396
0.0128502141702361	-0.2441778776373969
0.0129002150035833	0.1883340079864573
0.0129502158369306	0.936103202422591
0.0130002166702778	1.865536106464397
0.013050217503625	2.656549868010984
0.0131002183369722	3.0193557985195727
0.0131502191703195	2.8354075264263487
0.0132002200036667	2.0405823609923144
0.0132502208370139	0.8926820746081792
0.0133002216703611	-0.2585112543451698
0.0133502225037083	-1.0358432167065683
0.0134002233370556	-1.2057103733053238
0.0134502241704028	-0.7105762388438343
0.01350022500375	0.368710575547862
0.0135502258370972	1.6060475654837127
0.0136002266704445	2.6859455374388244
0.0136502275037917	3.293103379024445
0.0137002283371389	3.289487360702364
0.0137502291704861	2.742975679152303
0.0138002300038333	1.892902173936564
0.0138502308371806	0.9757968551697292
0.0139002316705278	0.315380347045316
0.013950232503875	-0.0683618744095248
0.0140002333372222	-0.1674011293816649
0.0140502341705695	-0.1735367513512512
0.0141002350039167	-0.2608174573014248
0.0141502358372639	-0.5249390654830263
0.0142002366706111	-0.9689238250367388
0.0142502375039584	-1.371509211825232
0.0143002383373056	-1.539495073043911
0.0143502391706528	-1.3033159713951732
0.014400240004	-0.6356519082449503
0.0144502408373472	0.273666089677802
0.0145002416706945	1.0254355486643092
0.0145502425040417	1.226353443812171
0.0146002433373889	0.6401493170683579
0.0146502441707361	-0.8302107681888173
0.0147002450040834	-2.854396795844204
0.0147502458374306	-4.878580541636332
0.0148002466707778	-6.284829470723916
0.014850247504125	-6.469557298448523
0.0149002483374722	-5.218985806665724
0.0149502491708195	-2.7275858216360764
0.0150002500041667	0.4701838476705402
0.0150502508375139	3.502535927051275
0.0151002516708611	5.58219550387399
0.0151502525042084	6.106953506716254
0.0152002533375556	5.029053206972451
0.0152502541709028	2.745384246145525
0.01530025500425	0.0265148408293139
0.0153502558375972	-2.21692004075948
0.0154002566709445	-3.2659057352805974
0.0154502575042917	-2.737591373585879
0.0155002583376389	-0.8810009376814258
0.0155502591709861	1.7227757302838942
0.0156002600043334	4.214186701338564
0.0156502608376806	5.795609061239359
0.0157002616710278	6.039207903914946
0.015750262504375	4.929839842641568
0.0158002633377222	2.976257400950026
0.0158502641710695	0.960923423549045
0.0159002650044167	-0.4009250041118554
0.0159502658377639	-0.5245370604404863
0.0160002666711111	0.6074203157242883
0.0160502675044584	2.579126133125474
0.0161002683378056	4.674729018411723
0.0161502691711528	6.109822854636748
0.0162002700045	6.275947351932921
0.0162502708378473	5.022193063858955
0.0163002716711945	2.6618966814083302
0.0163502725045417	-0.1089460737606383
0.0164002733378889	-2.3834531260803584
0.0164502741712361	-3.4774922519242777
0.0165002750045834	-3.0266919865790904
0.0165502758379306	-1.1703540942179416
0.0166002766712778	1.54376970933382
0.016650277504625	4.283968986279215
0.0167002783379723	6.26631371545562
0.0167502791713195	6.909903922547842
0.0168002800046667	6.072340728407935
0.0168502808380139	4.041979236523028
0.0169002816713611	1.4188354046582958
0.0169502825047084	-1.1396894791758152
0.0170002833380556	-3.0976917480446877
0.0170502841714028	-4.123192328322021
0.01710028500475	-4.251994340163723
0.0171502858380973	-3.761763288246121
0.0172002866714445	-3.053929174544812
0.0172502875047917	-2.4653152374212137
0.0173002883381389	-2.1359137324105117
0.0173502891714861	-2.090654412326768
0.0174002900048334	-2.094361654449294
0.0174502908381806	-1.9013762705107504
0.0175002916715278	-1.3321811851082597
0.017550292504875	-0.3332732466488554
0.0176002933382223	0.9317791792210944
0.0176502941715695	2.166503974119637
0.0177002950049167	3.0810930239419427
0.0177502958382639	3.427990035776094
0.0178002966716111	3.1270296536128024
0.0178502975049584	2.2710345742037368
0.0179002983383056	1.052963570541646
0.0179502991716528	-0.1854314623438265
0.018000300005	-1.2347169607746866
0.0180503008383473	-1.9005212895912167
0.0181003016716945	-2.182487141730981
0.0181503025050417	-2.0805722600297947
0.0182003033383889	-1.618515281400274
0.0182503041717361	-0.9510699071596512
0.0183003050050834	-0.0378570057753457
0.0183503058384306	1.0463912470585082
0.0184003066717778	2.320803350820976
0.018450307505125	3.6295383000260335
0.0185003083384723	4.813143695168409
0.0185503091718195	5.664838684731291
0.0186003100051667	5.840714521528496
0.0186503108385139	5.255393009053871
0.0187003116718612	3.928581701296572
0.0187503125052084	2.0600529945248995
0.0188003133385556	0.0505226705935141
0.0188503141719028	-1.653363453916504
0.01890031500525	-2.6301528376648444
0.0189503158385973	-2.662429294789602
0.0190003166719445	-1.8358272300369705
0.0190503175052917	-0.4170389835456549
0.0191003183386389	1.152318320160525
0.0191503191719862	2.3231299171702258
0.0192003200053334	2.808238408059818
0.0192503208386806	2.3830773638554685
0.0193003216720278	1.245589348466893
0.019350322505375	-0.3156944061346625
0.0194003233387223	-1.812651729442378
0.0194503241720695	-2.78233636263295
0.0195003250054167	-3.0580403160050817
0.0195503258387639	-2.564515860382905
0.0196003266721112	-1.494877708324433
0.0196503275054584	-0.281913956948437
0.0197003283388056	0.8171431347438468
0.0197503291721528	1.4809888166661058
0.0198003300055	1.6077146033621927
0.0198503308388473	1.3705501952122088
0.0199003316721945	0.9103501793194396
0.0199503325055417	0.5953296797884957
0.0200003333388889	0.5424075504436354
0.0200503341722362	0.8860398437597543
0.0201003350055834	1.6131781161161869
0.0201503358389306	2.5417573458208125
0.0202003366722778	3.467825863207377
0.020250337505625	4.238151098672734
0.0203003383389723	4.727697645377527
0.0203503391723195	4.886498946839136
0.0204003400056667	4.706799384784883
0.0204503408390139	4.23241460070487
0.0205003416723612	3.518575816182644
0.0205503425057084	2.6275100079301
0.0206003433390556	1.5661352234445316
0.0206503441724028	0.4120452290979704
0.02070034500575	-0.6826862468297281
0.0207503458390973	-1.547285469426909
0.0208003466724445	-1.98407971698617
0.0208503475057917	-1.9220798341198784
0.0209003483391389	-1.308952331235968
0.0209503491724862	-0.3175647681568098
0.0210003500058334	0.7810409475731329
0.0210503508391806	1.6336195397570892
0.0211003516725278	1.9384811011887797
0.0211503525058751	1.50441067893563
0.0212003533392223	0.3689460138129266
0.0212503541725695	-1.1706034333975963
0.0213003550059167	-2.755055808053698
0.0213503558392639	-3.867290045019679
0.0214003566726112	-4.159685016595282
0.0214503575059584	-3.5559982564009127
0.0215003583393056	-2.154657378374764
0.0215503591726528	-0.4310686715248553
0.0216003600060001	1.1682051123313208
0.0216503608393473	2.153148103758509
0.0217003616726945	2.1840061085434157
0.0217503625060417	1.3635576041876691
0.0218003633393889	-0.0535650596255781
0.0218503641727362	-1.4776570069145842
0.0219003650060834	-2.4219059210861333
0.0219503658394306	-2.442104812824487
0.0220003666727778	-1.321603246275706
0.0220503675061251	0.7936840568511908
0.0221003683394723	3.492451655769289
0.0221503691728195	6.2601447128008685
0.0222003700061667	8.587478892614339
0.0222503708395139	10.073708048377911
0.0223003716728612	10.619854884181
0.0223503725062084	10.23723214592074
0.0224003733395556	9.283746647796978
0.0224503741729028	8.065418046254836
0.0225003750062501	6.87350277421114
0.0225503758395973	5.883868141516991
0.0226003766729445	5.166229704597425
0.0226503775062917	4.6675102387108
0.0227003783396389	4.308621591007014
0.0227503791729862	3.943325197439475
0.0228003800063334	3.604811190430125
0.0228503808396806	3.223521719568984
0.0229003816730278	2.842538587267738
0.0229503825063751	2.521671443028084
0.0230003833397223	2.1304086183508737
0.0230503841730695	1.6933016011900035
0.0231003850064167	1.124469916171584
0.0231503858397639	0.4557954516529787
0.0232003866731112	-0.2899465266128855
0.0232503875064584	-0.953853368505066
0.0233003883398056	-1.338937061348481
0.0233503891731528	-1.3081138237825645
0.0234003900065001	-0.7462406261189833
0.0234503908398473	0.1813235781463975
0.0235003916731945	1.2752890051613348
0.0235503925065417	2.1770900843739662
0.023600393339889	2.590582488554608
0.0236503941732362	2.3315900672650853
0.0237003950065834	1.385390866177119
0.0237503958399306	0.0651804975348283
0.0238003966732778	-1.2265852830142785
0.0238503975066251	-2.120033212131156
0.0239003983399723	-2.1701293453194124
0.0239503991733195	-1.3367805005224185
0.0240004000066667	0.2562604120566527
0.024050400840014	2.188159720649395
0.0241004016733612	3.998324763019398
0.0241504025067084	5.195018119304066
0.0242004033400556	5.520450739501281
0.0242504041734028	5.082288789492944
0.0243004050067501	4.176863750650382
0.0243504058400973	3.2826184700987477
0.0244004066734445	2.886802468020905
0.0244504075067917	3.244086968185296
0.024500408340139	4.4099103428781135
0.0245504091734862	6.080695945342493
0.0246004100068334	7.707720445570239
0.0246504108401806	8.75658539901102
0.0247004116735278	8.883137671659059
0.0247504125068751	7.870171960671232
0.0248004133402223	6.022074559373498
0.0248504141735695	3.729414677010651
0.0249004150069167	1.6031917697958342
0.024950415840264	0.1045522242841857
0.0250004166736112	-0.5025796735363908
0.0250504175069584	-0.3128762988105519
0.0251004183403056	0.3242494612831584
0.0251504191736528	0.9870059076857212
0.0252004200070001	1.2039754826333882
0.0252504208403473	0.7944683449126767
0.0253004216736945	-0.1595782871988188
0.0253504225070417	-1.3524264586581247
0.025400423340389	-2.349348237234351
0.0254504241737362	-2.69186897432194
0.0255004250070834	-2.137025365126007
0.0255504258404306	-0.7687958337145085
0.0256004266737778	1.06771346323118
0.0256504275071251	2.9313068115165444
0.0257004283404723	4.252521515578108
0.0257504291738195	4.6699729931832605
0.0258004300071667	4.170250313810522
0.025850430840514	2.996332040412904
0.0259004316738612	1.6469158185058963
0.0259504325072084	0.5886351743318988
0.0260004333405556	0.2798601255260349
0.0260504341739029	0.8850768591962277
0.0261004350072501	2.15696496806893
0.0261504358405973	3.729052373002181
0.0262004366739445	5.028120243625414
0.0262504375072917	5.588644043058196
0.026300438340639	5.225677498213198
0.0263504391739862	3.924764635849844
0.0264004400073334	2.179695609493591
0.0264504408406806	0.3936469772941218
0.0265004416740279	-0.7757572938359885
0.0265504425073751	-1.038364664886719
0.0266004433407223	-0.2407749614468718
0.0266504441740695	1.3687169798746908
0.0267004450074167	3.3514057958686783
0.026750445840764	5.179351806694138
0.0268004466741112	6.245345355333665
0.0268504475074584	6.369429417142113
0.0269004483408056	5.421050155667087
0.0269504491741529	3.6314127954351623
0.0270004500075001	1.3975205923562857
0.0270504508408473	-0.9210290326693223
0.0271004516741945	-2.853654757651608
0.0271504525075417	-4.264077165039693
0.027200453340889	-5.070127515939579
0.0272504541742362	-5.382053734590234
0.0273004550075834	-5.390152856526571
0.0273504558409306	-5.234030357198803
0.0274004566742779	-5.040217121083489
0.0274504575076251	-4.817758519063131
0.0275004583409723	-4.491823315965579
0.0275504591743195	-3.983256413363371
0.0276004600076667	-3.271551544931473
0.027650460841014	-2.262908603184651
0.0277004616743612	-1.0704741655122432
0.0277504625077084	0.1352450013963528
0.0278004633410556	1.109434693319996
0.0278504641744029	1.7359120305179516
0.0279004650077501	1.853962658122638
0.0279504658410973	1.4210832854802455
0.0280004666744445	0.5322044380256297
0.0280504675077918	-0.6422042005547817
0.028100468341139	-1.8499590198556584
0.0281504691744862	-2.835234503273263
0.0282004700078334	-3.39122892033253
0.0282504708411806	-3.386470340420709
0.0283004716745279	-2.7668456816237263
0.0283504725078751	-1.70372230132048
0.0284004733412223	-0.3076031769205445
0.0284504741745695	1.1461101534597318
0.0285004750079168	2.4760263933162645
0.028550475841264	3.414405345129894
0.0286004766746112	3.907473150975529
0.0286504775079584	3.946986725215973
0.0287004783413056	3.5450671296702314
0.0287504791746529	2.888744148813876
0.0288004800080001	2.0664253754447435
0.0288504808413473	1.228846193594859
0.0289004816746945	0.4066473020170538
0.0289504825080418	-0.346842685133896
0.029000483341389	-1.0301923156915402
0.0290504841747362	-1.7068474871449508
0.0291004850080834	-2.3509309492262487
0.0291504858414306	-2.838782678459693
0.0292004866747779	-3.036167540827809
0.0292504875081251	-2.813620525997736
0.0293004883414723	-2.086331847831327
0.0293504891748195	-0.8443278631227192
0.0294004900081668	0.7592736665803249
0.029450490841514	2.4148041823679995
0.0295004916748612	3.8264842531378807
0.0295504925082084	4.643681272391956
0.0296004933415556	4.636142857004846
0.0296504941749029	3.777453613800376
0.0297004950082501	2.2322495932529143
0.0297504958415973	0.3817291819240733
0.0298004966749445	-1.3752914046578195
0.0298504975082918	-2.5745084219471672
0.029900498341639	-2.9666815896099368
0.0299504991749862	-2.515100490452281
0.0300005000083334	-1.3663558361000558
0.0300505008416806	0.0605639189612108
0.0301005016750279	1.3851418939687128
0.0301505025083751	2.2116673695781177
0.0302005033417223	2.43639560091991
0.0302505041750695	2.0375997171610285
0.0303005050084168	1.2534773004159294
0.030350505841764	0.4048620117444938
0.0304005066751112	-0.232511906991307
0.0304505075084584	-0.4150596609637262
0.0305005083418057	-0.1883718327739715
0.0305505091751529	0.2963838414809033
0.0306005100085001	0.8308732046390238
0.0306505108418473	1.0900862957338835
0.0307005116751945	0.9559208606829762
0.0307505125085418	0.3759466000740132
0.030800513341889	-0.4730540714291327
0.0308505141752362	-1.3190996460551458
0.0309005150085834	-1.9177548795895
0.0309505158419307	-2.130325905850176
0.0310005166752779	-1.995816382184857
0.0310505175086251	-1.649248620518341
0.0311005183419723	-1.415670561124144
0.0311505191753195	-1.517444440311838
0.0312005200086668	-2.153226260991968
0.031250520842014	-3.243424922951447
0.0313005216753612	-4.556101597993365
0.0313505225087084	-5.689959654513438
0.0314005233420557	-6.255493132981278
0.0314505241754029	-6.03403548156963
0.0315005250087501	-4.898976014121141
0.0315505258420973	-3.155105179539022
0.0316005266754445	-1.1393095670662992
0.0316505275087918	0.6266946023459082
0.031700528342139	1.6997854866611024
0.0317505291754862	1.8159578465381376
0.0318005300088334	1.069980156892083
0.0318505308421807	-0.3607922117558909
0.0319005316755279	-1.925031070415532
0.0319505325088751	-3.2467541151090944
0.0320005333422223	-4.002218845964918
0.0320505341755696	-4.071591389892168
0.0321005350089168	-3.635354592561831
0.032150535842264	-3.012090022597925
0.0322005366756112	-2.6119069741802594
0.0322505375089584	-2.710073146552821
0.0323005383423057	-3.3653437984235373
0.0323505391756529	-4.44838519454112
0.0324005400090001	-5.574545708720289
0.0324505408423473	-6.283370467543995
0.0325005416756946	-6.182436053342954
0.0325505425090418	-5.074037206367896
0.032600543342389	-3.012342018015296
0.0326505441757362	-0.3820212416872358
0.0327005450090834	2.308184554681735
0.0327505458424307	4.438873062746447
0.0328005466757779	5.560585864148029
0.0328505475091251	5.503386057331541
0.0329005483424723	4.261103423047335
0.0329505491758196	2.2728130710130587
0.0330005500091668	0.0511092248809872
0.033050550842514	-1.8509039098756708
0.0331005516758612	-2.9420270046498604
0.0331505525092084	-2.9872138452110684
0.0332005533425557	-2.0340644363842983
0.0332505541759029	-0.3393454260243043
0.0333005550092501	1.6750365865228425
0.0333505558425973	3.550164491632428
0.0334005566759446	4.8482918295074535
0.0334505575092918	5.41394618914733
0.033500558342639	5.150920485563281
0.0335505591759862	4.279034057650868
0.0336005600093334	3.0976412469026924
0.0336505608426807	1.9854801587152493
0.0337005616760279	1.2642629089137134
0.0337505625093751	1.1591893688884392
0.0338005633427223	1.7720468262910258
0.0338505641760696	2.978138023708873
0.0339005650094168	4.585779826106874
0.033950565842764	6.176475100714422
0.0340005666761112	7.496476981467187
0.0340505675094584	8.204194257172247
0.0341005683428057	8.128070211314407
0.0341505691761529	7.205802597315333
0.0342005700095001	5.595624784452179
0.0342505708428473	3.5443767519386418
0.0343005716761946	1.431867803847996
0.0343505725095418	-0.4612345628655118
0.034400573342889	-1.7989701373970794
0.0344505741762362	-2.428998093547464
0.0345005750095835	-2.3304652063219704
0.0345505758429307	-1.6616242912940211
0.0346005766762779	-0.685280474560424
0.0346505775096251	0.3625139587217068
0.0347005783429723	1.2334760853865363
0.0347505791763196	1.7813887530485828
0.0348005800096668	2.0076733836146
0.034850580843014	2.020729374813059
0.0349005816763612	2.014736933227854
0.0349505825097085	2.234783130292231
0.0350005833430557	2.751967761067754
0.0350505841764029	3.601054907217653
0.0351005850097501	4.620989308322171
0.0351505858430973	5.596110958503927
0.0352005866764446	6.213964095218597
0.0352505875097918	6.17214786260574
0.035300588343139	5.320912582206896
0.0353505891764862	3.709074242368233
0.0354005900098335	1.535813687968616
0.0354505908431807	-0.7958975229938865
0.0355005916765279	-2.825751273005851
0.0355505925098751	-4.146320686299239
0.0356005933432223	-4.420866041995683
0.0356505941765696	-3.555163194044954
0.0357005950099168	-1.696725607352222
0.035750595843264	0.8395498047067737
0.0358005966766112	3.528384564930238
0.0358505975099585	5.907886098149731
0.0359005983433057	7.551100078728163
0.0359505991766529	8.23944334149649
0.0360006000100001	7.874714754432953
0.0360506008433473	6.740207055408984
0.0361006016766946	5.061916982910558
0.0361506025100418	3.297727848818881
0.036200603343389	1.7574776180140124
0.0362506041767362	0.7138365291765075
0.0363006050100835	0.2245414020461994
0.0363506058434307	0.1995958869953138
0.0364006066767779	0.4559062864215193
0.0364506075101251	0.7996113031283736
0.0365006083434723	1.006486440270435
0.0365506091768196	1.014290244588592
0.0366006100101668	0.856090415593928
0.036650610843514	0.6051716661183356
0.0367006116768612	0.5235637028332836
0.0367506125102085	0.6816590745039098
0.0368006133435557	1.218792482720483
0.0368506141769029	2.0475374778723827
0.0369006150102501	3.081370487934126
0.0369506158435974	4.101906917765518
0.0370006166769446	4.880416285212298
0.0370506175102918	5.193751250037477
0.037100618343639	5.078537013080157
0.0371506191769862	4.47626370363873
0.0372006200103335	3.5902508615800897
0.0372506208436807	2.5815622028805416
0.0373006216770279	1.6345265929502926
0.0373506225103751	0.8582312384841975
0.0374006233437224	0.3549241683297403
0.0374506241770696	0.1011768927819138
0.0375006250104168	0.0280306980232868
0.037550625843764	0.0487261056432307
0.0376006266771112	0.0975011765950878
0.0376506275104585	0.1931311170815761
0.0377006283438057	0.2705681134449513
0.0377506291771529	0.4251874040205873
0.0378006300105001	0.6204141094471
0.0378506308438474	0.8861883326034488
0.0379006316771946	1.1120516889185903
0.0379506325105418	1.241174215740024
0.038000633343889	1.1707098029018803
0.0380506341772362	0.8486228103154518
0.0381006350105835	0.2626304409010095
0.0381506358439307	-0.4314179443921626
0.0382006366772779	-1.2037908294881428
0.0382506375106251	-1.830783303691177
0.0383006383439724	-2.22448451330412
0.0383506391773196	-2.3536818991670176
0.0384006400106668	-2.191114245833863
0.038450640844014	-1.9077659198641883
0.0385006416773612	-1.5525830992405276
0.0385506425107085	-1.2361405427318652
0.0386006433440557	-1.026262725182428
0.0386506441774029	-0.8510113688637881
0.0387006450107501	-0.6604988372540647
0.0387506458440974	-0.2862087456702019
0.0388006466774446	0.2555083256076932
0.0388506475107918	0.9812383525809548
0.038900648344139	1.807473294710788
0.0389506491774862	2.511123271095415
0.0390006500108335	2.9443875767812417
0.0390506508441807	2.9619742841569137
0.0391006516775279	2.528488521520411
0.0391506525108751	1.7624649609717116
0.0392006533442224	0.8687821171538602
0.0392506541775696	0.1776593216811036
0.0393006550109168	-0.1041240035629557
0.039350655844264	0.2578863812088507
0.0394006566776113	1.183508590672983
0.0394506575109585	2.4972761206634586
0.0395006583443057	3.882910687461271
0.0395506591776529	5.02964187308727
0.0396006600110001	5.656728344275633
0.0396506608443474	5.680927527009747
0.0397006616776946	5.159449760908631
0.0397506625110418	4.419521926181009
0.039800663344389	3.746136256992322
0.0398506641777363	3.435247823785076
0.0399006650110835	3.7163536640415313
0.0399506658444307	4.565927556476046
0.0400006666777779	5.742035641733897
0.0400506675111251	6.934277971805023
0.0401006683444724	7.72247338172064
0.0401506691778196	7.827891728372481
0.0402006700111668	7.170139106455655
0.040250670844514	5.872251532455637
0.0403006716778613	4.221373061133535
0.0403506725112085	2.6687137726499177
0.0404006733445557	1.6267039032065609
0.0404506741779029	1.2991709290611355
0.0405006750112501	1.8076147080499845
0.0405506758445974	2.841310810673407
0.0406006766779446	4.03906479627017
0.0406506775112918	4.959889425895183
0.040700678344639	5.19521867124112
0.0407506791779863	4.579949703124757
0.0408006800113335	3.1242570293457126
0.0408506808446807	1.207378869750079
0.0409006816780279	-0.7358897997697822
0.0409506825113751	-2.201654581618263
0.0410006833447224	-2.7939923706634
0.0410506841780696	-2.418070886304972
0.0411006850114168	-1.2468213797728316
0.041150685844764	0.4056527758265338
0.0412006866781113	1.9367676238936729
0.0412506875114585	2.77195834305596
0.0413006883448057	2.538161254601888
0.0413506891781529	1.0802321219872928
0.0414006900115001	-1.3958166038297128
0.0414506908448474	-4.436400852968416
0.0415006916781946	-7.389793536736794
0.0415506925115418	-9.707482368076615
0.041600693344889	-10.856629992224727
0.0416506941782363	-10.67930821175624
0.0417006950115835	-9.301832313425896
0.0417506958449307	-7.103300271619325
0.0418006966782779	-4.7009292871145885
0.0418506975116252	-2.614464983528689
0.0419006983449724	-1.2790924250666649
0.0419506991783196	-0.854581273886403
0.0420007000116668	-1.2422140352215454
0.042050700845014	-2.1079690346784794
0.0421007016783613	-3.0265570205875867
0.0421507025117085	-3.5323223144131584
0.0422007033450557	-3.447476051199242
0.0422507041784029	-2.734364492283964
0.0423007050117502	-1.6354758419591942
0.0423507058450974	-0.4767524610234047
0.0424007066784446	0.3523508019507803
0.0424507075117918	0.5325027147012504
0.042500708345139	0.0058395487920481
0.0425507091784863	-1.0506283695485723
0.0426007100118335	-2.351112657781812
0.0426507108451807	-3.4589898373509587
0.0427007116785279	-4.057379412775087
0.0427507125118752	-3.933027637482696
0.0428007133452224	-3.092132319729649
0.0428507141785696	-1.8272780591683495
0.0429007150119168	-0.4435546515871383
0.042950715845264	0.7101613868063774
0.0430007166786113	1.381138896439003
0.0430507175119585	1.5602973744013255
0.0431007183453057	1.3120149103733203
0.0431507191786529	0.9463993890803644
0.0432007200120002	0.7235363228079315
0.0432507208453474	0.8414978188547368
0.0433007216786946	1.3020654573674029
0.0433507225120418	2.011576219311379
0.043400723345389	2.619124061246707
0.0434507241787363	2.8811411030869385
0.0435007250120835	2.6454574874739665
0.0435507258454307	1.8185666615406568
0.0436007266787779	0.6362173405679542
0.0436507275121252	-0.6171000540476758
0.0437007283454724	-1.5882531105368534
0.0437507291788196	-2.022085452251092
0.0438007300121668	-1.8182853915626915
0.043850730845514	-1.082887082435016
0.0439007316788613	-0.0707614562715084
0.0439507325122085	0.8913172776902318
0.0440007333455557	1.4977989075162217
0.0440507341789029	1.7154469770135905
0.0441007350122502	1.6093916616387836
0.0441507358455974	1.5113978993226078
0.0442007366789446	1.715438611987512
0.0442507375122918	2.515773941030448
0.0443007383456391	3.945612051345909
0.0443507391789863	5.790068714046337
0.0444007400123335	7.603351673205052
0.0444507408456807	8.84593074882578
0.0445007416790279	8.991826265927994
0.0445507425123752	7.820625381158166
0.0446007433457224	5.346012704730021
0.0446507441790696	1.9813587144662528
0.0447007450124168	-1.5932178380894142
0.0447507458457641	-4.647294042009315
0.0448007466791113	-6.605147629128392
0.0448507475124585	-7.108575028993222
0.0449007483458057	-6.199557399952143
0.0449507491791529	-4.236235604068074
0.0450007500125002	-1.8243373198988628
0.0450507508458474	0.4250235553141118
0.0451007516791946	2.064301538436816
0.0451507525125418	2.818376807552168
0.0452007533458891	2.7055081955190263
0.0452507541792363	1.9805715921464728
0.0453007550125835	0.9772933303485558
0.0453507558459307	0.0530899080261561
0.0454007566792779	-0.5905546766176992
0.0454507575126252	-0.95179041949338
0.0455007583459724	-1.1590168832904126
0.0455507591793196	-1.3213608453211545
0.0456007600126668	-1.584397831351786
0.0456507608460141	-2.021257277459651
0.0457007616793613	-2.470309769418157
0.0457507625127085	-2.749543757145668
0.0458007633460557	-2.633067927539309
0.0458507641794029	-2.0476712710106364
0.0459007650127502	-0.9166652634557548
0.0459507658460974	0.5830107046837711
0.0460007666794446	2.181796962980089
0.0460507675127918	3.5959194877035827
0.0461007683461391	4.573670884212541
0.0461507691794863	5.011071406965624
0.0462007700128335	4.9145027170206745
0.0462507708461807	4.495164009153558
0.0463007716795279	3.89854057552948
0.0463507725128752	3.365583435554422
0.0464007733462224	2.9649721112163374
0.0464507741795696	2.7787237574164587
0.0465007750129168	2.6599442524373607
0.0465507758462641	2.518625224040841
0.0466007766796113	2.2796601333427837
0.0466507775129585	1.9309078575561585
0.0467007783463057	1.5153935645365024
0.046750779179653	1.135223858994391
0.0468007800130002	0.9393840795339856
0.0468507808463474	0.9324935033644884
0.0469007816796946	1.151888469608847
0.0469507825130418	1.4151841588326992
0.0470007833463891	1.4917703928383783
0.0470507841797363	1.2265147475055629
0.0471007850130835	0.4536796403106137
0.0471507858464307	-0.841363332231451
0.047200786679778	-2.4871345348966822
0.0472507875131252	-4.27032571678699
0.0473007883464724	-5.825970511289715
0.0473507891798196	-6.903678637261699
0.0474007900131668	-7.34068564420809
0.0474507908465141	-7.01517183240857
0.0475007916798613	-6.0799715643423164
0.0475507925132085	-4.696753637179584
0.0476007933465557	-3.170908568536071
0.047650794179903	-1.7374708727354922
0.0477007950132502	-0.6096258585079433
0.0477507958465974	0.0324838554351464
0.0478007966799446	0.1824152502704533
0.0478507975132918	-0.1499588178592036
0.0479007983466391	-0.8171091521819758
0.0479507991799863	-1.7514626794988948
0.0480008000133335	-2.6836349316452486
0.0480508008466807	-3.4694731067119444
0.048100801680028	-3.888483054663285
0.0481508025133752	-3.848904228148706
0.0482008033467224	-3.3096013621463958
0.0482508041800696	-2.297829985814176
0.0483008050134168	-1.051418724346285
0.0483508058467641	0.206923203077954
0.0484008066801113	1.164359927939279
0.0484508075134585	1.611066372539505
0.0485008083468057	1.457365083303896
0.048550809180153	0.7475362438586748
0.0486008100135002	-0.3211380667790271
0.0486508108468474	-1.4934928352087915
0.0487008116801946	-2.332169901982333
0.0487508125135418	-2.6634182434288816
0.0488008133468891	-2.361868709359133
0.0488508141802363	-1.6111356739374452
0.0489008150135835	-0.6161522846190937
0.0489508158469307	0.3121589075436078
0.049000816680278	0.8053718746339715
0.0490508175136252	0.7735014554479797
0.0491008183469724	0.2163957878769372
0.0491508191803196	-0.6492498874581225
0.0492008200136669	-1.5167552341753487
0.0492508208470141	-2.039642647789759
0.0493008216803613	-2.0275989474891665
0.0493508225137085	-1.4353001345869298
0.0494008233470557	-0.4037490294132114
0.049450824180403	0.7357002902657108
0.0495008250137502	1.6632456327154903
0.0495508258470974	2.1090120227112017
0.0496008266804446	1.9907333453463527
0.0496508275137919	1.384187667940337
0.0497008283471391	0.5803596574936636
0.0497508291804863	-0.0769272130703576
0.0498008300138335	-0.2964482608547284
0.0498508308471807	0.0736923705678284
0.049900831680528	1.0517326809682666
0.0499508325138752	2.3927900476566903
0.0500008333472224	3.792177305110657
0.0500508341805696	4.955581994900895
0.0501008350139169	5.597171563318628
0.0501508358472641	5.688690493191479
0.0502008366806113	5.186733124675065
0.0502508375139585	4.373423436449024
0.0503008383473057	3.361351613752112
0.050350839180653	2.434852499187663
0.0504008400140002	1.6680832336752007
0.0504508408473474	1.1012896817852316
0.0505008416806946	0.6983094195170635
0.0505508425140419	0.3544118774106993
0.0506008433473891	0.0119308979502062
0.0506508441807363	-0.3288866713542317
0.0507008450140835	-0.6664211736567596
0.0507508458474307	-0.9833704392987028
0.050800846680778	-1.284668755504648
0.0508508475141252	-1.5861503160459645
0.0509008483474724	-1.9667191890932576
0.0509508491808196	-2.434329634289272
0.0510008500141669	-3.0515417855194937
0.0510508508475141	-3.758224301236798
0.0511008516808613	-4.454098034605517
0.0511508525142085	-4.929140579094481
0.0512008533475557	-5.06979546934079
0.051250854180903	-4.799438917465125
0.0513008550142502	-4.114126938156987
0.0513508558475974	-3.2272057983955427
0.0514008566809446	-2.320988141576776
0.0514508575142919	-1.646154588226401
0.0515008583476391	-1.3254728234688444
0.0515508591809863	-1.388001455267235
0.0516008600143335	-1.6574224526033143
0.0516508608476808	-1.933076559407063
0.051700861681028	-1.9116841947244685
0.0517508625143752	-1.5755853929673975
0.0518008633477224	-0.8473260804171004
0.0518508641810696	0.0020870129785085
0.0519008650144169	0.674413902696863
0.0519508658477641	0.8362279605975087
0.0520008666811113	0.2976124651777724
0.0520508675144585	-0.8817123573568839
0.0521008683478058	-2.334436028219419
0.052150869181153	-3.658838910769716
0.0522008700145002	-4.25178174386755
0.0522508708478474	-3.8351118120215104
0.0523008716811946	-2.300857935769985
0.0523508725145419	0.0553099241310441
0.0524008733478891	2.6240151536004377
0.0524508741812363	4.719662707853502
0.0525008750145835	5.682522837073046
0.0525508758479308	5.220791940330401
0.052600876681278	3.310435868278934
0.0526508775146252	0.5236647890832891
0.0527008783479724	-2.453556500055014
0.0527508791813196	-4.868251785959719
0.0528008800146669	-6.140645999286183
0.0528508808480141	-6.066136755825736
0.0529008816813613	-4.899969285878351
0.0529508825147085	-3.1791961905951656
0.0530008833480558	-1.628435103253152
0.053050884181403	-0.8831997040780352
0.0531008850147502	-1.1447697000598045
0.0531508858480974	-2.360739858643461
0.0532008866814446	-4.05742654341826
0.0532508875147919	-5.603834868711415
0.0533008883481391	-6.339018649268088
0.0533508891814863	-5.936330663551637
0.0534008900148335	-4.376458552277386
0.0534508908481808	-2.032710562555056
0.053500891681528	0.4528935220351296
0.0535508925148752	2.472170683598809
0.0536008933482224	3.5361657340989368
0.0536508941815697	3.4616278847190203
0.0537008950149169	2.4356078499603115
0.0537508958482641	0.9032755459791262
0.0538008966816113	-0.5937191910553627
0.0538508975149585	-1.6326729985980526
0.0539008983483058	-1.9071390055350923
0.053950899181653	-1.5240801149805934
0.0540009000150002	-0.7279943544765821
0.0540509008483474	0.1440776304230362
0.0541009016816947	0.7731304856314996
0.0541509025150419	1.0481598152807907
0.0542009033483891	0.959020211859728
0.0542509041817363	0.7681657730150192
0.0543009050150835	0.6716617598738606
0.0543509058484308	0.8464219024871227
0.054400906681778	1.2884186275855205
0.0544509075151252	1.814065753577701
0.0545009083484724	2.1230746500815223
0.0545509091818197	2.0443749069872816
0.0546009100151669	1.4069131411611324
0.0546509108485141	0.3853883136721352
0.0547009116818613	-0.7814743017841146
0.0547509125152085	-1.6584454716162544
0.0548009133485558	-1.8651520692700507
0.054850914181903	-1.3001094670602606
0.0549009150152502	0.0007575742485808
0.0549509158485974	1.6401707874171358
0.0550009166819447	3.1566877677170337
0.0550509175152919	4.011957646004691
0.0551009183486391	4.004907856732435
0.0551509191819863	3.0622587333433
0.0552009200153335	1.5611557366993567
0.0552509208486808	0.036349430276822
0.055300921682028	-0.949593510699822
0.0553509225153752	-0.944169507316425
0.0554009233487224	0.1065125987403466
0.0554509241820697	2.0052231086547296
0.0555009250154169	4.195303565651875
0.0555509258487641	5.998697935929785
0.0556009266821113	6.903768923518956
0.0556509275154585	6.619486191972273
0.0557009283488058	5.206222017073015
0.055750929182153	3.123605531376552
0.0558009300155002	1.0407324429820592
0.0558509308488474	-0.4022743097813956
0.0559009316821947	-0.6765582234210465
0.0559509325155419	0.3299762300500285
0.0560009333488891	2.4481514600669705
0.0560509341822363	5.108270089851
0.0561009350155836	7.634161950692325
0.0561509358489308	9.423918825935324
0.056200936682278	9.968400220089922
0.0562509375156252	9.09993799154682
0.0563009383489724	7.058275225476314
0.0563509391823197	4.198557669585476
0.0564009400156669	1.039544313070942
0.0564509408490141	-1.809755174601732
0.0565009416823613	-3.956725106897847
0.0565509425157086	-5.149006081595859
0.0566009433490558	-5.374440032562391
0.056650944182403	-4.763016076450468
0.0567009450157502	-3.621430307999018
0.0567509458490974	-2.228744808407043
0.0568009466824447	-0.9806274402517686
0.0568509475157919	-0.0583250242356809
0.0569009483491391	0.3550396863104057
0.0569509491824863	0.2888816080591837
0.0570009500158336	-0.1613784624071729
0.0570509508491808	-0.7954312826163041
0.057100951682528	-1.3188124828480976
0.0571509525158752	-1.5652467646364716
0.0572009533492224	-1.3960627377104766
0.0572509541825697	-0.830376404447036
0.0573009550159169	-0.0274109235896371
0.0573509558492641	0.69580915068358
0.0574009566826113	1.0075794344443112
0.0574509575159586	0.7272990732842903
0.0575009583493058	-0.2664781838056155
0.057550959182653	-1.760982149192058
0.0576009600160002	-3.401655456889808
0.0576509608493474	-4.621400889273186
0.0577009616826947	-5.020609044736772
0.0577509625160419	-4.330697243083805
0.0578009633493891	-2.522693260168221
0.0578509641827363	0.0891388347402962
0.0579009650160836	2.882451785647285
0.0579509658494308	5.23823703260982
0.058000966682778	6.583494268091045
0.0580509675161252	6.653328323687571
0.0581009683494724	5.5522613218189
0.0581509691828197	3.738344501673811
0.0582009700161669	1.8348967122955413
0.0582509708495141	0.4440177968685086
0.0583009716828613	0.0554107967065952
0.0583509725162086	0.6720695247319564
0.0584009733495558	2.04710907180813
0.058450974182903	3.6836880676094097
0.0585009750162502	4.962692991658988
0.0585509758495975	5.394758933200682
0.0586009766829447	4.873755329625904
0.0586509775162919	3.533814273956614
0.0587009783496391	1.831554847139432
0.0587509791829863	0.327555980958821
0.0588009800163336	-0.50551208726981
0.0588509808496808	-0.507269464100337
0.058900981683028	0.2393333002058596
0.0589509825163752	1.3398758301570437
0.0590009833497225	2.2609942681041133
0.0590509841830697	2.597738126794125
0.0591009850164169	2.212463470627024
0.0591509858497641	1.2281683210096532
0.0592009866831113	0.0187282321051148
0.0592509875164586	-0.8349266128824768
0.0593009883498058	-0.9369631139328328
0.059350989183153	-0.1575800712719474
0.0594009900165002	1.3311145513078524
0.0594509908498475	3.0359064283168697
0.0595009916831947	4.353406401492431
0.0595509925165419	4.679354080708464
0.0596009933498891	3.811481260236389
0.0596509941832363	1.8108410995591535
0.0597009950165836	-0.8398795665905433
0.0597509958499308	-3.4666916064234847
0.059800996683278	-5.405942753687071
0.0598509975166252	-6.208866458889015
0.0599009983499725	-5.769894033446639
0.0599509991833197	-4.405354775935234
0.0600010000166669	-2.6608189447800017
0.0600510008500141	-1.117758880724636
0.0601010016833613	-0.1993205457844855
0.0601510025167086	-0.1539882125973338
0.0602010033500558	-0.7622607296341588
0.060251004183403	-1.6494806203043253
0.0603010050167502	-2.36795259988832
0.0603510058500975	-2.5344380986116444
0.0604010066834447	-2.131307003674608
0.0604510075167919	-1.3542160364363591
0.0605010083501391	-0.537554547874951
0.0605510091834863	-0.1318595867013876
0.0606010100168336	-0.3805653073654594
0.0606510108501808	-1.3280139252311405
0.060701011683528	-2.6654249363554023
0.0607510125168752	-3.940132014898897
0.0608010133502225	-4.667767905587533
0.0608510141835697	-4.5438540432900245
0.0609010150169169	-3.5432119078852016
0.0609510158502641	-1.958285476299682
0.0610010166836114	-0.2676465295363883
0.0610510175169586	0.9025485037102196
0.0611010183503058	1.2197109578925311
0.061151019183653	0.5878365789213207
0.0612010200170002	-0.7802099136332961
0.0612510208503475	-2.3842031760223086
0.0613010216836947	-3.645072126492985
0.0613510225170419	-4.158522910289672
0.0614010233503891	-3.7166327351998154
0.0614510241837364	-2.484096261966348
0.0615010250170836	-0.9031006519997222
0.0615510258504308	0.5176038572899246
0.061601026683778	1.32120255750039
0.0616510275171252	1.3484217304083264
0.0617010283504725	0.7237799715657653
0.0617510291838197	-0.2300584210898973
0.0618010300171669	-1.0791820225502171
0.0618510308505141	-1.392638441548282
0.0619010316838614	-1.0488858243728845
0.0619510325172086	-0.1741102452499692
0.0620010333505558	0.9052325314539272
0.062051034183903	1.6796588260240874
0.0621010350172502	1.7582012224735744
0.0621510358505975	1.0318702753116535
0.0622010366839447	-0.3180265962849423
0.0622510375172919	-2.0012523575477585
0.0623010383506391	-3.3778143330872776
0.0623510391839864	-4.061638598754479
0.0624010400173336	-3.805734740984288
0.0624510408506808	-2.670214331392333
0.062501041684028	-0.9071897606578132
0.0625510425173753	0.8792412422006913
0.0626010433507225	2.253044973463713
0.0626510441840697	2.904153339069377
0.0627010450174169	2.6735710313127647
0.0627510458507641	1.7795350504403489
0.0628010466841114	0.4297440698505488
0.0628510475174586	-0.981202204291944
0.0629010483508058	-2.239191991211141
0.062951049184153	-3.269799267784761
0.0630010500175003	-4.080258245139769
0.0630510508508475	-4.802726797943336
0.0631010516841947	-5.552814450010041
0.0631510525175419	-6.270856275386221
0.0632010533508891	-6.792021478194921
0.0632510541842364	-6.943652536550871
0.0633010550175836	-6.509821403792672
0.0633510558509308	-5.511494165795722
0.063401056684278	-4.018464028778774
0.0634510575176253	-2.4496491202085093
0.0635010583509725	-1.2776936738201583
0.0635510591843197	-0.901981879534149
0.0636010600176669	-1.6235220024635215
0.0636510608510141	-3.319513865758203
0.0637010616843614	-5.679796163357056
0.0637510625177086	-8.13858538523018
0.0638010633510558	-10.08747066722021
0.063851064184403	-11.050912438192812
0.0639010650177503	-10.830430862288807
0.0639510658510975	-9.598050153057995
0.0640010666844447	-7.681807583753258
0.0640510675177919	-5.677657103284636
0.0641010683511392	-3.993229016988152
0.0641510691844864	-2.90359570900113
0.0642010700178336	-2.3927883904989846
0.0642510708511808	-2.2014315308226147
0.064301071684528	-2.01045217053278
0.0643510725178753	-1.5091762946150944
0.0644010733512225	-0.6064422265078666
0.0644510741845697	0.6198902386447039
0.0645010750179169	1.7921204171732603
0.0645510758512642	2.5144526474915514
0.0646010766846114	2.5001616799609154
0.0646510775179586	1.6457389229256327
0.0647010783513058	0.081467593790237
0.064751079184653	-1.7651650880551084
0.0648010800180003	-3.445530437695041
0.0648510808513475	-4.477510208733044
0.0649010816846947	-4.629262544357165
0.0649510825180419	-3.883631299321473
0.0650010833513892	-2.529141688747039
0.0650510841847364	-0.90616447485264
0.0651010850180836	0.4891737058644739
0.0651510858514308	1.4572850746025687
0.065201086684778	1.89720832437418
0.0652510875181253	1.9339164985999349
0.0653010883514725	1.7727253885035612
0.0653510891848197	1.6464961125625406
0.0654010900181669	1.6177608729423938
0.0654510908515142	1.6098333046092657
0.0655010916848614	1.5032007698601082
0.0655510925182086	1.0249394732246786
0.0656010933515558	0.0440241986345509
0.065651094184903	-1.4352233211056924
0.0657010950182503	-3.2257020468277813
0.0657510958515975	-4.920711187816955
0.0658010966849447	-6.175151386494296
0.0658510975182919	-6.685696528366111
0.0659010983516392	-6.352422922292107
0.0659510991849864	-5.370420061884115
0.0660011000183336	-4.004130744649772
0.0660511008516808	-2.7388390890590872
0.066101101685028	-1.8618612060865192
0.0661511025183753	-1.5427473552012745
0.0662011033517225	-1.7304631695166892
0.0662511041850697	-2.151055972297514
0.0663011050184169	-2.5307055616425536
0.0663511058517642	-2.5527238672066583
0.0664011066851114	-2.063258351200132
0.0664511075184586	-1.137746494226076
0.0665011083518058	-0.0219488018132293
0.0665511091851531	0.9785551922736178
0.0666011100185003	1.520251222445785
0.0666511108518475	1.5419343938418324
0.0667011116851947	0.9429118306376052
0.0667511125185419	-0.0334141555043392
0.0668011133518892	-1.230872450813016
0.0668511141852364	-2.4047943814354005
0.0669011150185836	-3.381579005192784
0.0669511158519308	-4.157716930483815
0.0670011166852781	-4.742984694922429
0.0670511175186253	-5.180532001564911
0.0671011183519725	-5.435773714850801
0.0671511191853197	-5.4295390002358825
0.0672011200186669	-4.995398825177347
0.0672511208520142	-4.016526989116886
0.0673011216853614	-2.4748588797506623
0.0673511225187086	-0.5806900927080743
0.0674011233520558	1.3271609807750728
0.0674511241854031	2.7998441488457693
0.0675011250187503	3.430889066459498
0.0675511258520975	3.0002118905315256
0.0676011266854447	1.6395883236381112
0.0676511275187919	-0.2893500499792866
0.0677011283521392	-2.189092023981512
0.0677511291854864	-3.3448300407437426
0.0678011300188336	-3.3999726211682164
0.0678511308521808	-2.262184777776997
0.0679011316855281	-0.2538299702391054
0.0679511325188753	1.929188898095656
0.0680011333522225	3.594255241415569
0.0680511341855697	4.074426115856912
0.0681011350189169	3.178798059634147
0.0681511358522642	1.1921864701710203
0.0682011366856114	-1.265447494196963
0.0682511375189586	-3.206610806442718
0.0683011383523058	-3.897740471749338
0.0683511391856531	-2.8569941856042957
0.0684011400190003	-0.1861834360221843
0.0684511408523475	3.462187848262495
0.0685011416856947	7.114251730917794
0.0685511425190419	9.7629214665432
0.0686011433523892	10.652542885025897
0.0686511441857364	9.611012374345409
0.0687011450190836	6.974247448769857
0.0687511458524308	3.615961160512065
0.0688011466857781	0.5707532272085615
0.0688511475191253	-1.318755579220655
0.0689011483524725	-1.628947418592059
0.0689511491858197	-0.4696368221956107
0.069001150019167	1.5093485904851676
0.0690511508525142	3.4437644770003137
0.0691011516858614	4.458686245356172
0.0691511525192086	4.129913436002411
0.0692011533525558	2.423939266049355
0.0692511541859031	-0.2011169943190206
0.0693011550192503	-2.878190261981741
0.0693511558525975	-4.837836277166114
0.0694011566859447	-5.503007780353704
0.069451157519292	-4.752425305797432
0.0695011583526392	-2.878981125898245
0.0695511591859864	-0.5736290266096249
0.0696011600193336	1.467714100886306
0.0696511608526808	2.660517819636465
0.0697011616860281	2.757999495321267
0.0697511625193753	1.989682644331688
0.0698011633527225	0.7532670967826213
0.0698511641860697	-0.39112000017295
0.069901165019417	-1.0745845597040689
0.0699511658527642	-1.1453451033512816
0.0700011666861114	-0.8260256507397328
0.0700511675194586	-0.457048607670771
0.0701011683528058	-0.4935979373617071
0.0701511691861531	-1.1781713187737042
0.0702011700195003	-2.4477380126984345
0.0702511708528475	-4.024199246061239
0.0703011716861947	-5.357138042955567
0.070351172519542	-5.937623045722441
0.0704011733528892	-5.525163395476187
0.0704511741862364	-4.151590231118103
0.0705011750195836	-2.196026983184196
0.0705511758529308	-0.2643844216877083
0.0706011766862781	1.051258995955329
0.0706511775196253	1.3362041630141397
0.0707011783529725	0.553397005012972
0.0707511791863197	-0.959257975435846
0.070801180019667	-2.6652305560641465
0.0708511808530142	-3.925426876186145
0.0709011816863614	-4.277170076174261
0.0709511825197086	-3.6642287649369023
0.0710011833530558	-2.284861247833798
0.0710511841864031	-0.6812910388814812
0.0711011850197503	0.5044159660870062
0.0711511858530975	0.84398755088152
0.0712011866864447	0.1262068230823232
0.071251187519792	-1.4097872681211163
0.0713011883531392	-3.2481917955894954
0.0713511891864864	-4.7377576071675405
0.0714011900198336	-5.400438757247351
0.0714511908531809	-4.931350180092117
0.0715011916865281	-3.3814124266490984
0.0715511925198753	-1.176909559139573
0.0716011933532225	1.1424344092875105
0.0716511941865697	2.9647078379691028
0.071701195019917	4.023038080783364
0.0717511958532642	4.186478728688717
0.0718011966866114	3.675122129828886
0.0718511975199586	2.879652613269931
0.0719011983533059	2.219397640421153
0.0719511991866531	1.963913563302375
0.0720012000200003	2.165523604954843
0.0720512008533475	2.672604501032748
0.0721012016866947	3.213651373532061
0.072151202520042	3.417730510515549
0.0722012033533892	3.146936403972082
0.0722512041867364	2.402182811998604
0.0723012050200836	1.3042140732611096
0.0723512058534309	0.1420968181829758
0.0724012066867781	-0.7799354455310343
0.0724512075201253	-1.2248595718600912
0.0725012083534725	-1.1305569456923237
0.0725512091868197	-0.5662650586254422
0.072601210020167	0.2897820003781008
0.0726512108535142	1.2271605833495238
0.0727012116868614	2.009236510137008
0.0727512125202086	2.547552208568576
0.0728012133535559	2.7473783562326872
0.0728512141869031	2.602953515264693
0.0729012150202503	2.069307793219808
0.0729512158535975	1.1842791985879746
0.0730012166869447	-0.0782855968462289
0.073051217520292	-1.5870574219090647
0.0731012183536392	-3.223244498661665
0.0731512191869864	-4.723829451481797
0.0732012200203336	-5.774181649069811
0.0732512208536809	-6.062541816951858
0.0733012216870281	-5.473473891356798
0.0733512225203753	-3.992978323525789
0.0734012233537225	-1.8905213603882165
0.0734512241870697	0.4198245453623766
0.073501225020417	2.418893721644818
0.0735512258537642	3.773501129745984
0.0736012266871114	4.256679844624232
0.0736512275204586	3.939397693197627
0.0737012283538059	3.160795902591227
0.0737512291871531	2.3108573070441967
0.0738012300205003	1.8281135764103835
0.0738512308538475	1.8703037461034664
0.0739012316871948	2.3569911358005373
0.073951232520542	2.901282903887965
0.0740012333538892	3.063165652302435
0.0740512341872364	2.3801450626401173
0.0741012350205836	0.7600863932944885
0.0741512358539309	-1.6926344218386036
0.0742012366872781	-4.373094133220892
0.0742512375206253	-6.542751200122924
0.0743012383539725	-7.500251041018712
0.0743512391873198	-6.846577039323855
0.074401240020667	-4.63110332132787
0.0744512408540142	-1.3892490749270971
0.0745012416873614	2.022360816443387
0.0745512425207086	4.579908537502696
0.0746012433540559	5.503631940571858
0.0746512441874031	4.482237225076286
0.0747012450207503	1.723634178963478
0.0747512458540975	-2.097264760475328
0.0748012466874448	-5.966135817521013
0.074851247520792	-8.934711365565134
0.0749012483541392	-10.378548714063788
0.0749512491874864	-10.15290101398422
0.0750012500208336	-8.569240367653187
0.0750512508541809	-6.298974844959351
0.0751012516875281	-4.24147230443409
0.0751512525208753	-2.9181430556686525
0.0752012533542225	-2.6599554495977475
0.0752512541875698	-3.294863331587056
0.075301255020917	-4.391258692968725
0.0753512558542642	-5.302835312783131
0.0754012566876114	-5.636414040061118
0.0754512575209586	-5.044219897602781
0.0755012583543059	-3.659107984207425
0.0755512591876531	-1.8699183879466847
0.0756012600210003	-0.0687581643144961
0.0756512608543475	1.2661044648248605
0.0757012616876948	1.9702521513522695
0.075751262521042	2.094201957864492
0.0758012633543892	1.921189433475668
0.0758512641877364	1.742534439652328
0.0759012650210836	1.8133740799504976
0.0759512658544309	2.225512419241221
0.0760012666877781	2.718087221261734
0.0760512675211253	3.057231019569271
0.0761012683544725	2.9427943333423485
0.0761512691878198	2.180516856416408
0.076201270021167	0.8941422780947441
0.0762512708545142	-0.6640416722283995
0.0763012716878614	-2.0970411383821217
0.0763512725212087	-2.996019563722626
0.0764012733545559	-3.2552440582025834
0.0764512741879031	-2.933877002795483
0.0765012750212503	-2.288624013973173
0.0765512758545975	-1.7904890353260676
0.0766012766879448	-1.7731663121445431
0.076651277521292	-2.4216109337631497
0.0767012783546392	-3.4971594752814923
0.0767512791879864	-4.663708111020939
0.0768012800213337	-5.343375480607525
0.0768512808546809	-5.1454280717609215
0.0769012816880281	-3.9371529411222617
0.0769512825213753	-1.9659269954758436
0.0770012833547225	0.2319444713381738
0.0770512841880698	1.9146447302391163
0.077101285021417	2.468291238637284
0.0771512858547642	1.55012078827749
0.0772012866881114	-0.7308924753726107
0.0772512875214587	-3.7641502343340623
0.0773012883548059	-6.76969512199968
0.0773512891881531	-8.825215209381499
0.0774012900215003	-9.341782058607116
0.0774512908548475	-8.133072638600945
0.0775012916881948	-5.478167209778897
0.077551292521542	-2.059433405383892
0.0776012933548892	1.2853570230914784
0.0776512941882364	3.828856253512977
0.0777012950215837	5.205537619601315
0.0777512958549309	5.350756063357731
0.0778012966882781	4.713655003641082
0.0778512975216253	3.736026979947908
0.0779012983549725	3.000331924299905
0.0779512991883198	2.8743224999325454
0.078001300021667	3.2958937157496075
0.0780513008550142	4.034008011503449
0.0781013016883614	4.630702076408754
0.0781513025217087	4.805256375057269
0.0782013033550559	4.357620636882446
0.0782513041884031	3.3162402934351545
0.0783013050217503	2.017617451509168
0.0783513058550975	0.8729803802402132
0.0784013066884448	0.1433370609891544
0.078451307521792	-0.0718480107433893
0.0785013083551392	0.1678176698560761
0.0785513091884864	0.4161455656491729
0.0786013100218337	0.4193232879838227
0.0786513108551809	-0.1177633694435568
0.0787013116885281	-1.1919982829859972
0.0787513125218753	-2.550173349317929
0.0788013133552226	-3.7758436636467234
0.0788513141885698	-4.375196195940258
0.078901315021917	-4.056485626080157
0.0789513158552642	-2.7989005355119243
0.0790013166886114	-0.9149544979465836
0.0790513175219587	1.0416440512059468
0.0791013183553059	2.5580412077978965
0.0791513191886531	3.1540473607500026
0.0792013200220003	2.6993040440778024
0.0792513208553476	1.41690022321218
0.0793013216886948	-0.2069302500218784
0.079351322522042	-1.5951639577410597
0.0794013233553892	-2.3202426310119755
0.0794513241887364	-2.130811064592664
0.0795013250220837	-1.1996290705193615
0.0795513258554309	0.019591685206036
0.0796013266887781	1.0781172234206124
0.0796513275221253	1.4597291646106667
0.0797013283554726	0.991310663600039
0.0797513291888198	-0.0535583572182667
0.079801330022167	-1.3323974791938251
0.0798513308555142	-2.206211498908392
0.0799013316888614	-2.266322915038553
0.0799513325222087	-1.2424193540985913
0.0800013333555559	0.6903578498664067
0.0800513341889031	3.065482558209564
0.0801013350222503	5.176056906874734
0.0801513358555976	6.446769010143574
0.0802013366889448	6.411636450064488
0.080251337522292	5.090178004645454
0.0803013383556392	2.74789658802998
0.0803513391889864	-0.0572769953224283
0.0804013400223337	-2.7196315202469203
0.0804513408556809	-4.786732588297588
0.0805013416890281	-5.964313781562437
0.0805513425223753	-6.383523348671254
0.0806013433557226	-6.281379586317866
0.0806513441890698	-6.034358460771979
0.080701345022417	-5.848311843783496
0.0807513458557642	-5.941788578806573
0.0808013466891115	-6.143963866795864
0.0808513475224587	-6.287322950637028
0.0809013483558059	-6.13408754528096
0.0809513491891531	-5.637793011305902
0.0810013500225003	-4.855460296144726
0.0810513508558476	-4.009002891696156
0.0811013516891948	-3.4183743011331047
0.081151352522542	-3.388678072722791
0.0812013533558892	-4.005265502990538
0.0812513541892365	-5.2089911299508405
0.0813013550225837	-6.708052016731046
0.0813513558559309	-8.061810954695408
0.0814013566892781	-8.876227197541771
0.0814513575226253	-8.901730998449619
0.0815013583559726	-8.080493788327967
0.0815513591893198	-6.606264424046887
0.081601360022667	-4.796488262006784
0.0816513608560142	-3.0441065287617826
0.0817013616893615	-1.6636121436263642
0.0817513625227087	-0.7535839942688191
0.0818013633560559	-0.3110172926164666
0.0818513641894031	-0.2158598741321102
0.0819013650227503	-0.2601134596840604
0.0819513658560976	-0.2846252905957419
0.0820013666894448	-0.257363648078892
0.082051367522792	-0.1430307589471879
0.0821013683561392	-0.0978255155206525
0.0821513691894865	-0.1195425995408161
0.0822013700228337	-0.2256467714018925
0.0822513708561809	-0.3587869028222236
0.0823013716895281	-0.4424266036861978
0.0823513725228753	-0.3333314846241612
0.0824013733562226	0.0083212067959805
0.0824513741895698	0.4849164980000812
0.082501375022917	0.9882616353890528
0.0825513758562642	1.3439340170267438
0.0826013766896115	1.4901401170092052
0.0826513775229587	1.3613035289987394
0.0827013783563059	1.144791371043115
0.0827513791896531	0.983344466242544
0.0828013800230003	1.0744389864621129
0.0828513808563476	1.561117463213216
0.0829013816896948	2.282801740942194
0.082951382523042	3.025490486755994
0.0830013833563892	3.433771737474119
0.0830513841897365	3.196047995233702
0.0831013850230837	2.1316019341847428
0.0831513858564309	0.344104010495706
0.0832013866897781	-1.796869862886451
0.0832513875231254	-3.7905418958619537
0.0833013883564726	-5.045503788205109
0.0833513891898198	-5.202072927698191
0.083401390023167	-4.191575520587074
0.0834513908565142	-2.3632417746812573
0.0835013916898615	-0.2516320758429009
0.0835513925232087	1.450037599326348
0.0836013933565559	2.200298211858966
0.0836513941899031	1.748029363748178
0.0837013950232504	0.3392035536929698
0.0837513958565976	-1.5558706039923125
0.0838013966899448	-3.1907699246535497
0.083851397523292	-3.9640411578961503
0.0839013983566392	-3.5843119645723767
0.0839513991899865	-2.133043025060375
0.0840014000233337	-0.1227169478266604
0.0840514008566809	1.713432339091732
0.0841014016900281	2.6341518134010107
0.0841514025233754	2.262625820261455
0.0842014033567226	0.6335274288269984
0.0842514041900698	-1.839986776009776
0.084301405023417	-4.347426575437642
0.0843514058567642	-6.103994516658958
0.0844014066901115	-6.605951804366289
0.0844514075234587	-5.626835207508087
0.0845014083568059	-3.616550806253074
0.0845514091901531	-1.2116978141458827
0.0846014100235004	0.7174449191902175
0.0846514108568476	1.5911705200107304
0.0847014116901948	1.063977436630798
0.084751412523542	-0.5597597545943258
0.0848014133568892	-2.7393353527957127
0.0848514141902365	-4.66836846845994
0.0849014150235837	-5.649374883267002
0.0849514158569309	-5.430556128965909
0.0850014166902781	-4.061055937631312
0.0850514175236254	-2.21821987704909
0.0851014183569726	-0.5247211967546237
0.0851514191903198	0.2443498763269365
0.085201420023667	-0.2449444725924998
0.0852514208570142	-1.9056142823169335
0.0853014216903615	-4.2337776279375765
0.0853514225237087	-6.488508163360963
0.0854014233570559	-7.912001458357318
0.0854514241904031	-8.117821775835653
0.0855014250237504	-7.059542814543822
0.0855514258570976	-5.14606965943496
0.0856014266904448	-3.081092335672224
0.085651427523792	-1.6181863124475382
0.0857014283571393	-1.3096703490878272
0.0857514291904865	-2.22559282937393
0.0858014300238337	-4.073291406352998
0.0858514308571809	-6.18305526345877
0.0859014316905281	-7.781539879731308
0.0859514325238754	-8.320633002741188
0.0860014333572226	-7.523797184387517
0.0860514341905698	-5.596303231114957
0.086101435023917	-2.957535444955615
0.0861514358572643	-0.417716890935889
0.0862014366906115	1.4954231934291935
0.0862514375239587	2.418171383490824
0.0863014383573059	2.325087242101988
0.0863514391906531	1.489819357399191
0.0864014400240004	0.3820728525100033
0.0864514408573476	-0.5693133468205172
0.0865014416906948	-1.1068779145913452
0.086551442524042	-1.1082069384313025
0.0866014433573893	-0.82204654239537
0.0866514441907365	-0.5480916088895438
0.0867014450240837	-0.4943558394416312
0.0867514458574309	-0.7594189315691245
0.0868014466907781	-1.280643071556581
0.0868514475241254	-1.7878016146361282
0.0869014483574726	-2.032556052514758
0.0869514491908198	-1.7828067344383367
0.087001450024167	-1.0158188177573657
0.0870514508575143	0.078803990060202
0.0871014516908615	1.1653904100246542
0.0871514525242087	1.846432823072758
0.0872014533575559	1.909939338551784
0.0872514541909031	1.2898943335111015
0.0873014550242504	0.1737173090868332
0.0873514558575976	-1.0772083906174148
0.0874014566909448	-2.05507917108612
0.087451457524292	-2.487510394938961
0.0875014583576393	-2.296009302350793
0.0875514591909865	-1.623845825534309
0.0876014600243337	-0.8318021225289083
0.0876514608576809	-0.2949489085254987
0.0877014616910281	-0.3209950152758797
0.0877514625243754	-0.9996180877026708
0.0878014633577226	-2.160565574542088
0.0878514641910698	-3.451028335526608
0.087901465024417	-4.426453710965682
0.0879514658577643	-4.698299871733386
0.0880014666911115	-4.107824242351769
0.0880514675244587	-2.7290616277857063
0.0881014683578059	-0.8364258008340157
0.0881514691911532	1.1415532514808349
0.0882014700245004	2.733849931590071
0.0882514708578476	3.764957973031817
0.0883014716911948	4.101027019602386
0.088351472524542	3.882678832116613
0.0884014733578893	3.418817141902099
0.0884514741912365	2.9860461122068043
0.0885014750245837	2.8619855210585468
0.0885514758579309	3.167900769719957
0.0886014766912782	3.835274466255735
0.0886514775246254	4.755782319802722
0.0887014783579726	5.68757104059224
0.0887514791913198	6.431784314870033
0.088801480024667	6.849435954111516
0.0888514808580143	6.832019017258211
0.0889014816913615	6.416492496575045
0.0889514825247087	5.6006611848029335
0.0890014833580559	4.455655489034484
0.0890514841914032	3.150849501529727
0.0891014850247504	1.7820908126625223
0.0891514858580976	0.5901765359557858
0.0892014866914448	-0.1870660543856558
0.089251487524792	-0.3780944232716762
0.0893014883581393	0.1625822369007137
0.0893514891914865	1.407332756415927
0.0894014900248337	3.122893872285163
0.0894514908581809	4.932086647762458
0.0895014916915282	6.276320303322721
0.0895514925248754	6.726160019493195
0.0896014933582226	5.963332150498006
0.0896514941915698	4.018063974411189
0.089701495024917	1.1891962885265648
0.0897514958582643	-1.874912262547911
0.0898014966916115	-4.511637800156366
0.0898514975249587	-6.012310816054016
0.0899014983583059	-6.085364108757012
0.0899514991916532	-4.729437800616381
0.0900015000250004	-2.3614987173002318
0.0900515008583476	0.2997804679291866
0.0901015016916948	2.445730468273405
0.090151502525042	3.570882884547254
0.0902015033583893	3.304931203289281
0.0902515041917365	1.900272215016644
0.0903015050250837	-0.1594683185457532
0.0903515058584309	-2.171456131928077
0.0904015066917782	-3.4898200113098743
0.0904515075251254	-3.699016597846717
0.0905015083584726	-2.805384060805067
0.0905515091918198	-1.107927439471727
0.0906015100251671	0.8338736291482416
0.0906515108585143	2.3659363881731665
0.0907015116918615	3.058442376657522
0.0907515125252087	2.8184485527319283
0.0908015133585559	1.820578140056022
0.0908515141919032	0.5414341283199099
0.0909015150252504	-0.4901400077451432
0.0909515158585976	-0.8133147782474347
0.0910015166919448	-0.3484113694758319
0.0910515175252921	0.8464193202458036
0.0911015183586393	2.3711084905359545
0.0911515191919865	3.685904249132725
0.0912015200253337	4.324904108201452
0.0912515208586809	4.099677978131464
0.0913015216920282	2.946780999489543
0.0913515225253754	1.1249220603750063
0.0914015233587226	-0.9124332300292304
0.0914515241920698	-2.801389828865166
0.0915015250254171	-4.165897840473239
0.0915515258587643	-4.816696267187777
0.0916015266921115	-4.738713627261916
0.0916515275254587	-4.072540725389252
0.0917015283588059	-2.948040668808798
0.0917515291921532	-1.5294394376126594
0.0918015300255004	0.0611157336427366
0.0918515308588476	1.714957290066288
0.0919015316921948	3.317942559436439
0.0919515325255421	4.701346138422885
0.0920015333588893	5.626512092549586
0.0920515341922365	5.882978526419297
0.0921015350255837	5.241322075527642
0.0921515358589309	3.788579290714997
0.0922015366922782	1.660540487450742
0.0922515375256254	-0.7406860334778184
0.0923015383589726	-2.942568143171616
0.0923515391923198	-4.433222427758387
0.0924015400256671	-4.938122056805189
0.0924515408590143	-4.363402142327132
0.0925015416923615	-2.94549880492262
0.0925515425257087	-1.076352301006755
0.0926015433590559	0.7201571834676779
0.0926515441924032	1.9914841905262264
0.0927015450257504	2.563122887439132
0.0927515458590976	2.467475740582823
0.0928015466924448	1.9802548239402404
0.0928515475257921	1.49088983769911
0.0929015483591393	1.3493517596754767
0.0929515491924865	1.695315254381447
0.0930015500258337	2.382778221761394
0.093051550859181	3.1420677977781013
0.0931015516925282	3.5231244848163907
0.0931515525258754	3.205515205524389
0.0932015533592226	2.114377050394638
0.0932515541925698	0.4057621431931739
0.0933015550259171	-1.4848452826698129
0.0933515558592643	-3.01763019853692
0.0934015566926115	-3.6532605772382927
0.0934515575259587	-3.200759226476311
0.093501558359306	-1.7601468405173772
0.0935515591926532	0.2680120365468564
0.0936015600260004	2.2693116121713093
0.0936515608593476	3.6599356534438345
0.0937015616926948	3.985504680207652
0.0937515625260421	3.259189172821667
0.0938015633593893	1.7418318883207489
0.0938515641927365	-0.0236591718923743
0.0939015650260837	-1.399783127625155
0.093951565859431	-1.910534104222748
0.0940015666927782	-1.4222817803888033
0.0940515675261254	-0.1601514468185043
0.0941015683594726	1.5015682779403896
0.0941515691928198	2.910060630151277
0.0942015700261671	3.674526723815564
0.0942515708595143	3.505828123208913
0.0943015716928615	2.499132729001584
0.0943515725262087	1.030461649761734
0.094401573359556	-0.4411934363896419
0.0944515741929032	-1.439598850640737
0.0945015750262504	-1.7217849773684906
0.0945515758595976	-1.326243707699474
0.0946015766929448	-0.5683153815215075
0.0946515775262921	0.1667000025337423
0.0947015783596393	0.4782613887730613
0.0947515791929865	0.1678433025498731
0.0948015800263337	-0.7172367485930897
0.094851580859681	-1.891302557934316
0.0949015816930282	-2.9491852052706955
0.0949515825263754	-3.509240364920549
0.0950015833597226	-3.3320194713525075
0.0950515841930698	-2.4862294707945423
0.0951015850264171	-1.2080130717786437
0.0951515858597643	0.0527602226559912
0.0952015866931115	0.916459858508892
0.0952515875264587	1.1182840614470555
0.095301588359806	0.6743887582594646
0.0953515891931532	-0.2665331527785368
0.0954015900265004	-1.3250634550808087
0.0954515908598476	-2.176524462503543
0.0955015916931949	-2.5197705492862656
0.0955515925265421	-2.3622964091875915
0.0956015933598893	-1.8153687370483105
0.0956515941932365	-1.184160989599934
0.0957015950265837	-0.7915493501422008
0.095751595859931	-0.7615907720757902
0.0958015966932782	-1.1649508354084728
0.0958515975266254	-1.8011674170930454
0.0959015983599726	-2.403048160754336
0.0959515991933199	-2.695990056454995
0.0960016000266671	-2.556374514835313
0.0960516008600143	-2.081389766920512
0.0961016016933615	-1.4963254838178217
0.0961516025267087	-1.135405152763031
0.096201603360056	-1.3401294175252187
0.0962516041934032	-2.275523727452234
0.0963016050267504	-3.8865844837149366
0.0963516058600976	-5.8778324569989735
0.0964016066934449	-7.771865295368895
0.0964516075267921	-9.12286815596156
0.0965016083601393	-9.529542446798398
0.0965516091934865	-8.91795757249861
0.0966016100268337	-7.48112409464784
0.096651610860181	-5.607018693469952
0.0967016116935282	-3.8444968498291474
0.0967516125268754	-2.6536187103833004
0.0968016133602226	-2.4013015070911603
0.0968516141935699	-3.0391937267612392
0.0969016150269171	-4.426611844105845
0.0969516158602643	-6.078252287990575
0.0970016166936115	-7.539852808402666
0.0970516175269587	-8.398255763432953
0.097101618360306	-8.40430192278779
0.0971516191936532	-7.480441568024744
0.0972016200270004	-5.86897043319515
0.0972516208603476	-3.8769777654495217
0.0973016216936949	-1.9215056678428248
0.0973516225270421	-0.320227481890426
0.0974016233603893	0.7349582085998322
0.0974516241937365	1.2094175897632438
0.0975016250270837	1.2154494855285145
0.097551625860431	0.9675845001282484
0.0976016266937782	0.7185510724075366
0.0976516275271254	0.7466759205326325
0.0977016283604726	1.185427619885639
0.0977516291938199	2.0328966259213885
0.0978016300271671	3.274556305090433
0.0978516308605143	4.664581777770907
0.0979016316938615	5.908771160054012
0.0979516325272088	6.7517217754245
0.098001633360556	6.976380215868533
0.0980516341939032	6.52150117279749
0.0981016350272504	5.428510335061159
0.0981516358605976	3.935787574636319
0.0982016366939449	2.363701465303901
0.0982516375272921	1.0106082482348906
0.0983016383606393	0.1897840293953398
0.0983516391939865	-0.0317486622101443
0.0984016400273338	0.2875382901825253
0.098451640860681	0.8915890116992582
0.0985016416940282	1.3621654703798205
0.0985516425273754	1.34220267267214
0.0986016433607226	0.6192182892316986
0.0986516441940699	-0.8565481231418012
0.0987016450274171	-2.813775893445577
0.0987516458607643	-4.935231713300049
0.0988016466941115	-6.677714186460804
0.0988516475274588	-7.636535742312877
0.098901648360806	-7.537152812526721
0.0989516491941532	-6.441532536266442
0.0990016500275004	-4.677415657298796
0.0990516508608476	-2.7057891777969973
0.0991016516941949	-1.0831939786054945
0.0991516525275421	-0.1261699041464036
0.0992016533608893	-0.049497669855773
0.0992516541942365	-0.7175879054050489
0.0993016550275838	-1.779836445155257
0.099351655860931	-2.831981489869796
0.0994016566942782	-3.491315959687473
0.0994516575276254	-3.603255361632372
0.0995016583609726	-3.1768809998630694
0.0995516591943199	-2.4848209127235337
0.0996016600276671	-1.831725431831687
0.0996516608610143	-1.5138255985431632
0.0997016616943615	-1.5898735577277865
0.0997516625277088	-1.9923447690436624
0.099801663361056	-2.4222318757097803
0.0998516641944032	-2.448050866090804
0.0999016650277504	-1.8443986044984928
0.0999516658610976	-0.4926681600769701
0.1000016666944449	1.474438805007908
0.1000516675277921	3.5914790701677664
0.1001016683611393	5.314820587542071
0.1001516691944865	6.264804519573897
0.1002016700278338	6.073831619754468
0.100251670861181	4.856791067342221
0.1003016716945282	2.909516970511741
0.1003516725278754	0.8210129548722421
0.1004016733612227	-0.9377670585770376
0.1004516741945699	-1.9455297231653572
0.1005016750279171	-2.1513647047754856
0.1005516758612643	-1.7998378288700434
0.1006016766946115	-1.25297757721267
0.1006516775279588	-1.0973548070501358
0.100701678361306	-1.6266571984034734
0.1007516791946532	-2.906281556571819
0.1008016800280004	-4.667403105908569
0.1008516808613477	-6.363893156114487
0.1009016816946949	-7.37514000805694
0.1009516825280421	-7.228790969511936
0.1010016833613893	-5.631098138880857
0.1010516841947365	-2.796267027928768
0.1011016850280838	0.7620720307556791
0.101151685861431	4.318052489331487
0.1012016866947782	7.101469359715903
0.1012516875281254	8.573822595100502
0.1013016883614727	8.551993639989295
0.1013516891948199	7.253646764547226
0.1014016900281671	5.128834166816619
0.1014516908615143	2.800027916762123
0.1015016916948615	0.9966293436954808
0.1015516925282088	-0.008981603523974
0.101601693361556	-0.0889856154850091
0.1016516941949032	0.6095532790185917
0.1017016950282504	1.6902415950751726
0.1017516958615977	2.756063449966982
0.1018016966949449	3.529085044900647
0.1018516975282921	3.8971573962077626
0.1019016983616393	3.928575600845642
0.1019516991949865	3.7939782428813857
0.1020017000283338	3.765304807602268
0.102051700861681	3.968639531948
0.1021017016950282	4.467707833004894
0.1021517025283754	5.075925106158163
0.1022017033617227	5.632402383592497
0.1022517041950699	5.797159870330698
0.1023017050284171	5.445520993672598
0.1023517058617643	4.512455315839035
0.1024017066951115	3.0728001038349007
0.1024517075284588	1.2909022709189126
0.102501708361806	-0.5743767838476268
0.1025517091951532	-2.3541377595516297
0.1026017100285004	-3.8702907951400753
0.1026517108618477	-5.107177893517148
0.1027017116951949	-6.041259875571736
0.1027517125285421	-6.730937389989791
0.1028017133618893	-7.156937326147332
0.1028517141952366	-7.304012783348854
0.1029017150285838	-7.169780887589152
0.102951715861931	-6.62335897493195
0.1030017166952782	-5.778323697735011
0.1030517175286254	-4.661976189176479
0.1031017183619727	-3.46884808338207
0.1031517191953199	-2.438616662237429
0.1032017200286671	-1.7714903429797508
0.1032517208620143	-1.5551652931306457
0.1033017216953616	-1.7509754733658691
0.1033517225287088	-2.210485742587379
0.103401723362056	-2.675203013305527
0.1034517241954032	-2.8533187920603846
0.1035017250287504	-2.481053409194536
0.1035517258620977	-1.558742063117028
0.1036017266954449	-0.1043669416905279
0.1036517275287921	1.6508354190065742
0.1037017283621393	3.36270362331342
0.1037517291954866	4.7460035838608645
0.1038017300288338	5.496777998615099
0.103851730862181	5.586910774797165
0.1039017316955282	5.038488096171982
0.1039517325288754	4.104078211186071
0.1040017333622227	3.097450152579712
0.1040517341955699	2.2992891457557096
0.1041017350289171	1.951321609957268
0.1041517358622643	2.1382727905856016
0.1042017366956116	2.8178494075558302
0.1042517375289588	3.843699072149424
0.104301738362306	5.034975893369651
0.1043517391956532	6.084149996833915
0.1044017400290004	6.83575212035579
0.1044517408623477	7.157080856514323
0.1045017416956949	6.982422426742888
0.1045517425290421	6.391657418777206
0.1046017433623893	5.43320180298995
0.1046517441957366	4.311722801932929
0.1047017450290838	3.118295962819684
0.104751745862431	1.976325781291824
0.1048017466957782	1.0136041331968657
0.1048517475291255	0.2782160008813649
0.1049017483624727	-0.215754708144263
0.1049517491958199	-0.4859051841287395
0.1050017500291671	-0.6612324937234061
0.1050517508625143	-0.7358407545254413
0.1051017516958616	-0.7633193783085941
0.1051517525292088	-0.8126105101857167
0.105201753362556	-0.8523460794733125
0.1052517541959032	-0.8384906022946835
0.1053017550292505	-0.6751699366835847
0.1053517558625977	-0.4008202852990636
0.1054017566959449	-0.0321705903567189
0.1054517575292921	0.4479807135871373
0.1055017583626393	0.8128039912823737
0.1055517591959866	0.9850149397178072
0.1056017600293338	0.8671679079053116
0.105651760862681	0.3768719730256955
0.1057017616960282	-0.4249157266979085
0.1057517625293755	-1.389773697510548
0.1058017633627227	-2.3431386631290674
0.1058517641960699	-2.9981732489012933
0.1059017650294171	-3.2297464412112693
0.1059517658627643	-2.93348136215097
0.1060017666961116	-2.132351360155889
0.1060517675294588	-1.014162357722324
0.106101768362806	0.1936388845801887
0.1061517691961532	1.224321084133878
0.1062017700295005	1.8434959123198924
0.1062517708628477	1.9084441975147564
0.1063017716961949	1.494776395598977
0.1063517725295421	0.7669774654527693
0.1064017733628893	-0.1472488130936141
0.1064517741962366	-0.9768313754940656
0.1065017750295838	-1.5583941702547786
0.106551775862931	-1.7522788172681016
0.1066017766962782	-1.604728831504887
0.1066517775296255	-1.246549449410296
0.1067017783629727	-0.7418981401888697
0.1067517791963199	-0.301176890422787
0.1068017800296671	0.0232549080820831
0.1068517808630143	0.1458798329164328
0.1069017816963616	0.1455140430421759
0.1069517825297088	0.0284315492747357
0.107001783363056	-0.0940174664806595
0.1070517841964032	-0.1338312988292889
0.1071017850297505	-0.0254618641831019
0.1071517858630977	0.1954518208360623
0.1072017866964449	0.5196124121567082
0.1072517875297921	0.9038765052588326
0.1073017883631394	1.2554021778208813
0.1073517891964866	1.5056383809520268
0.1074017900298338	1.6747668802036833
0.107451790863181	1.7027694787566774
0.1075017916965282	1.673078096766163
0.1075517925298755	1.5960418251238175
0.1076017933632227	1.5977624769976575
0.1076517941965699	1.7114225718605367
0.1077017950299171	2.009301710328958
0.1077517958632644	2.3999427031431924
0.1078017966966116	2.909032292676032
0.1078517975299588	3.3282437361430897
0.107901798363306	3.54905420319685
0.1079517991966532	3.3851243675390807
0.1080018000300005	2.816012022121998
0.1080518008633477	1.826149568822703
0.1081018016966949	0.6240366856759084
0.1081518025300421	-0.5319407876515095
0.1082018033633894	-1.2876407846094755
0.1082518041967366	-1.3297373072982688
0.1083018050300838	-0.4593367389358052
0.108351805863431	1.2815840913204917
0.1084018066967782	3.6882805884719447
0.1084518075301255	6.20938603426157
0.1085018083634727	8.339309822925141
0.1085518091968199	9.540037377343031
0.1086018100301671	9.352589750894554
0.1086518108635144	7.746595730970934
0.1087018116968616	4.923998922365199
0.1087518125302088	1.3913231179177878
0.108801813363556	-2.1554207383529005
0.1088518141969032	-5.045026967980701
0.1089018150302505	-6.804629496952988
0.1089518158635977	-7.186759148347852
0.1090018166969449	-6.309249937147168
0.1090518175302921	-4.673241845650315
0.1091018183636394	-2.735341994600684
0.1091518191969866	-1.167870922437435
0.1092018200303338	-0.2525363736940568
0.109251820863681	-0.1789539714797399
0.1093018216970282	-0.7213223698311773
0.1093518225303755	-1.5312719403001795
0.1094018233637227	-2.1382766576182606
0.1094518241970699	-2.2084869640019376
0.1095018250304171	-1.6162037722510227
0.1095518258637644	-0.5434605182803143
0.1096018266971116	0.640207660001194
0.1096518275304588	1.4277839320474306
0.109701828363806	1.4354882596554548
0.1097518291971533	0.372304010746986
0.1098018300305005	-1.6426666147430136
0.1098518308638477	-4.262393131428859
0.1099018316971949	-6.86178598831659
0.1099518325305421	-8.826432815711355
0.1100018333638894	-9.523849248811596
0.1100518341972366	-8.769325432989294
0.1101018350305838	-6.573574316269413
0.110151835863931	-3.3330217101881456
0.1102018366972783	0.3374604657909885
0.1102518375306255	3.812786989408753
0.1103018383639727	6.464585230054087
0.1103518391973199	7.9646282489646945
0.1104018400306671	8.28758037107302
0.1104518408640144	7.68687327045982
0.1105018416973616	6.495015582641272
0.1105518425307088	5.17655509223874
0.110601843364056	4.147786634641171
0.1106518441974033	3.6230681694004314
0.1107018450307505	3.6348445205370914
0.1107518458640977	4.051895207679936
0.1108018466974449	4.646950996088935
0.1108518475307921	5.205391110871447
0.1109018483641394	5.5649205410696965
0.1109518491974866	5.567292767954439
0.1110018500308338	5.267242142536913
0.111051850864181	4.806488328995764
0.1111018516975283	4.2431827082869065
0.1111518525308755	3.697354675595627
0.1112018533642227	3.2332220598390826
0.1112518541975699	2.9004358490605906
0.1113018550309171	2.668087814178635
0.1113518558642644	2.537995975105938
0.1114018566976116	2.506707288857359
0.1114518575309588	2.613637807204068
0.111501858364306	2.8628362643816896
0.1115518591976533	3.240838289240179
0.1116018600310005	3.7338559447820745
0.1116518608643477	4.1968282527198415
0.1117018616976949	4.486743589368376
0.1117518625310421	4.456819006514745
0.1118018633643894	3.920067618109704
0.1118518641977366	2.945822731983491
0.1119018650310838	1.565411922064996
0.111951865864431	0.03502295099046
0.1120018666977783	-1.3782176346146888
0.1120518675311255	-2.3253203323951634
0.1121018683644727	-2.6315685590148563
0.1121518691978199	-2.262239769745229
0.1122018700311672	-1.257623944962197
0.1122518708645144	0.0291881890574446
0.1123018716978616	1.280172714195586
0.1123518725312088	2.15481155524271
0.112401873364556	2.470029307612984
0.1124518741979033	2.159914108382892
0.1125018750312505	1.4600496022417842
0.1125518758645977	0.6820098738465106
0.1126018766979449	0.2160440546135632
0.1126518775312922	0.3424791064478651
0.1127018783646394	1.1716096121251387
0.1127518791979866	2.55609177760547
0.1128018800313338	4.14743885570984
0.112851880864681	5.481853435733547
0.1129018816980283	6.086387235865197
0.1129518825313755	5.707163467776225
0.1130018833647227	4.250317798591056
0.1130518841980699	2.024733066501237
0.1131018850314172	-0.4968971445099444
0.1131518858647644	-2.69880329744119
0.1132018866981116	-4.102269251684229
0.1132518875314588	-4.35016445280174
0.113301888364806	-3.555555483397403
0.1133518891981533	-1.96385169302744
0.1134018900315005	-0.1432854275270501
0.1134518908648477	1.3669246033568407
0.1135018916981949	2.050144486597811
0.1135518925315422	1.7737744852595227
0.1136018933648894	0.5947259261597911
0.1136518941982366	-1.0302392349100908
0.1137018950315838	-2.627078432178477
0.113751895864931	-3.6464367946359615
0.1138018966982783	-3.748322154774816
0.1138518975316255	-2.918256351055216
0.1139018983649727	-1.4185946298169316
0.1139518991983199	0.2887639118911395
0.1140019000316672	1.6828166799583897
0.1140519008650144	2.3311693182208737
0.1141019016983616	2.049032446117685
0.1141519025317088	0.9825566969078906
0.114201903365056	-0.5930537752801524
0.1142519041984033	-2.150165324608537
0.1143019050317505	-3.242430170624402
0.1143519058650977	-3.5088816344903258
0.1144019066984449	-3.035890815161661
0.1144519075317922	-1.883781125298618
0.1145019083651394	-0.5361310502745149
0.1145519091984866	0.6390185891680669
0.1146019100318338	1.330944539602526
0.1146519108651811	1.44714774720777
0.1147019116985283	1.0360249075925831
0.1147519125318755	0.4224952493318321
0.1148019133652227	-0.11142316691413
0.11485191419857	-0.2408504763358374
0.1149019150319172	0.1289929339455653
0.1149519158652644	0.8813754266420476
0.1150019166986116	1.7814493309067148
0.1150519175319588	2.457151968029235
0.1151019183653061	2.6243272537058173
0.1151519191986533	2.110238742298004
0.1152019200320005	1.000534233615629
0.1152519208653477	-0.4811448558202245
0.1153019216986949	-1.9789724169746004
0.1153519225320422	-3.10019482034021
0.1154019233653894	-3.5326075161354824
0.1154519241987366	-3.197044380223507
0.1155019250320838	-2.248872968633801
0.1155519258654311	-0.9190566846351024
0.1156019266987783	0.3776195075621643
0.1156519275321255	1.3404807914251744
0.1157019283654727	1.730068857374468
0.1157519291988199	1.498650627124753
0.1158019300321672	0.7839558387067435
0.1158519308655144	-0.1747638120554343
0.1159019316988616	-1.0504525606360988
0.1159519325322088	-1.6425111486037205
0.1160019333655561	-1.7613666273095472
0.1160519341989033	-1.444600698845125
0.1161019350322505	-0.819538475939209
0.1161519358655977	-0.0720557825745982
0.1162019366989449	0.5516616256961964
0.1162519375322922	0.930462213383606
0.1163019383656394	0.9731210655312218
0.1163519391989866	0.7246125456415029
0.1164019400323338	0.3180203801583851
0.1164519408656811	-0.1112762857798931
0.1165019416990283	-0.3795945792496121
0.1165519425323755	-0.3926137779424987
0.1166019433657227	-0.0978358644560102
0.1166519441990699	0.4427709381315473
0.1167019450324172	1.1436149714134398
0.1167519458657644	1.8496308019848429
0.1168019466991116	2.367172054269223
0.1168519475324588	2.565524967338338
0.1169019483658061	2.4710088799781107
0.1169519491991533	2.007204151409823
0.1170019500325005	1.281784414895062
0.1170519508658477	0.4165628261867315
0.117101951699195	-0.3866911994499302
0.1171519525325422	-1.0248659671899396
0.1172019533658894	-1.3835540125704453
0.1172519541992366	-1.3884666209833203
0.1173019550325839	-1.0833149495973262
0.1173519558659311	-0.5825179486088286
0.1174019566992783	0.0166913769562847
0.1174519575326255	0.6168197802013308
0.1175019583659727	1.0734064705765969
0.11755195919932	1.4065654740600957
0.1176019600326672	1.6206140950148875
0.1176519608660144	1.7778224080233378
0.1177019616993616	1.898949652523803
0.1177519625327088	2.0266879418720194
0.1178019633660561	2.0930259310756765
0.1178519641994033	2.138357014067841
0.1179019650327505	2.008212303954595
0.1179519658660977	1.5959491862695794
0.118001966699445	0.8941907189150746
0.1180519675327922	-0.0940345876637682
0.1181019683661394	-1.2216308374850906
0.1181519691994866	-2.379380550380392
0.1182019700328338	-3.40342225041848
0.1182519708661811	-4.150237314817135
0.1183019716995283	-4.552626155573492
0.1183519725328755	-4.638713219246681
0.1184019733662227	-4.400604080286301
0.11845197419957	-3.9736279778860073
0.1185019750329172	-3.4423190148276235
0.1185519758662644	-2.847024411364505
0.1186019766996116	-2.2369276127833557
0.1186519775329588	-1.5865076324248897
0.1187019783663061	-0.9679754495753607
0.1187519791996533	-0.3812470846001891
0.1188019800330005	0.0463599246078771
0.1188519808663477	0.1807532606621667
0.118901981699695	-0.0946339508591275
0.1189519825330422	-0.85971365830583
0.1190019833663894	-2.0770467060274376
0.1190519841997366	-3.631110545553799
0.1191019850330838	-5.21723012597111
0.1191519858664311	-6.509620124601764
0.1192019866997783	-7.225236628544302
0.1192519875331255	-7.139633031661269
0.1193019883664727	-6.187410558504635
0.11935198919982	-4.521134479188401
0.1194019900331672	-2.3826775286185007
0.1194519908665144	-0.1937314745919477
0.1195019916998616	1.742894058106648
0.1195519925332089	3.1622920214487573
0.1196019933665561	3.9380613906953927
0.1196519941999033	4.102171492400755
0.1197019950332505	3.825979825593481
0.1197519958665978	3.268294730383264
0.119801996699945	2.683668693608821
0.1198519975332922	2.1018532768434115
0.1199019983666394	1.6146004244995027
0.1199519991999866	1.2133924661159303
0.1200020000333339	0.8911824710562098
0.1200520008666811	0.5749678120688769
0.1201020017000283	0.3638826658290757
0.1201520025333755	0.2246189255380722
0.1202020033667227	0.3057198666905564
0.12025200420007	0.5480703105548509
0.1203020050334172	0.9073144214389096
0.1203520058667644	1.2297329803957076
0.1204020067001116	1.3785640169330788
0.1204520075334589	1.196853212587809
0.1205020083668061	0.5941765850485062
0.1205520092001533	-0.3813407622184938
0.1206020100335005	-1.5001002351137371
0.1206520108668477	-2.541182502828653
0.120702011700195	-3.252742196129068
0.1207520125335422	-3.4205337375733023
0.1208020133668894	-3.0275846048691024
0.1208520142002366	-2.17916290104836
0.1209020150335839	-1.164775955257251
0.1209520158669311	-0.2350382625152567
0.1210020167002783	0.4111780907215882
0.1210520175336255	0.7086808181965021
0.1211020183669727	0.7071495390690501
0.12115201920032	0.6254343759762891
0.1212020200336672	0.7166608615346446
0.1212520208670144	1.2065460900041065
0.1213020217003616	2.115461236331895
0.1213520225337089	3.290938246337852
0.1214020233670561	4.4506250707402994
0.1214520242004033	5.305401136779888
0.1215020250337505	5.549904169134662
0.1215520258670977	5.1029056986433865
0.121602026700445	4.087169288554529
0.1216520275337922	2.8730560042838063
0.1217020283671394	1.9150863424520703
0.1217520292004866	1.6107900116228868
0.1218020300338339	2.1996583298769705
0.1218520308671811	3.731744253207729
0.1219020317005283	5.882305243565504
0.1219520325338755	8.239389552008285
0.1220020333672228	10.237099516422711
0.12205203420057	11.501489251845616
0.1221020350339172	11.743452170763426
0.1221520358672644	11.010154678104024
0.1222020367006117	9.57354668893094
0.1222520375339589	7.745665882797055
0.1223020383673061	5.90337616237568
0.1223520392006533	4.354531660972254
0.1224020400340005	3.1660891438043897
0.1224520408673478	2.321492236390646
0.122502041700695	1.6949332443200396
0.1225520425340422	1.2414759370507094
0.1226020433673894	0.8820847809124249
0.1226520442007366	0.637427016067252
0.1227020450340839	0.5961823989477055
0.1227520458674311	0.8348717377539167
0.1228020467007783	1.3801352831556946
0.1228520475341255	2.0879113946699057
0.1229020483674728	2.712469134881064
0.12295204920082	3.010877883191508
0.1230020500341672	2.8150022838043958
0.1230520508675144	2.0654422259358003
0.1231020517008616	0.9472163316047888
0.1231520525342089	-0.130013649727206
0.1232020533675561	-0.8017268046200396
0.1232520542009033	-0.6645003082429917
0.1233020550342505	0.4354390668111748
0.1233520558675978	2.3042410639152164
0.123402056700945	4.608461410849731
0.1234520575342922	6.675773903917248
0.1235020583676394	7.981432191654787
0.1235520592009866	8.140264551790644
0.1236020600343339	7.082826917390099
0.1236520608676811	5.099966704969281
0.1237020617010283	2.756521818766638
0.1237520625343755	0.7592571317174001
0.1238020633677228	-0.3036469561872249
0.12385206420107	-0.1664343742360594
0.1239020650344172	1.050859022824051
0.1239520658677644	2.8970153559117757
0.1240020667011116	4.731792540628614
0.1240520675344589	5.8538949882458455
0.1241020683678061	5.877197125082813
0.1241520692011533	4.720502448567816
0.1242020700345005	2.7075870950834315
0.1242520708678478	0.419476813153405
0.124302071701195	-1.4763477045998707
0.1243520725345422	-2.4418181055455346
0.1244020733678894	-2.2421876145498585
0.1244520742012367	-1.0549679583895537
0.1245020750345839	0.6206791981341586
0.1245520758679311	2.139675343660204
0.1246020767012783	2.882730040016571
0.1246520775346256	2.4230379809412663
0.1247020783679728	0.73347819071724
0.12475207920132	-1.8431617868516788
0.1248020800346672	-4.683676661992399
0.1248520808680144	-7.123182782983927
0.1249020817013617	-8.5379148925165
0.1249520825347089	-8.596278166265632
0.1250020833680561	-7.277936151276472
0.1250520842014033	-4.939754313578503
0.1251020850347506	-2.096191771278873
0.1251520858680978	0.651844559521711
0.125202086701445	2.7613006904285924
0.1252520875347922	3.9661079826124954
0.1253020883681394	4.19281909405842
0.1253520892014867	3.621918217108994
0.1254020900348339	2.6335809991984966
0.1254520908681811	1.5825738048225864
0.1255020917015283	0.8968341522234016
0.1255520925348756	0.7620549992078843
0.1256020933682228	1.337696244366927
0.12565209420157	2.4869109178093485
0.1257020950349172	4.078702599704146
0.1257520958682645	5.807167652570446
0.1258020967016117	7.336416274676125
0.1258520975349589	8.45755447106071
0.1259020983683061	9.021773849995524
0.1259520992016533	8.948672572585817
0.1260021000350006	8.351818284860398
0.1260521008683478	7.336389233498119
0.126102101701695	6.212626325260292
0.1261521025350422	5.160855081768116
0.1262021033683895	4.384650985720026
0.1262521042017367	3.908745666729721
0.1263021050350839	3.7110669760103367
0.1263521058684311	3.63442374576098
0.1264021067017783	3.508694375888273
0.1264521075351256	3.182640645209211
0.1265021083684728	2.6480955876652628
0.12655210920182	1.942562503465736
0.1266021100351672	1.3116783487138028
0.1266521108685145	0.9482652436552969
0.1267021117018617	1.0580042943250711
0.1267521125352089	1.7140249221283663
0.1268021133685561	2.769429342245334
0.1268521142019033	3.931997674950112
0.1269021150352506	4.897797170036117
0.1269521158685978	5.219885907995974
0.127002116701945	4.733274245171335
0.1270521175352922	3.461761859599124
0.1271021183686395	1.614571881948971
0.1271521192019867	-0.4210746813528607
0.1272021200353339	-2.103408488335069
0.1272521208686811	-3.0806377858682485
0.1273021217020283	-3.1549070171921825
0.1273521225353756	-2.371488413896176
0.1274021233687228	-1.0141259412127683
0.12745212420207	0.4959895155980267
0.1275021250354172	1.8016344874424184
0.1275521258687645	2.6893052061233886
0.1276021267021117	3.0687722940459485
0.1276521275354589	3.105372540928647
0.1277021283688061	3.095081776067397
0.1277521292021533	3.234083394601253
0.1278021300355006	3.642657962299181
0.1278521308688478	4.290204682909166
0.127902131702195	4.914331361828066
0.1279521325355422	5.130588733368572
0.1280021333688895	4.726514876607502
0.1280521342022367	3.595884023234903
0.1281021350355839	1.8306920081421172
0.1281521358689311	-0.1593764682914051
0.1282021367022784	-1.952501540626812
0.1282521375356256	-3.1184074930204697
0.1283021383689728	-3.404163581519408
0.12835213920232	-2.86048325340813
0.1284021400356672	-1.7954558349740606
0.1284521408690145	-0.6314560140583474
0.1285021417023617	0.1926861254952555
0.1285521425357089	0.3441368470324552
0.1286021433690561	-0.1793698608148035
0.1286521442024034	-1.1596920987824737
0.1287021450357506	-2.160855942188804
0.1287521458690978	-2.847484288635
0.128802146702445	-2.9228222882022488
0.1288521475357922	-2.3549229557749003
0.1289021483691395	-1.4335650516127507
0.1289521492024867	-0.6123317131283104
0.1290021500358339	-0.2969636904359709
0.1290521508691811	-0.7702945702222517
0.1291021517025284	-2.001140071344097
0.1291521525358756	-3.614001469154847
0.1292021533692228	-5.037571875829168
0.12925215420257	-5.7851762109954565
0.1293021550359172	-5.47803084154235
0.1293521558692645	-4.065210080345851
0.1294021567026117	-1.8940045931038496
0.1294521575359589	0.3684369439738559
0.1295021583693061	2.1020435505249777
0.1295521592026534	2.73110938126916
0.1296021600360006	2.061079140768628
0.1296521608693478	0.354340112285314
0.129702161702695	-1.7783763251075595
0.1297521625360422	-3.595675710034886
0.1298021633693895	-4.438693827557056
0.1298521642027367	-4.022201016767379
0.1299021650360839	-2.4524194677809694
0.1299521658694311	-0.2089573377252406
0.1300021667027784	1.8785915426784272
0.1300521675361256	3.103577927039482
0.1301021683694728	3.029953107610822
0.13015216920282	1.6284066428056887
0.1302021700361672	-0.7146307711699937
0.1302521708695145	-3.222876264423153
0.1303021717028617	-5.035520382280212
0.1303521725362089	-5.6258285609730505
0.1304021733695561	-4.687035382199166
0.1304521742029034	-2.494970331586256
0.1305021750362506	0.3165130426894171
0.1305521758695978	2.9481602256181
0.130602176702945	4.659668236033436
0.1306521775362923	5.008352831118307
0.1307021783696395	3.904965346255041
0.1307521792029867	1.771353273205056
0.1308021800363339	-0.8001098389036414
0.1308521808696811	-3.136493180624552
0.1309021817030284	-4.67664691543798
0.1309521825363756	-5.099240343451961
0.1310021833697228	-4.523827961851711
0.13105218420307	-3.2585763476311027
0.1311021850364173	-1.7121717244978814
0.1311521858697645	-0.3415149646454691
0.1312021867031117	0.63200530708277
0.1312521875364589	1.1152979459133516
0.1313021883698061	1.2037595979247175
0.1313521892031534	1.076480286810717
0.1314021900365006	0.9089749764140864
0.1314521908698478	0.8001646013102822
0.131502191703195	0.804173589851395
0.1315521925365423	0.8718663092816366
0.1316021933698895	0.9373184411174708
0.1316521942032367	1.0078710855283486
0.1317021950365839	1.0475830422762666
0.1317521958699311	1.1666315429087073
0.1318021967032784	1.348286331785031
0.1318521975366256	1.6320834146715326
0.1319021983699728	1.8530328668494025
0.13195219920332	1.903705307088423
0.1320022000366673	1.6150872843923674
0.1320522008700145	1.0113306537212563
0.1321022017033617	0.0796050485014319
0.1321522025367089	-0.9134406610850608
0.1322022033700561	-1.648130687033556
0.1322522042034034	-1.8573033847340013
0.1323022050367506	-1.2926179045648645
0.1323522058700978	-0.0207708063591425
0.132402206703445	1.75778970639609
0.1324522075367923	3.5648065363732395
0.1325022083701395	4.967375090603199
0.1325522092034867	5.584586319613863
0.1326022100368339	5.267780243341428
0.1326522108701811	4.177370952995795
0.1327022117035284	2.618724580047484
0.1327522125368756	1.1886415512069597
0.1328022133702228	0.3052722364479298
0.13285221420357	0.2409957926800936
0.1329022150369173	1.0350267082989062
0.1329522158702645	2.326318716525351
0.1330022167036117	3.669096019910554
0.1330522175369589	4.560692599416042
0.1331022183703062	4.603508423041001
0.1331522192036534	3.72761644070938
0.1332022200370006	2.117956656447708
0.1332522208703478	0.2091084457751985
0.133302221703695	-1.5329616701079605
0.1333522225370423	-2.68686909079846
0.1334022233703895	-2.980735001236769
0.1334522242037367	-2.4880104917938493
0.1335022250370839	-1.4392401054362
0.1335522258704312	-0.1592778136020169
0.1336022267037784	0.9886388729227616
0.1336522275371256	1.8108816579310891
0.1337022283704728	2.264809176175618
0.13375222920382	2.4309634430849663
0.1338022300371673	2.465546278735428
0.1338522308705145	2.522231768500086
0.1339022317038617	2.581800468964214
0.1339522325372089	2.598583398538608
0.1340022333705562	2.3839566108876395
0.1340522342039034	1.7650901555242604
0.1341022350372506	0.7220696978570028
0.1341522358705978	-0.5950931796622244
0.134202236703945	-1.9697107077309757
0.1342522375372923	-3.034125992260167
0.1343022383706395	-3.5006783180038634
0.1343522392039867	-3.268743557487284
0.1344022400373339	-2.347365352214956
0.1344522408706812	-1.0025131198129262
0.1345022417040284	0.3391103726025132
0.1345522425373756	1.3324886788384098
0.1346022433707228	1.7380574086511589
0.13465224420407	1.5228486783296669
0.1347022450374173	0.8768787617451841
0.1347522458707645	0.1326596761030383
0.1348022467041117	-0.3811148376039258
0.1348522475374589	-0.3912527933819581
0.1349022483708062	0.1178414652986888
0.1349522492041534	0.9306160265096536
0.1350022500375006	1.79550247964386
0.1350522508708478	2.348796118632574
0.135102251704195	2.3381478853697244
0.1351522525375423	1.723727988830157
0.1352022533708895	0.6643547294371557
0.1352522542042367	-0.6370806221108373
0.1353022550375839	-1.8148877695847228
0.1353522558709312	-2.660559588821792
0.1354022567042784	-3.091596973290321
0.1354522575376256	-3.139250825569299
0.1355022583709728	-3.083706343278312
0.1355522592043201	-3.0204305994314766
0.1356022600376673	-3.088522616131766
0.1356522608710145	-3.287758138213845
0.1357022617043617	-3.474303653235772
0.1357522625377089	-3.391967633676975
0.1358022633710562	-2.861315381486865
0.1358522642044034	-1.831093114013305
0.1359022650377506	-0.4084681396072966
0.1359522658710978	1.1316209071581602
0.1360022667044451	2.490722637551628
0.1360522675377923	3.393636462658314
0.1361022683711395	3.693217713228081
0.1361522692044867	3.4880312589417293
0.1362022700378339	2.986549647041439
0.1362522708711812	2.452582635707003
0.1363022717045284	2.1038404067921306
0.1363522725378756	1.9727685786726037
0.1364022733712228	2.008777173159957
0.1364522742045701	1.965716733491961
0.1365022750379173	1.5865141532839528
0.1365522758712645	0.7355678599234902
0.1366022767046117	-0.4481795267459227
0.1366522775379589	-1.6896197917896894
0.1367022783713062	-2.481467039653838
0.1367522792046534	-2.342323648740216
0.1368022800380006	-1.0009243625007198
0.1368522808713478	1.4513705150238834
0.1369022817046951	4.662998852359004
0.1369522825380423	7.935210767878001
0.1370022833713895	10.51011561262758
0.1370522842047367	11.774296053175355
0.1371022850380839	11.388159156174217
0.1371522858714312	9.545407929779032
0.1372022867047784	6.669521703168854
0.1372522875381256	3.552445434398755
0.1373022883714728	0.8561815780263269
0.1373522892048201	-0.8727228771177905
0.1374022900381673	-1.4816687434755678
0.1374522908715145	-1.1305316288987646
0.1375022917048617	-0.359879512623847
0.1375522925382089	0.4383357332708154
0.1376022933715562	0.9027714544406408
0.1376522942049034	0.9258886613089132
0.1377022950382506	0.7248999072577346
0.1377522958715978	0.6235020139498184
0.1378022967049451	0.983608640377228
0.1378522975382923	1.97063363952346
0.1379022983716395	3.422390924889
0.1379522992049867	4.970652518355411
0.138002300038334	6.062048718825144
0.1380523008716812	6.179534592180703
0.1381023017050284	5.153692181338871
0.1381523025383756	3.067273605401152
0.1382023033717228	0.4313204872003243
0.1382523042050701	-2.08998210761638
0.1383023050384173	-3.817167034729371
0.1383523058717645	-4.32569647172231
0.1384023067051117	-3.5936826523374776
0.138452307538459	-1.9795480600693824
0.1385023083718062	-0.1435406622960865
0.1385523092051534	1.248821819074884
0.1386023100385006	1.6666685501865008
0.1386523108718478	1.039864215190167
0.1387023117051951	-0.4013179977108216
0.1387523125385423	-2.075377059422867
0.1388023133718895	-3.312449017388266
0.1388523142052367	-3.705270828179681
0.138902315038584	-3.0834527950028607
0.1389523158719312	-1.7742654031385603
0.1390023167052784	-0.3102596525905204
0.1390523175386256	0.6431024472945795
0.1391023183719728	0.5919764060423902
0.1391523192053201	-0.6264214932360137
0.1392023200386673	-2.642015900772776
0.1392523208720145	-4.845741792298001
0.1393023217053617	-6.451323625519256
0.139352322538709	-6.871549259300288
0.1394023233720562	-5.829501318485487
0.1394523242054034	-3.601836234328037
0.1395023250387506	-0.787121861876167
0.1395523258720978	1.7778245399232468
0.1396023267054451	3.3784244525802043
0.1396523275387923	3.5762046471301483
0.1397023283721395	2.3845048831980566
0.1397523292054867	0.3423761940854498
0.139802330038834	-1.7882239797179955
0.1398523308721812	-3.234492818008545
0.1399023317055284	-3.422772064536637
0.1399523325388756	-2.2802458151839744
0.1400023333722229	-0.1410892724437317
0.1400523342055701	2.3684165571978317
0.1401023350389173	4.478697584926929
0.1401523358722645	5.662653858551831
0.1402023367056117	5.610752940661896
0.140252337538959	4.532785144912813
0.1403023383723062	2.9046482507138736
0.1403523392056534	1.3098729703270793
0.1404023400390006	0.2716551045979012
0.1404523408723479	0.0843072858939817
0.1405023417056951	0.6670532632213387
0.1405523425390423	1.687312724645138
0.1406023433723895	2.6727531414146446
0.1406523442057367	3.2000229401465883
0.140702345039084	3.0764785197224107
0.1407523458724312	2.3372940751905995
0.1408023467057784	1.3057622571773446
0.1408523475391256	0.4033286994856961
0.1409023483724729	0.0140990439032983
0.1409523492058201	0.3307091867704246
0.1410023500391673	1.2720165883577623
0.1410523508725145	2.583656353119685
0.1411023517058617	3.814841245281293
0.141152352539209	4.540569239235759
0.1412023533725562	4.542584061125863
0.1412523542059034	3.678197304643676
0.1413023550392506	2.1852714404339526
0.1413523558725979	0.3890285263435855
0.1414023567059451	-1.3569935214180204
0.1414523575392923	-2.6528820012047447
0.1415023583726395	-3.3682486341401416
0.1415523592059867	-3.358293236019556
0.141602360039334	-2.7422424404240404
0.1416523608726812	-1.7042270715893362
0.1417023617060284	-0.4081217552799344
0.1417523625393756	0.941492270844623
0.1418023633727229	2.190657652554915
0.1418523642060701	3.128908719410498
0.1419023650394173	3.647231618002746
0.1419523658727645	3.673203080003431
0.1420023667061117	3.1898393412694723
0.142052367539459	2.297399846827462
0.1421023683728062	1.1323702085484846
0.1421523692061534	-0.0457538195486109
0.1422023700395006	-0.8895617479559323
0.1422523708728479	-1.2149231157259694
0.1423023717061951	-1.0004965839233984
0.1423523725395423	-0.2923146546033867
0.1424023733728895	0.560509755075439
0.1424523742062368	1.2019258175330083
0.142502375039584	1.21210976943107
0.1425523758729312	0.3924959155290165
0.1426023767062784	-1.1241110702238386
0.1426523775396256	-3.0053522188969506
0.1427023783729729	-4.73446535129508
0.1427523792063201	-5.756367013642199
0.1428023800396673	-5.64130250961179
0.1428523808730145	-4.291732644118477
0.1429023817063618	-1.9972351783940536
0.142952382539709	0.7385461572617604
0.1430023833730562	3.110859948600348
0.1430523842064034	4.6021015739663005
0.1431023850397506	4.878770754032943
0.1431523858730979	4.013334734027302
0.1432023867064451	2.4205366387932803
0.1432523875397923	0.833953045774304
0.1433023883731395	-0.0966718027088143
0.1433523892064868	0.0242186285169095
0.143402390039834	1.2985890733993362
0.1434523908731812	3.3367668790891187
0.1435023917065284	5.529412575449309
0.1435523925398756	7.154821857127906
0.1436023933732229	7.711683865916021
0.1436523942065701	7.013770119698877
0.1437023950399173	5.289887691432006
0.1437523958732645	3.0983046422142606
0.1438023967066118	1.1824952262838142
0.143852397539959	0.1324868036362524
0.1439023983733062	0.272976925083353
0.1439523992066534	1.5818356391258523
0.1440024000400006	3.6545076866424457
0.1440524008733479	5.9653434252397695
0.1441024017066951	7.900903511912578
0.1441524025400423	9.102983778033796
0.1442024033733895	9.519188264913636
0.1442524042067368	9.198802584185591
0.144302405040084	8.442590581460916
0.1443524058734312	7.541176142819233
0.1444024067067784	6.620431587803509
0.1444524075401256	5.628948975982245
0.1445024083734729	4.392190363487667
0.1445524092068201	2.7409827098987574
0.1446024100401673	0.5755190860138587
0.1446524108735145	-1.9507947330706024
0.1447024117068618	-4.38501807168667
0.144752412540209	-6.262656269644156
0.1448024133735562	-7.130050143396937
0.1448524142069034	-6.729651581102949
0.1449024150402507	-5.140993990072567
0.1449524158735979	-2.8511555988370567
0.1450024167069451	-0.5653887196269342
0.1450524175402923	1.145087669362058
0.1451024183736395	1.770424519956802
0.1451524192069868	1.2772521491943691
0.145202420040334	-0.0123916480270198
0.1452524208736812	-1.4637574851794968
0.1453024217070284	-2.389541623941657
0.1453524225403757	-2.249530751476337
0.1454024233737229	-0.9652533587960768
0.1454524242070701	1.1361141532608592
0.1455024250404173	3.306446786427591
0.1455524258737645	4.74429675721195
0.1456024267071118	4.864198613865586
0.145652427540459	3.3744439113935623
0.1457024283738062	0.6140724161946205
0.1457524292071534	-2.7463923938692094
0.1458024300405007	-5.651106915208937
0.1458524308738479	-7.237561752960113
0.1459024317071951	-6.98463042637584
0.1459524325405423	-4.932012309611753
0.1460024333738895	-1.5761707720187808
0.1460524342072368	2.182919873398877
0.146102435040584	5.36092993353545
0.1461524358739312	7.194092127720157
0.1462024367072784	7.39852964801431
0.1462524375406257	6.159935924184704
0.1463024383739729	4.060165777951021
0.1463524392073201	1.8816164587220008
0.1464024400406673	0.267207498480154
0.1464524408740145	-0.444304620296427
0.1465024417073618	-0.2001822348032466
0.146552442540709	0.5626809498229569
0.1466024433740562	1.3804950895731294
0.1466524442074034	1.7238455154199186
0.1467024450407507	1.394911188029462
0.1467524458740979	0.4031300541726476
0.1468024467074451	-0.9237066839209876
0.1468524475407923	-2.116618184925066
0.1469024483741395	-2.797488235527231
0.1469524492074868	-2.6944229252580865
0.147002450040834	-1.89413750156534
0.1470524508741812	-0.565427084880575
0.1471024517075284	0.8469288091871724
0.1471524525408757	2.0489577564666432
0.1472024533742229	2.8915688544438343
0.1472524542075701	3.3131461366492285
0.1473024550409173	3.4741608154866164
0.1473524558742646	3.5592510439931235
0.1474024567076118	3.75103646228252
0.147452457540959	3.955797017534159
0.1475024583743062	4.105192347163092
0.1475524592076534	3.94707587546285
0.1476024600410007	3.361728276465872
0.1476524608743479	2.293273619609481
0.1477024617076951	0.9897036743567732
0.1477524625410423	-0.2230383379541512
0.1478024633743896	-0.9518975811105016
0.1478524642077368	-0.9470532308543376
0.147902465041084	-0.128924724521087
0.1479524658744312	1.22773566712786
0.1480024667077784	2.663270563305828
0.1480524675411257	3.5615577286599764
0.1481024683744729	3.573054607296734
0.1481524692078201	2.4409377633918337
0.1482024700411673	0.3367721884354631
0.1482524708745146	-2.2485830898350843
0.1483024717078618	-4.655256022604855
0.148352472541209	-6.28925621245844
0.1484024733745562	-6.871229799336042
0.1484524742079034	-6.333897763378745
0.1485024750412507	-5.113613442738782
0.1485524758745979	-3.7117205487066633
0.1486024767079451	-2.7679470795076
0.1486524775412923	-2.6009107413073917
0.1487024783746396	-3.3196833212823016
0.1487524792079868	-4.562811590690552
0.148802480041334	-5.884476000665669
0.1488524808746812	-6.676817710048187
0.1489024817080284	-6.63510465163059
0.1489524825413757	-5.699693929427546
0.1490024833747229	-4.148323181249322
0.1490524842080701	-2.520975630493219
0.1491024850414173	-1.3958295543828911
0.1491524858747646	-1.1300847440861888
0.1492024867081118	-1.8257327044590133
0.149252487541459	-3.138767737581307
0.1493024883748062	-4.550124213658035
0.1493524892081534	-5.399318365821437
0.1494024900415007	-5.248511924957789
0.1494524908748479	-3.9364724565192826
0.1495024917081951	-1.6844026305992852
0.1495524925415423	0.9735662433793422
0.1496024933748896	3.3364875204927675
0.1496524942082368	4.8522555481409455
0.149702495041584	5.142728295518746
0.1497524958749312	4.32284219930014
0.1498024967082785	2.6784962945824318
0.1498524975416257	0.8361138015081239
0.1499024983749729	-0.6501191624177199
0.1499524992083201	-1.4388039600795204
0.1500025000416673	-1.368022645797278
0.1500525008750146	-0.6443131381099362
0.1501025017083618	0.3900159345802464
0.150152502541709	1.3151274077711268
0.1502025033750562	1.839344389476364
0.1502525042084035	1.8466149944326573
0.1503025050417507	1.4275229291530824
0.1503525058750979	0.8023793371769875
0.1504025067084451	0.2360521201014438
0.1504525075417923	-0.1698557557704486
0.1505025083751396	-0.335370081466809
0.1505525092084868	-0.3625977433944474
0.150602510041834	-0.4461767829421682
0.1506525108751812	-0.7088827870099227
0.1507025117085285	-1.2557140015140034
0.1507525125418757	-1.989295787419933
0.1508025133752229	-2.7116580906489416
0.1508525142085701	-3.287006287129356
0.1509025150419173	-3.5462555677666834
0.1509525158752646	-3.4642839990195933
0.1510025167086118	-3.121426548664829
0.151052517541959	-2.671529292502884
0.1511025183753062	-2.2395322288007
0.1511525192086535	-1.931481744361057
0.1512025200420007	-1.70526631706261
0.1512525208753479	-1.4229642845031565
0.1513025217086951	-0.9910263186209044
0.1513525225420423	-0.324067420568867
0.1514025233753896	0.4902340818018769
0.1514525242087368	1.2453473384835887
0.151502525042084	1.6525949964357096
0.1515525258754312	1.4218007648940365
0.1516025267087785	0.424201641896483
0.1516525275421257	-1.2471455937355436
0.1517025283754729	-3.308043052626205
0.1517525292088201	-5.294504131556838
0.1518025300421673	-6.618644969692514
0.1518525308755146	-7.063222977792558
0.1519025317088618	-6.440469580401396
0.151952532542209	-5.087744468406344
0.1520025333755562	-3.412838856507757
0.1520525342089035	-1.9708951071381176
0.1521025350422507	-1.3103397614999703
0.1521525358755979	-1.5395945831866005
0.1522025367089451	-2.636581409002952
0.1522525375422924	-4.139363866293351
0.1523025383756396	-5.59714934363326
0.1523525392089868	-6.452029767748233
0.152402540042334	-6.515078469117965
0.1524525408756812	-5.723684470883494
0.1525025417090285	-4.47833216645452
0.1525525425423757	-3.094169589454092
0.1526025433757229	-2.118533284366333
0.1526525442090701	-1.7410573182803062
0.1527025450424174	-1.9951585362378017
0.1527525458757646	-2.5918006440487487
0.1528025467091118	-3.166882305756335
0.152852547542459	-3.422753993642808
0.1529025483758062	-3.199326040047448
0.1529525492091535	-2.602172789030178
0.1530025500425007	-1.8997328423740176
0.1530525508758479	-1.44225526316659
0.1531025517091951	-1.5380023204707944
0.1531525525425424	-2.1623626497035886
0.1532025533758896	-3.074560877990157
0.1532525542092368	-3.773480363348075
0.153302555042584	-3.7601308956394814
0.1533525558759312	-2.639778389029633
0.1534025567092785	-0.4072802079313005
0.1534525575426257	2.562186875407869
0.1535025583759729	5.617361166969309
0.1535525592093201	7.978084777533908
0.1536025600426674	8.957802840972045
0.1536525608760146	8.300496663658823
0.1537025617093618	6.160510308951147
0.153752562542709	3.170081313867261
0.1538025633760562	0.1116445022755701
0.1538525642094035	-2.1536516665444934
0.1539025650427507	-3.205841478076378
0.1539525658760979	-2.9893010043505166
0.1540025667094451	-1.868202871647276
0.1540525675427924	-0.5745224530977333
0.1541025683761396	0.1922080318815251
0.1541525692094868	0.0505900015152989
0.154202570042834	-1.0966434495197268
0.1542525708761812	-2.803694289755744
0.1543025717095285	-4.328307927679998
0.1543525725428757	-4.940886516281185
0.1544025733762229	-4.18389045922289
0.1544525742095701	-1.9926862394544125
0.1545025750429174	1.1200321504254658
0.1545525758762646	4.284511910220988
0.1546025767096118	6.601652214949203
0.154652577542959	7.342792225162905
0.1547025783763063	6.22479520549412
0.1547525792096535	3.5448536854054185
0.1548025800430007	0.0456507640524528
0.1548525808763479	-3.25490623521058
0.1549025817096951	-5.476061901319687
0.1549525825430424	-6.07924138151335
0.1550025833763896	-4.9834958404208125
0.1550525842097368	-2.69038085500097
0.155102585043084	0.0563911648182916
0.1551525858764313	2.5048579322281905
0.1552025867097785	4.061160554489577
0.1552525875431257	4.528378268278341
0.1553025883764729	4.156674308877075
0.1553525892098201	3.4053070830325387
0.1554025900431674	2.8002525639614104
0.1554525908765146	2.762985817831324
0.1555025917098618	3.2991014279050352
0.155552592543209	4.191536601442937
0.1556025933765563	5.001854523796659
0.1556525942099035	5.245712420261423
0.1557025950432507	4.734267120126782
0.1557525958765979	3.451405199467986
0.1558025967099451	1.859700630623437
0.1558525975432924	0.4189305643130392
0.1559025983766396	-0.2632091566058656
0.1559525992099868	0.0829132824346353
0.156002600043334	1.422038678822192
0.1560526008766813	3.326792412455669
0.1561026017100285	5.207015103110972
0.1561526025433757	6.404921952319514
0.1562026033767229	6.431938173989475
0.1562526042100701	5.24733554324251
0.1563026050434174	3.0849982001079006
0.1563526058767646	0.5465690723729507
0.1564026067101118	-1.695411027423197
0.156452607543459	-3.066901304432896
0.1565026083768063	-3.28427493207363
0.1565526092101535	-2.4054748466184264
0.1566026100435007	-0.7991699673997397
0.1566526108768479	0.928332838417698
0.1567026117101951	2.301946816527567
0.1567526125435424	2.961575180923324
0.1568026133768896	2.8062076839779344
0.1568526142102368	2.10846704521922
0.156902615043584	1.1910640759121731
0.1569526158769313	0.4185136642165424
0.1570026167102785	0.0623258581722803
0.1570526175436257	0.2036719743560201
0.1571026183769729	0.7624249424831772
0.1571526192103202	1.461249747841773
0.1572026200436674	2.005996996942838
0.1572526208770146	2.164889627867757
0.1573026217103618	1.845165151782513
0.157352622543709	1.0982823454422928
0.1574026233770563	0.024967080959477
0.1574526242104035	-1.108146331925082
0.1575026250437507	-2.1680588391039364
0.1575526258770979	-3.000522488357712
0.1576026267104452	-3.4831851163395777
0.1576526275437924	-3.6049457131588993
0.1577026283771396	-3.3314901898226306
0.1577526292104868	-2.6502109874754214
0.157802630043834	-1.6439693408396538
0.1578526308771813	-0.421258005916662
0.1579026317105285	0.8196440812547884
0.1579526325438757	1.8276004388324392
0.1580026333772229	2.344961902067985
0.1580526342105702	2.2088639051163432
0.1581026350439174	1.3303224886236469
0.1581526358772646	-0.1203140055224287
0.1582026367106118	-1.7711948552230776
0.158252637543959	-3.215543422477031
0.1583026383773063	-4.0153181615049895
0.1583526392106535	-3.8687220545193406
0.1584026400440007	-2.8037117878528828
0.1584526408773479	-1.1058761109560888
0.1585026417106952	0.7362450796194815
0.1585526425440424	2.120360988408432
0.1586026433773896	2.6331819969503827
0.1586526442107368	2.0397392124118348
0.158702645044084	0.5303436227152968
0.1587526458774313	-1.4306765507155448
0.1588026467107785	-3.1872019008971657
0.1588526475441257	-4.114659350654021
0.1589026483774729	-3.8615469156584665
0.1589526492108202	-2.39589053557743
0.1590026500441674	-0.056512583941118
0.1590526508775146	2.521190817549922
0.1591026517108618	4.685215682921296
0.159152652544209	5.8746792467727325
0.1592026533775563	5.943365902393661
0.1592526542109035	4.927955347863824
0.1593026550442507	3.363961571581369
0.1593526558775979	1.7938552777617771
0.1594026567109452	0.7535346648296084
0.1594526575442924	0.5153315209526099
0.1595026583776396	1.0286304405748703
0.1595526592109868	2.0095017855673687
0.1596026600443341	3.001643278466215
0.1596526608776813	3.625207695140209
0.1597026617110285	3.621997396528429
0.1597526625443757	3.0369855775012926
0.1598026633777229	2.1877880929640754
0.1598526642110702	1.351265195570002
0.1599026650444174	0.9426172732373388
0.1599526658777646	1.0607465277795842
0.1600026667111118	1.685608064489934
0.1600526675444591	2.506618010554983
0.1601026683778063	3.191813780509903
0.1601526692111535	3.3855898554012387
0.1602026700445007	3.0391747301057515
0.1602526708778479	2.172165403682874
0.1603026717111952	1.1141715901104066
0.1603526725445424	0.25191820938024
0.1604026733778896	-0.1974128361814557
0.1604526742112368	-0.0985980448743488
0.1605026750445841	0.4021009617970015
0.1605526758779313	1.0135261509223017
0.1606026767112785	1.3746557428917985
0.1606526775446257	1.1557528575077858
0.1607026783779729	0.3433291930577807
0.1607526792113202	-0.9485972219971198
0.1608026800446674	-2.305810568478302
0.1608526808780146	-3.3518147308989925
0.1609026817113618	-3.7606764579126497
0.1609526825447091	-3.475121792408008
0.1610026833780563	-2.6938515151387192
0.1610526842114035	-1.7900252030215686
0.1611026850447507	-1.1941767180657423
0.1611526858780979	-1.2292574313022209
0.1612026867114452	-1.945292972656183
0.1612526875447924	-3.165165872799535
0.1613026883781396	-4.370276173790774
0.1613526892114868	-5.123119409266369
0.1614026900448341	-5.030744750753311
0.1614526908781813	-3.974280841958115
0.1615026917115285	-2.153993790692383
0.1615526925448757	-0.0999164231663019
0.161602693378223	1.630095552784279
0.1616526942115702	2.600356114916231
0.1617026950449174	2.4792917973278805
0.1617526958782646	1.5102317042550617
0.1618026967116118	0.0374563022507317
0.1618526975449591	-1.3593125011108382
0.1619026983783063	-2.113779067947148
0.1619526992116535	-2.022867443106489
0.1620027000450007	-1.1276203314677726
0.162052700878348	0.2045232905032318
0.1621027017116952	1.4758199681746773
0.1621527025450424	2.114781675126148
0.1622027033783896	1.905270912492621
0.1622527042117368	0.8695107600962143
0.1623027050450841	-0.692935536173694
0.1623527058784313	-2.186182336551347
0.1624027067117785	-3.16041421281468
0.1624527075451257	-3.2362455354595463
0.162502708378473	-2.4107916853816
0.1625527092118202	-0.9765271591208716
0.1626027100451674	0.4957674695464841
0.1626527108785146	1.5140363955104092
0.1627027117118618	1.6718176700161995
0.1627527125452091	0.8466138174393166
0.1628027133785563	-0.6876117866997734
0.1628527142119035	-2.582437630433164
0.1629027150452507	-4.2571901874415
0.162952715878598	-5.361361629677478
0.1630027167119452	-5.720954963392059
0.1630527175452924	-5.420369457098492
0.1631027183786396	-4.849211469546039
0.1631527192119868	-4.343514899603195
0.1632027200453341	-4.253757005185644
0.1632527208786813	-4.631862664702854
0.1633027217120285	-5.374794440645866
0.1633527225453757	-6.224013675620979
0.163402723378723	-6.831331009690607
0.1634527242120702	-6.947841818037735
0.1635027250454174	-6.507577154569196
0.1635527258787646	-5.5956537574788126
0.1636027267121118	-4.568055702807199
0.1636527275454591	-3.648957765208088
0.1637027283788063	-3.0212542482791007
0.1637527292121535	-2.7531915893990444
0.1638027300455007	-2.667603069616603
0.163852730878848	-2.628491389946242
0.1639027317121952	-2.3773661007398768
0.1639527325455424	-1.873882434545062
0.1640027333788896	-1.2369183244832205
0.1640527342122369	-0.6755104709503523
0.1641027350455841	-0.5410020030013937
0.1641527358789313	-0.9938462395230568
0.1642027367122785	-2.035362003592625
0.1642527375456257	-3.406040615245018
0.164302738378973	-4.636402329834461
0.1643527392123202	-5.227813304428998
0.1644027400456674	-4.808629286937796
0.1644527408790146	-3.2636974809596584
0.1645027417123619	-0.8995845026002486
0.1645527425457091	1.6531920613622448
0.1646027433790563	3.724855144249884
0.1646527442124035	4.618111746786893
0.1647027450457507	4.010205736242267
0.164752745879098	1.9036456924884524
0.1648027467124452	-1.0944639516924943
0.1648527475457924	-4.215491016400713
0.1649027483791396	-6.599287547916147
0.1649527492124869	-7.567719639755281
0.1650027500458341	-6.860814482727303
0.1650527508791813	-4.710513103048728
0.1651027517125285	-1.7074756304350005
0.1651527525458757	1.3356504856881632
0.165202753379223	3.651286464408463
0.1652527542125702	4.731974314654089
0.1653027550459174	4.561706130523977
0.1653527558792646	3.4356949226796
0.1654027567126119	1.92616244439871
0.1654527575459591	0.7300514552470396
0.1655027583793063	0.3364680942499148
0.1655527592126535	0.9057015043184536
0.1656027600460007	2.2281666864157064
0.165652760879348	3.866255300083461
0.1657027617126952	5.22442656348332
0.1657527625460424	5.837499082255866
0.1658027633793896	5.446189282181056
0.1658527642127369	4.111323085567409
0.1659027650460841	2.2166695996893733
0.1659527658794313	0.2673117927707663
0.1660027667127785	-1.0948693217520569
0.1660527675461257	-1.5672025992691982
0.166102768379473	-0.9156751751134232
0.1661527692128202	0.7381750522006048
0.1662027700461674	3.0273010351709777
0.1662527708795146	5.42235205522987
0.1663027717128619	7.427366310160249
0.1663527725462091	8.611451536654837
0.1664027733795563	8.733677005389577
0.1664527742129035	7.683714500601651
0.1665027750462508	5.65442091004165
0.166552775879598	2.889898725590278
0.1666027767129452	-0.1915948830864354
0.1666527775462924	-3.224077288152647
0.1667027783796396	-5.786540545629998
0.1667527792129869	-7.58745237331317
0.1668027800463341	-8.46167171698573
0.1668527808796813	-8.387634407006432
0.1669027817130285	-7.559532083335883
0.1669527825463758	-6.239643721408184
0.167002783379723	-4.859712910863759
0.1670527842130702	-3.784024494296707
0.1671027850464174	-3.243395600897859
0.1671527858797646	-3.347734656754968
0.1672027867131119	-3.987835538937709
0.1672527875464591	-4.938394404141641
0.1673027883798063	-5.810820322310027
0.1673527892131535	-6.301225647228984
0.1674027900465008	-6.236820618057748
0.167452790879848	-5.664296165725579
0.1675027917131952	-4.673890009541339
0.1675527925465424	-3.650634518029363
0.1676027933798896	-2.838624259775911
0.1676527942132369	-2.531118854985852
0.1677027950465841	-2.724617367043954
0.1677527958799313	-3.2865479455076736
0.1678027967132785	-3.956887293252931
0.1678527975466258	-4.428822844209026
0.167902798379973	-4.514941003316221
0.1679527992133202	-4.137146510015724
0.1680028000466674	-3.4427130685278957
0.1680528008800146	-2.662375777742405
0.1681028017133619	-2.048779759077663
0.1681528025467091	-1.8440777714873775
0.1682028033800563	-2.010648696415023
0.1682528042134035	-2.446606227947691
0.1683028050467508	-2.787772243805963
0.168352805880098	-2.8136960500065404
0.1684028067134452	-2.3065406976102394
0.1684528075467924	-1.2305205659545186
0.1685028083801396	0.1649890410377669
0.1685528092134869	1.4749518883506334
0.1686028100468341	2.4435563743068625
0.1686528108801813	2.688911783049548
0.1687028117135285	2.1667553859775786
0.1687528125468758	1.1031602327097167
0.168802813380223	-0.2073216243546258
0.1688528142135702	-1.363896573565687
0.1689028150469174	-2.013885393632637
0.1689528158802647	-2.145768680159047
0.1690028167136119	-1.805106567869926
0.1690528175469591	-1.354752950864617
0.1691028183803063	-1.146327438924865
0.1691528192136535	-1.4143549568233926
0.1692028200470008	-2.1742406244331685
0.169252820880348	-3.162912063980008
0.1693028217136952	-3.962920064799047
0.1693528225470424	-4.0840716313037655
0.1694028233803897	-3.2290381330035007
0.1694528242137369	-1.3398800084444702
0.1695028250470841	1.253004961662692
0.1695528258804313	3.981081611628987
0.1696028267137785	6.088373814591211
0.1696528275471258	7.050344788293026
0.169702828380473	6.539812444318514
0.1697528292138202	4.70566967267126
0.1698028300471674	2.043499884835868
0.1698528308805147	-0.7089712313217864
0.1699028317138619	-2.855078053153889
0.1699528325472091	-3.865866765778402
0.1700028333805563	-3.60996237659226
0.1700528342139035	-2.3818452959458862
0.1701028350472508	-0.7498234563579018
0.170152835880598	0.6289350653942015
0.1702028367139452	1.26422490118602
0.1702528375472924	0.8906318533300639
0.1703028383806397	-0.2962011774324689
0.1703528392139869	-1.8884331252988225
0.1704028400473341	-3.285642509772209
0.1704528408806813	-4.074676099394733
0.1705028417140285	-3.925620340633498
0.1705528425473758	-2.9662791869019776
0.170602843380723	-1.642879996071159
0.1706528442140702	-0.4201249814933925
0.1707028450474174	0.2315738886815839
0.1707528458807647	0.0800428744571587
0.1708028467141119	-0.7653696276965591
0.1708528475474591	-1.9547540866404909
0.1709028483808063	-2.972670731602004
0.1709528492141535	-3.410702296322743
0.1710028500475008	-2.976428558879068
0.171052850880848	-1.7830936428780355
0.1711028517141952	-0.2325606139841382
0.1711528525475424	1.1414789854005545
0.1712028533808897	1.8337961801104032
0.1712528542142369	1.5142146711237254
0.1713028550475841	0.2124517485447186
0.1713528558809313	-1.6990644021493535
0.1714028567142786	-3.6617908694462615
0.1714528575476258	-5.082796098317354
0.171502858380973	-5.437067639991175
0.1715528592143202	-4.607899680953997
0.1716028600476674	-2.752509350675536
0.1716528608810147	-0.3591914848706858
0.1717028617143619	1.9836652376105608
0.1717528625477091	3.695256341615493
0.1718028633810563	4.446094773400946
0.1718528642144036	4.170669416580702
0.1719028650477508	3.1149438360709225
0.171952865881098	1.6344953372077264
0.1720028667144452	0.1312848726192155
0.1720528675477924	-0.9865001221411508
0.1721028683811397	-1.6285481834075808
0.1721528692144869	-1.916632315093444
0.1722028700478341	-2.0148138080207536
0.1722528708811813	-2.1508947925421085
0.1723028717145286	-2.597917622591365
0.1723528725478758	-3.3224887140936925
0.172402873381223	-4.19763168577043
0.1724528742145702	-5.009763167646458
0.1725028750479174	-5.457102047166659
0.1725528758812647	-5.383647668151776
0.1726028767146119	-4.682014673422757
0.1726528775479591	-3.464575874066909
0.1727028783813063	-1.9440406202201483
0.1727528792146536	-0.4760424812057988
0.1728028800480008	0.7128695048715171
0.172852880881348	1.3527195310573163
0.1729028817146952	1.388037724973526
0.1729528825480424	0.8271645658181235
0.1730028833813897	-0.2178638619311319
0.1730528842147369	-1.5082024540844283
0.1731028850480841	-2.843315426936436
0.1731528858814313	-4.054194760720762
0.1732028867147786	-4.93565805367431
0.1732528875481258	-5.3837134749186095
0.173302888381473	-5.283852035152038
0.1733528892148202	-4.690687935000399
0.1734028900481674	-3.649564767151577
0.1734528908815147	-2.316639533228121
0.1735028917148619	-0.8981757688744877
0.1735528925482091	0.3616556403083235
0.1736028933815563	1.2415948347954269
0.1736528942149036	1.5585343365987665
0.1737028950482508	1.2854896490457306
0.173752895881598	0.4732968904809274
0.1738028967149452	-0.7076989084166315
0.1738528975482925	-2.043716150678682
0.1739028983816397	-3.291779006168125
0.1739528992149869	-4.3300061768882045
0.1740029000483341	-5.058243031970298
0.1740529008816813	-5.528295166552031
0.1741029017150286	-5.800883280839431
0.1741529025483758	-5.997390176183004
0.174202903381723	-6.138915873578294
0.1742529042150702	-6.258307210291254
0.1743029050484175	-6.211531640529641
0.1743529058817647	-5.917715731614044
0.1744029067151119	-5.301477710285988
0.1744529075484591	-4.328988503824941
0.1745029083818063	-3.091880932414824
0.1745529092151536	-1.795759345578806
0.1746029100485008	-0.6642712946420888
0.174652910881848	0.1637788191179293
0.1747029117151952	0.5293981138873696
0.1747529125485425	0.4710185749651667
0.1748029133818897	0.1467170781398272
0.1748529142152369	-0.2123099284750549
0.1749029150485841	-0.4256975170223556
0.1749529158819313	-0.3240218716346177
0.1750029167152786	0.0731156165990026
0.1750529175486258	0.6816935831265765
0.175102918381973	1.321690942703492
0.1751529192153202	1.8138454899761045
0.1752029200486675	2.025584853405056
0.1752529208820147	1.9671456894979744
0.1753029217153619	1.7465799321577369
0.1753529225487091	1.6618942391919025
0.1754029233820563	1.9110126445442004
0.1754529242154036	2.621085610671708
0.1755029250487508	3.7969758576124817
0.175552925882098	5.280068452815256
0.1756029267154452	6.72749561095167
0.1756529275487925	7.8847153211823455
0.1757029283821397	8.398260600619338
0.1757529292154869	8.083709160345766
0.1758029300488341	7.025085247332407
0.1758529308821813	5.391747558159901
0.1759029317155286	3.501071001248844
0.1759529325488758	1.655055434077436
0.176002933382223	0.135276514494033
0.1760529342155702	-0.91543563568798
0.1761029350489175	-1.4892362206635017
0.1761529358822647	-1.6773931435820562
0.1762029367156119	-1.6387624771543958
0.1762529375489591	-1.53618848494526
0.1763029383823064	-1.445678061894753
0.1763529392156536	-1.4373168955968176
0.1764029400490008	-1.466278344003196
0.176452940882348	-1.4729910132812345
0.1765029417156952	-1.371816261880462
0.1765529425490425	-1.1326565618612097
0.1766029433823897	-0.7796441266662077
0.1766529442157369	-0.3219029362937973
0.1767029450490841	0.2462252838902016
0.1767529458824314	0.9415036824377598
0.1768029467157786	1.6235379187183208
0.1768529475491258	2.3432960766454065
0.176902948382473	2.997044503920263
0.1769529492158202	3.487673130863123
0.1770029500491675	3.657475065252992
0.1770529508825147	3.4351915330474445
0.1771029517158619	2.8320496398296444
0.1771529525492091	1.7954213324671684
0.1772029533825564	0.5420979951845801
0.1772529542159036	-0.6120403785225426
0.1773029550492508	-1.4138487871397438
0.177352955882598	-1.6325862997155205
0.1774029567159452	-1.172212868355481
0.1774529575492925	-0.1102326652405046
0.1775029583826397	1.3335676670946963
0.1775529592159869	2.669585177184838
0.1776029600493341	3.5185656130748955
0.1776529608826814	3.6602018892157138
0.1777029617160286	2.955615207406105
0.1777529625493758	1.5986291818670813
0.177802963382723	-0.0217401187502609
0.1778529642160702	-1.4972132239728713
0.1779029650494175	-2.367133779201973
0.1779529658827647	-2.408538069260969
0.1780029667161119	-1.6934282347467686
0.1780529675494591	-0.5128437138197002
0.1781029683828064	0.6370297337936633
0.1781529692161536	1.261159961426478
0.1782029700495008	0.963838336807061
0.178252970882848	-0.3586985885339135
0.1783029717161952	-2.5555784122162484
0.1783529725495425	-5.173473700071001
0.1784029733828897	-7.630524009593457
0.1784529742162369	-9.405099446780971
0.1785029750495841	-10.093383355583534
0.1785529758829314	-9.565030687886011
0.1786029767162786	-7.967554472384463
0.1786529775496258	-5.715762878982801
0.178702978382973	-3.2407140200981157
0.1787529792163203	-0.9598226250096898
0.1788029800496675	0.8044107047727592
0.1788529808830147	1.9598443281871696
0.1789029817163619	2.57931288999464
0.1789529825497091	2.77361747144135
0.1790029833830564	2.799474259404985
0.1790529842164036	2.7545290588684512
0.1791029850497508	2.6881660270931267
0.179152985883098	2.6378428273889463
0.1792029867164453	2.533814896458103
0.1792529875497925	2.330389118142811
0.1793029883831397	2.031679338163295
0.1793529892164869	1.750092109428944
0.1794029900498341	1.5117840155381128
0.1794529908831814	1.4454910042481246
0.1795029917165286	1.578301140096792
0.1795529925498758	1.8083784937543652
0.179602993383223	2.071016793153761
0.1796529942165703	2.211543212809313
0.1797029950499175	2.148616699868379
0.1797529958832647	1.8811443784432555
0.1798029967166119	1.5459774970368452
0.1798529975499591	1.2709616398140384
0.1799029983833064	1.3016824468136314
0.1799529992166536	1.7105342137623625
0.1800030000500008	2.4822805536311376
0.180053000883348	3.433416608019678
0.1801030017166953	4.211421248679096
0.1801530025500425	4.555449727319533
0.1802030033833897	4.145760073191133
0.1802530042167369	2.899263297985374
0.1803030050500841	0.9163612289580996
0.1803530058834314	-1.4129789648181312
0.1804030067167786	-3.618021410858701
0.1804530075501258	-5.195716451795441
0.180503008383473	-5.843920430962426
0.1805530092168203	-5.486057586876692
0.1806030100501675	-4.316737408222376
0.1806530108835147	-2.771091898310519
0.1807030117168619	-1.3505121301195715
0.1807530125502091	-0.5112578423419843
0.1808030133835564	-0.4753680040087181
0.1808530142169036	-1.2449506946651177
0.1809030150502508	-2.4834166330725704
0.180953015883598	-3.7139250057432056
0.1810030167169453	-4.371662898948967
0.1810530175502925	-4.09765851381061
0.1811030183836397	-2.832453695446733
0.1811530192169869	-0.7274561228051827
0.1812030200503342	1.7102621697133138
0.1812530208836814	3.835921889704279
0.1813030217170286	5.064957072829961
0.1813530225503758	4.971621336587304
0.181403023383723	3.571148925794264
0.1814530242170703	1.0727236848492592
0.1815030250504175	-1.8999129796341567
0.1815530258837647	-4.69955370608562
0.1816030267171119	-6.698040597397193
0.1816530275504592	-7.44538678977844
0.1817030283838064	-6.853055383957916
0.1817530292171536	-5.160333513412512
0.1818030300505008	-2.880989218153173
0.181853030883848	-0.563228328940529
0.1819030317171953	1.2200277041808163
0.1819530325505425	2.118598846405489
0.1820030333838897	2.0490240953038787
0.1820530342172369	1.2170570287646538
0.1821030350505842	-0.0660336582290008
0.1821530358839314	-1.36239058713945
0.1822030367172786	-2.372835945890861
0.1822530375506258	-2.8889222993178088
0.182303038383973	-2.975768753510935
0.1823530392173203	-2.897084334439465
0.1824030400506675	-2.88657208816985
0.1824530408840147	-3.2306636650608382
0.1825030417173619	-4.0493292552130855
0.1825530425507092	-5.215767094632112
0.1826030433840564	-6.5110746341641015
0.1826530442174036	-7.466669432785085
0.1827030450507508	-7.763468148245133
0.182753045884098	-7.115025498049916
0.1828030467174453	-5.53860606228073
0.1828530475507925	-3.2715907239100046
0.1829030483841397	-0.8198537174532785
0.1829530492174869	1.3169112046831382
0.1830030500508342	2.5576102935919725
0.1830530508841814	2.6648390551613512
0.1831030517175286	1.565126330411991
0.1831530525508758	-0.4324387704179492
0.1832030533842231	-2.8559571257176435
0.1832530542175703	-5.102707908321898
0.1833030550509175	-6.596271538199187
0.1833530558842647	-7.07959787819987
0.1834030567176119	-6.475343576424659
0.1834530575509592	-4.965823526001225
0.1835030583843064	-2.996985246128156
0.1835530592176536	-1.025899655098907
0.1836030600510008	0.4826195547588468
0.1836530608843481	1.3074344391941497
0.1837030617176953	1.4452033487332858
0.1837530625510425	1.11126134254564
0.1838030633843897	0.578441285683397
0.1838530642177369	0.1587228555363563
0.1839030650510842	-0.0371808676547503
0.1839530658844314	0.0839371746288967
0.1840030667177786	0.3130489326749168
0.1840530675511258	0.4486437433001354
0.1841030683844731	0.1919142054815446
0.1841530692178203	-0.551713235236874
0.1842030700511675	-1.7985973772876829
0.1842530708845147	-3.3494108406648078
0.1843030717178619	-4.909133347865668
0.1843530725512092	-6.136375493126766
0.1844030733845564	-6.733338792033413
0.1844530742179036	-6.638988291512501
0.1845030750512508	-5.936220818412047
0.1845530758845981	-4.872958884291196
0.1846030767179453	-3.720365076630304
0.1846530775512925	-2.925300036988561
0.1847030783846397	-2.654757740564225
0.1847530792179869	-2.963794164306987
0.1848030800513342	-3.7877416231167182
0.1848530808846814	-4.899265732066332
0.1849030817180286	-6.003159559336951
0.1849530825513758	-6.867980424358037
0.1850030833847231	-7.3272357322976465
0.1850530842180703	-7.3869560557211695
0.1851030850514175	-7.055960526031425
0.1851530858847647	-6.481655223499487
0.1852030867181119	-5.8369775236013846
0.1852530875514592	-5.181232952564844
0.1853030883848064	-4.549983591124805
0.1853530892181536	-4.006682420804767
0.1854030900515008	-3.4855768036728603
0.1854530908848481	-3.015750051508
0.1855030917181953	-2.656126584919602
0.1855530925515425	-2.4106607283577834
0.1856030933848897	-2.385736271658451
0.185653094218237	-2.6011497622868798
0.1857030950515842	-2.9770923497020165
0.1857530958849314	-3.3261357417151984
0.1858030967182786	-3.467611166346207
0.1858530975516258	-3.1660557623631704
0.1859030983849731	-2.285877431960208
0.1859530992183203	-0.8075557166985388
0.1860031000516675	1.1585270208819616
0.1860531008850147	3.260711912436263
0.186103101718362	5.143980667703601
0.1861531025517092	6.43680223216066
0.1862031033850564	6.8037581333043295
0.1862531042184036	6.186861992184046
0.1863031050517508	4.698405120017952
0.1863531058850981	2.665798230436384
0.1864031067184453	0.5270201253739664
0.1864531075517925	-1.2794451060931158
0.1865031083851397	-2.43830672289161
0.186553109218487	-2.779982323530976
0.1866031100518342	-2.465616474770782
0.1866531108851814	-1.6411151487700806
0.1867031117185286	-0.8664209061998763
0.1867531125518758	-0.3283642339895744
0.1868031133852231	-0.3497076152427142
0.1868531142185703	-0.924508677568546
0.1869031150519175	-1.913332474731268
0.1869531158852647	-3.0194778938155715
0.187003116718612	-3.831041318472071
0.1870531175519592	-4.095083823487299
0.1871031183853064	-3.644061491968595
0.1871531192186536	-2.6093915265980328
0.1872031200520008	-1.2146757733629625
0.1872531208853481	0.1916816352773171
0.1873031217186953	1.162547515160592
0.1873531225520425	1.3961592852588365
0.1874031233853897	0.8132007984236254
0.187453124218737	-0.5060697600424826
0.1875031250520842	-2.188922110431258
0.1875531258854314	-3.8324119269036574
0.1876031267187786	-4.95525909407922
0.1876531275521258	-5.302317957952121
0.1877031283854731	-4.736666255889078
0.1877531292188203	-3.385440928388851
0.1878031300521675	-1.6110268922103383
0.1878531308855147	0.2167489842619291
0.187903131718862	1.64260919292662
0.1879531325522092	2.397389438586583
0.1880031333855564	2.405227337131487
0.1880531342189036	1.784456241299786
0.1881031350522509	0.8344804290309529
0.1881531358855981	-0.0421444652081837
0.1882031367189453	-0.4737188393081913
0.1882531375522925	-0.3203177311162725
0.1883031383856397	0.4708426585536723
0.188353139218987	1.7296714695411488
0.1884031400523342	3.065537836545285
0.1884531408856814	4.16562449406471
0.1885031417190286	4.681374800760689
0.1885531425523759	4.4207188098068295
0.1886031433857231	3.431624856817752
0.1886531442190703	1.819293626587339
0.1887031450524175	-0.1119239431989477
0.1887531458857647	-1.9907262120830331
0.188803146719112	-3.5746000497432866
0.1888531475524592	-4.686625631342258
0.1889031483858064	-5.237636920395625
0.1889531492191536	-5.2453624752936285
0.1890031500525009	-4.793225571815269
0.1890531508858481	-4.027402046654607
0.1891031517191953	-3.0348354159385336
0.1891531525525425	-1.8661518314863443
0.1892031533858897	-0.6868074724314774
0.189253154219237	0.5152339708938322
0.1893031550525842	1.6515293512077371
0.1893531558859314	2.567766855479699
0.1894031567192786	3.208499287873841
0.1894531575526259	3.445801518156983
0.1895031583859731	3.264772737700212
0.1895531592193203	2.743671640070002
0.1896031600526675	1.9758403675625604
0.1896531608860147	1.224000029849755
0.189703161719362	0.6177720857115617
0.1897531625527092	0.3217840284731338
0.1898031633860564	0.3984135709726275
0.1898531642194036	0.8268583412719179
0.1899031650527509	1.441289020077426
0.1899531658860981	2.1126729743792563
0.1900031667194453	2.727167769454656
0.1900531675527925	3.1273940973800243
0.1901031683861397	3.385067102176491
0.190153169219487	3.5112299682988883
0.1902031700528342	3.6411400920321935
0.1902531708861814	3.8331353300200384
0.1903031717195286	4.127101586236341
0.1903531725528759	4.465353210971379
0.1904031733862231	4.697208967901929
0.1904531742195703	4.7082791045648325
0.1905031750529175	4.367220857657784
0.1905531758862648	3.636814755715028
0.190603176719612	2.5530088323795392
0.1906531775529592	1.284832975577926
0.1907031783863064	-0.0466690817948057
0.1907531792196536	-1.1771207865816338
0.1908031800530009	-2.0113524429653697
0.1908531808863481	-2.4869923116721897
0.1909031817196953	-2.654782590531524
0.1909531825530425	-2.6239086660514146
0.1910031833863898	-2.536261014475857
0.191053184219737	-2.4070959962856486
0.1911031850530842	-2.303902814606408
0.1911531858864314	-2.2432305217973285
0.1912031867197786	-2.1503241713719623
0.1912531875531259	-1.9777051820791265
0.1913031883864731	-1.802794658811008
0.1913531892198203	-1.652056636622403
0.1914031900531675	-1.6144007630498578
0.1914531908865148	-1.7905906088678298
0.191503191719862	-2.2103587975911534
0.1915531925532092	-2.7024432853021016
0.1916031933865564	-3.170641100676206
0.1916531942199036	-3.3444497013655687
0.1917031950532509	-3.0291502750625763
0.1917531958865981	-2.1821982955492887
0.1918031967199453	-0.830585809172095
0.1918531975532925	0.781055416435926
0.1919031983866398	2.2925843627381783
0.191953199219987	3.361061426530924
0.1920032000533342	3.760608334816724
0.1920532008866814	3.361602775937352
0.1921032017200286	2.374808332540587
0.1921532025533759	1.102799864899176
0.1922032033867231	-0.0295151753651594
0.1922532042200703	-0.6539336154281554
0.1923032050534175	-0.572375496363176
0.1923532058867648	0.202920325154252
0.192403206720112	1.3826944466693287
0.1924532075534592	2.5283438167664998
0.1925032083868064	3.2709433645583856
0.1925532092201536	3.24639179842046
0.1926032100535009	2.460068536519153
0.1926532108868481	1.0932653513105173
0.1927032117201953	-0.4215247436367179
0.1927532125535425	-1.5838659602205885
0.1928032133868898	-1.9594145008491444
0.192853214220237	-1.4010651126992333
0.1929032150535842	0.0507690915985511
0.1929532158869314	2.006491251525305
0.1930032167202787	3.970348509378762
0.1930532175536259	5.396195181523042
0.1931032183869731	5.866409080976191
0.1931532192203203	5.314105098056901
0.1932032200536675	3.876558784124379
0.1932532208870148	1.8698497375675036
0.193303221720362	-0.1647531939467682
0.1933532225537092	-1.7799448039743322
0.1934032233870564	-2.663699714219232
0.1934532242204037	-2.7770859205920626
0.1935032250537509	-2.2698053341145563
0.1935532258870981	-1.3913148824390211
0.1936032267204453	-0.4782869165825381
0.1936532275537925	0.2635256759963174
0.1937032283871398	0.6856360066586968
0.193753229220487	0.8034577584615142
0.1938032300538342	0.7639750839105703
0.1938532308871814	0.7574863857017985
0.1939032317205287	0.8744226799427733
0.1939532325538759	1.1473518977629662
0.1940032333872231	1.518831403433694
0.1940532342205703	1.777388820561296
0.1941032350539175	1.7810596359043156
0.1941532358872648	1.4599130941759992
0.194203236720612	0.7485500697336623
0.1942532375539592	-0.2081004409160735
0.1943032383873064	-1.224845820197924
0.1943532392206537	-2.110845510243385
0.1944032400540009	-2.661286146369605
0.1944532408873481	-2.828850833802821
0.1945032417206953	-2.57838373688921
0.1945532425540425	-2.004742015454441
0.1946032433873898	-1.2658102518888583
0.194653244220737	-0.5618075933495348
0.1947032450540842	0.0188266636178774
0.1947532458874314	0.3688701925851347
0.1948032467207787	0.5351340418804441
0.1948532475541259	0.5146719064187044
0.1949032483874731	0.3445033925425131
0.1949532492208203	0.1614562352535976
0.1950032500541675	-0.0235768639981044
0.1950532508875148	-0.1725128902437197
0.195103251720862	-0.2413786033794785
0.1951532525542092	-0.220367599318493
0.1952032533875564	-0.1103710593965012
0.1952532542209037	0.0607999096413059
0.1953032550542509	0.2803030963774119
0.1953532558875981	0.5321055011942438
0.1954032567209453	0.7626633607070611
0.1954532575542926	0.989316046139776
0.1955032583876398	1.107599290348178
0.195553259220987	1.164809311905784
0.1956032600543342	1.103435307308681
0.1956532608876814	0.917296874917964
0.1957032617210287	0.6298546524471462
0.1957532625543759	0.1620931187197861
0.1958032633877231	-0.4851428150390331
0.1958532642210703	-1.3025321346973402
0.1959032650544176	-2.2292762703068973
0.1959532658877648	-3.251768963416402
0.196003266721112	-4.203624226669813
0.1960532675544592	-4.972249251545264
0.1961032683878064	-5.367828901931394
0.1961532692211537	-5.362894415702288
0.1962032700545009	-4.862864169871243
0.1962532708878481	-4.00857943615427
0.1963032717211953	-3.0035498677706345
0.1963532725545426	-2.0207386613742084
0.1964032733878898	-1.398362848399246
0.196453274221237	-1.1971304840071637
0.1965032750545842	-1.4730003086030232
0.1965532758879314	-2.141488688144253
0.1966032767212787	-2.960574362618264
0.1966532775546259	-3.639984005116297
0.1967032783879731	-3.998429844412346
0.1967532792213203	-3.948775909633471
0.1968032800546676	-3.491694533030945
0.1968532808880148	-2.860860395311293
0.196903281721362	-2.2346935203411338
0.1969532825547092	-1.7892848717612777
0.1970032833880564	-1.6057749834782848
0.1970532842214037	-1.6058258237079022
0.1971032850547509	-1.588386118700701
0.1971532858880981	-1.322040913149186
0.1972032867214453	-0.7128570166093674
0.1972532875547926	0.306699623026488
0.1973032883881398	1.536066209910761
0.197353289221487	2.6624809849702484
0.1974032900548342	3.266992453808492
0.1974532908881814	3.1440501208950917
0.1975032917215287	2.2255391245184284
0.1975532925548759	0.6931368365814395
0.1976032933882231	-0.9033910549693916
0.1976532942215703	-2.124812493610683
0.1977032950549176	-2.459174689467688
0.1977532958882648	-1.73881616546279
0.197803296721612	0.0085499348690801
0.1978532975549592	2.1798851623785698
0.1979032983883065	4.156932820233337
0.1979532992216537	5.189919462034809
0.1980033000550009	4.824062127878202
0.1980533008883481	2.991408490862831
0.1981033017216953	0.0897455930130916
0.1981533025550426	-3.168120830456536
0.1982033033883898	-5.889033811889963
0.198253304221737	-7.310174803907936
0.1983033050550842	-6.99113641226241
0.1983533058884315	-5.033718109873511
0.1984033067217787	-1.990248918067276
0.1984533075551259	1.3012037012959696
0.1985033083884731	3.9263006873107695
0.1985533092218203	5.226124200485501
0.1986033100551676	5.067851666577428
0.1986533108885148	3.667164386315217
0.198703311721862	1.7342189466241935
0.1987533125552092	0.0696680813570478
0.1988033133885565	-0.5810692968780056
0.1988533142219037	0.0825973893787392
0.1989033150552509	2.0457443590557856
0.1989533158885981	4.65614233204817
0.1990033167219453	7.14433756281654
0.1990533175552926	8.754748589080918
0.1991033183886398	8.98202620073945
0.199153319221987	7.777652985607033
0.1992033200553342	5.506363406923782
0.1992533208886815	2.8521072407336474
0.1993033217220287	0.6255142105985053
0.1993533225553759	-0.5159478793959319
0.1994033233887231	-0.3247190052780349
0.1994533242220703	1.074750889899087
0.1995033250554176	3.1702507969550666
0.1995533258887648	5.285978090082544
0.199603326722112	6.687619242370266
0.1996533275554592	6.936052071968153
0.1997033283888065	5.881377009944327
0.1997533292221537	3.780195472802447
0.1998033300555009	1.020854389372705
0.1998533308888481	-1.7957771317528244
0.1999033317221953	-4.141121947895615
0.1999533325555426	-5.725944800273632
0.2000033333888898	-6.439538874688378
0.200053334222237	-6.384298385208384
0.2001033350555842	-5.736631894290031
0.2001533358889315	-4.826027437401951
0.2002033367222787	-3.845146924585423
0.2002533375556259	-2.9769074257222568
0.2003033383889731	-2.31673551255267
0.2003533392223204	-1.998126744256997
0.2004033400556676	-2.039286347624122
0.2004533408890148	-2.511072024063902
0.200503341722362	-3.477848087155643
0.2005533425557092	-4.806919842052086
0.2006033433890565	-6.358956870746032
0.2006533442224037	-7.8295383422572336
0.2007033450557509	-8.854332127297559
0.2007533458890981	-9.071145686424757
0.2008033467224454	-8.336428412932612
0.2008533475557926	-6.614248189292876
0.2009033483891398	-4.130632727852404
0.200953349222487	-1.2891971213272468
0.2010033500558342	1.468852618387026
0.2010533508891815	3.685823083616024
0.2011033517225287	5.098234263745622
0.2011533525558759	5.661448456777739
0.2012033533892231	5.524417853259503
0.2012533542225704	5.054956753522071
0.2013033550559176	4.498227232476774
0.2013533558892648	4.10405801976736
0.201403356722612	3.967993548384101
0.2014533575559592	3.947615530781745
0.2015033583893065	3.8233865707290153
0.2015533592226537	3.371380925332073
0.2016033600560009	2.4159080343477712
0.2016533608893481	1.0066765464048146
0.2017033617226954	-0.6029222851492794
0.2017533625560426	-2.1381227122306683
0.2018033633893898	-3.2257069149761533
0.201853364222737	-3.55616964270387
0.2019033650560842	-3.074195522792633
0.2019533658894315	-1.8617896581485935
0.2020033667227787	-0.296592213230165
0.2020533675561259	1.316855010014233
0.2021033683894731	2.56840704429443
0.2021533692228204	3.202376269017324
0.2022033700561676	3.0893949034990644
0.2022533708895148	2.2829630376088934
0.202303371722862	0.976278618675388
0.2023533725562092	-0.6152876367306032
0.2024033733895565	-2.319476251243403
0.2024533742229037	-3.838924758444481
0.2025033750562509	-5.144697616057639
0.2025533758895981	-6.100453010708646
0.2026033767229454	-6.642775395604236
0.2026533775562926	-6.67982054020446
0.2027033783896398	-6.242313266377618
0.202753379222987	-5.357748537635364
0.2028033800563343	-4.099390512257682
0.2028533808896815	-2.6719053692826438
0.2029033817230287	-1.3153944085104396
0.2029533825563759	-0.2730785391108324
0.2030033833897231	0.3218810275290046
0.2030533842230704	0.3594439072497993
0.2031033850564176	0.0747761022321851
0.2031533858897648	-0.3384578451044606
0.203203386723112	-0.5936245356554688
0.2032533875564593	-0.4019786145378858
0.2033033883898065	0.2870359846521972
0.2033533892231537	1.433545158638053
0.2034033900565009	2.670899206112093
0.2034533908898481	3.720609170290162
0.2035033917231954	4.151888107906369
0.2035533925565426	3.848434716371624
0.2036033933898898	2.762902474717399
0.203653394223237	1.1904855770020164
0.2037033950565843	-0.4276489668786507
0.2037533958899315	-1.7644272349157415
0.2038033967232787	-2.414918864009062
0.2038533975566259	-2.3487764085023994
0.2039033983899731	-1.7128683475577362
0.2039533992233204	-0.8086540795324803
0.2040034000566676	-0.000637699526324
0.2040534008900148	0.3521049098483457
0.204103401723362	0.2038822023340289
0.2041534025567093	-0.3696352229844791
0.2042034033900565	-1.0593780263851589
0.2042534042234037	-1.4923287446844635
0.2043034050567509	-1.4058592033890989
0.2043534058900981	-0.7363057891579904
0.2044034067234454	0.4083310732081746
0.2044534075567926	1.65803966392865
0.2045034083901398	2.625937183256571
0.204553409223487	2.973081586871229
0.2046034100568343	2.5392875302443696
0.2046534108901815	1.4630151117329386
0.2047034117235287	0.0689550198963373
0.2047534125568759	-1.1607158808661726
0.2048034133902231	-1.859959005722412
0.2048534142235704	-1.7719524650784666
0.2049034150569176	-0.959285657459986
0.2049534158902648	0.3458863500080821
0.205003416723612	1.764033575522208
0.2050534175569593	2.8594603167150874
0.2051034183903065	3.469293839621215
0.2051534192236537	3.465665172507637
0.2052034200570009	3.052697124565771
0.2052534208903482	2.4915414198983767
0.2053034217236954	2.076282983970253
0.2053534225570426	1.994917852374227
0.2054034233903898	2.276073839092931
0.205453424223737	2.7734603360304595
0.2055034250570843	3.239172492769389
0.2055534258904315	3.4276582730329164
0.2056034267237787	3.1925325837905523
0.2056534275571259	2.5433429374161025
0.2057034283904732	1.6362014131314846
0.2057534292238204	0.7006502414433986
0.2058034300571676	-0.0926264108923207
0.2058534308905148	-0.6045389470256163
0.205903431723862	-0.9090156206194024
0.2059534325572093	-1.195381662298945
0.2060034333905565	-1.5804438793298785
0.2060534342239037	-2.250036958038029
0.2061034350572509	-3.185262404278153
0.2061534358905982	-4.221916543932539
0.2062034367239454	-5.154192555259424
0.2062534375572926	-5.70920929511228
0.2063034383906398	-5.802975048125342
0.206353439223987	-5.435284562650977
0.2064034400573343	-4.8928022309469545
0.2064534408906815	-4.474656438327864
0.2065034417240287	-4.476710704100107
0.2065534425573759	-5.072734583122196
0.2066034433907232	-6.161329480494761
0.2066534442240704	-7.460454843280988
0.2067034450574176	-8.482159678418064
0.2067534458907648	-8.858079519070698
0.206803446724112	-8.319570011388434
0.2068534475574593	-6.971041105684306
0.2069034483908065	-5.177251364156307
0.2069534492241537	-3.45366414832965
0.2070034500575009	-2.3894940393164905
0.2070534508908482	-2.30207764823386
0.2071034517241954	-3.220662413405459
0.2071534525575426	-4.765137688252745
0.2072034533908898	-6.270890620405046
0.2072534542242371	-7.112537180794726
0.2073034550575843	-6.692248000875634
0.2073534558909315	-4.908334650343653
0.2074034567242787	-2.0482241796136544
0.2074534575576259	1.2610311586236649
0.2075034583909732	4.1630340435433135
0.2075534592243204	6.011029650797449
0.2076034600576676	6.360848160471216
0.2076534608910148	5.34956017913552
0.2077034617243621	3.422074104375123
0.2077534625577093	1.3798961828290004
0.2078034633910565	0.0447469130123381
0.2078534642244037	-0.0902572662850325
0.2079034650577509	1.0511157755544156
0.2079534658910982	3.150811204656757
0.2080034667244454	5.578551040753796
0.2080534675577926	7.610699499183839
0.2081034683911398	8.695983271424442
0.2081534692244871	8.62078491881115
0.2082034700578343	7.617516417563548
0.2082534708911815	6.225746228519364
0.2083034717245287	4.95908726797606
0.2083534725578759	4.400927485854301
0.2084034733912232	4.713430829313669
0.2084534742245704	5.728131574242468
0.2085034750579176	6.98969816173472
0.2085534758912648	7.928291263034422
0.2086034767246121	8.044026857540159
0.2086534775579593	7.187464963702221
0.2087034783913065	5.463993353846838
0.2087534792246537	3.3724276392324484
0.2088034800580009	1.4515161830982817
0.2088534808913482	0.2228752444992304
0.2089034817246954	-0.1258538810418827
0.2089534825580426	0.3556392091812552
0.2090034833913898	1.356116908055184
0.2090534842247371	2.2316741120702384
0.2091034850580843	2.647479578734523
0.2091534858914315	2.378846650272337
0.2092034867247787	1.5020399510567568
0.2092534875581259	0.4177359392273411
0.2093034883914732	-0.3985842575896591
0.2093534892248204	-0.4744588833648248
0.2094034900581676	0.4221850970028293
0.2094534908915148	2.145691246480739
0.2095034917248621	4.239088725792445
0.2095534925582093	6.108488753773331
0.2096034933915565	7.196947865171085
0.2096534942249037	7.121433765665498
0.209703495058251	5.863030527616984
0.2097534958915982	3.714292012532808
0.2098034967249454	1.2282730024802628
0.2098534975582926	-0.9634712514383078
0.2099034983916398	-2.372202621894993
0.2099534992249871	-2.7926666121496053
0.2100035000583343	-2.279572661895279
0.2100535008916815	-1.0785640726249877
0.2101035017250287	0.3359890011321876
0.210153502558376	1.622842846390633
0.2102035033917232	2.514905760444414
0.2102535042250704	2.9830152146429594
0.2103035050584176	3.176628452686826
0.2103535058917648	3.273809056643848
0.2104035067251121	3.454801785247596
0.2104535075584593	3.859508823517518
0.2105035083918065	4.356287757849968
0.2105535092251537	4.855198206745796
0.210603510058501	5.042493617895152
0.2106535108918482	4.823904004266425
0.2107035117251954	4.051763232677681
0.2107535125585426	2.7740399942960545
0.2108035133918898	1.160904512996297
0.2108535142252371	-0.6060606796358579
0.2109035150585843	-2.309070481768132
0.2109535158919315	-3.771033901143298
0.2110035167252787	-4.840382177697677
0.211053517558626	-5.429729528579358
0.2111035183919732	-5.451493786168734
0.2111535192253204	-4.843214725300443
0.2112035200586676	-3.5168661402315418
0.2112535208920148	-1.5699030208637494
0.2113035217253621	0.84041052566128
0.2113535225587093	3.4641602858594247
0.2114035233920565	5.934695508289372
0.2114535242254037	7.795074610517809
0.211503525058751	8.760502849738616
0.2115535258920982	8.651813802331102
0.2116035267254454	7.443501472659274
0.2116535275587926	5.544045326033019
0.2117035283921398	3.3771972713818457
0.2117535292254871	1.5132384439798283
0.2118035300588343	0.3362070009968936
0.2118535308921815	0.0409379133662597
0.2119035317255287	0.6234629831970837
0.211953532558876	1.7387395229489233
0.2120035333922232	3.014148929750931
0.2120535342255704	4.012213480402197
0.2121035350589176	4.540627375336081
0.2121535358922649	4.515312007223165
0.2122035367256121	4.057270402632104
0.2122535375589593	3.539279250539632
0.2123035383923065	3.1560256701671623
0.2123535392256537	3.0120769726539045
0.212403540059001	3.1607924074204314
0.2124535408923482	3.399237904211403
0.2125035417256954	3.4497321829319785
0.2125535425590426	3.1530645853278503
0.2126035433923899	2.441575149646422
0.2126535442257371	1.4435158510419943
0.2127035450590843	0.4304005738704285
0.2127535458924315	-0.3162539505534385
0.2128035467257787	-0.5951412562923777
0.212853547559126	-0.4039727052698988
0.2129035483924732	0.0430275007868109
0.2129535492258204	0.3961868440721746
0.2130035500591676	0.2396121768513907
0.2130535508925149	-0.5825001136111709
0.2131035517258621	-2.0766556437426598
0.2131535525592093	-3.8815042245710254
0.2132035533925565	-5.49713374949511
0.2132535542259037	-6.380081472047653
0.213303555059251	-6.1805024594162
0.2133535558925982	-4.859262726364668
0.2134035567259454	-2.6859803791811974
0.2134535575592926	-0.3154163038505361
0.2135035583926399	1.666999997449047
0.2135535592259871	2.732834391762734
0.2136035600593343	2.7237980580888674
0.2136535608926815	1.9230375312764176
0.2137035617260287	0.8384716083140941
0.213753562559376	0.2188758566529067
0.2138035633927232	0.5607219856400953
0.2138535642260704	2.0883358721943037
0.2139035650594176	4.5329540773917705
0.2139535658927649	7.25312193663104
0.2140035667261121	9.273437324725082
0.2140535675594593	9.94002909132544
0.2141035683928065	8.82422624842579
0.2141535692261537	6.0789100553305735
0.214203570059501	2.430136858465507
0.2142535708928482	-1.1070811820325133
0.2143035717261954	-3.475534813568037
0.2143535725595426	-3.9684568217605216
0.2144035733928899	-2.359680370167596
0.2144535742262371	0.8765401223924049
0.2145035750595843	4.79070735570153
0.2145535758929315	8.313127769827435
0.2146035767262788	10.477553525082309
0.214653577559626	10.76299692682827
0.2147035783929732	9.167492257241191
0.2147535792263204	6.344840675106697
0.2148035800596676	3.164345165164432
0.2148535808930149	0.5172941714513115
0.2149035817263621	-0.920033447535552
0.2149535825597093	-1.0525337449084855
0.2150035833930565	-0.0991283183051914
0.2150535842264038	1.27820532657889
0.215103585059751	2.4186501063533843
0.2151535858930982	2.7822553929600264
0.2152035867264454	2.204629698359283
0.2152535875597926	0.8887219295523985
0.2153035883931399	-0.6624024260701927
0.2153535892264871	-1.9315619058510107
0.2154035900598343	-2.530725905132078
0.2154535908931815	-2.2721843168125693
0.2155035917265288	-1.3609404127966085
0.215553592559876	-0.2115616678604275
0.2156035933932232	0.7191311468918968
0.2156535942265704	1.0663781359800533
0.2157035950599176	0.7599956760299641
0.2157535958932649	-0.1303962895855981
0.2158035967266121	-1.1680042282199126
0.2158535975599593	-2.0057869241151667
0.2159035983933065	-2.375759041621216
0.2159535992266538	-2.167264584285232
0.216003600060001	-1.6128847319366446
0.2160536008933482	-0.9774226266184284
0.2161036017266954	-0.5898425036230459
0.2161536025600426	-0.6805319476436087
0.2162036033933899	-1.3097360971728338
0.2162536042267371	-2.1910881720295565
0.2163036050600843	-3.1540993043294616
0.2163536058934315	-3.843973525713456
0.2164036067267788	-4.146368021339974
0.216453607560126	-4.045456585156361
0.2165036083934732	-3.775974627212973
0.2165536092268204	-3.5729146745297395
0.2166036100601676	-3.6460641506702585
0.2166536108935149	-4.078793603056022
0.2167036117268621	-4.6438248273161005
0.2167536125602093	-5.097420634613977
0.2168036133935565	-5.137518125257071
0.2168536142269038	-4.505721584841304
0.216903615060251	-3.2623111302515557
0.2169536158935982	-1.658636256141891
0.2170036167269454	-0.1592025847263964
0.2170536175602927	0.74793200910427
0.2171036183936399	0.6860318644561108
0.2171536192269871	-0.4026460528161716
0.2172036200603343	-2.192551405752265
0.2172536208936815	-4.233593187305968
0.2173036217270288	-5.864986625957038
0.217353622560376	-6.573704574188182
0.2174036233937232	-6.143617676170526
0.2174536242270704	-4.636830992696634
0.2175036250604177	-2.500188413518135
0.2175536258937649	-0.3472891384680108
0.2176036267271121	1.2848681491715055
0.2176536275604593	2.074356000547138
0.2177036283938065	1.9620141298293252
0.2177536292271538	1.2651172097783032
0.217803630060501	0.3966359541081157
0.2178536308938482	-0.1695960891760912
0.2179036317271954	-0.192729702142489
0.2179536325605427	0.2985807574958327
0.2180036333938899	1.0264977667120825
0.2180536342272371	1.517855086636741
0.2181036350605843	1.3644596237123574
0.2181536358939315	0.3788045751324008
0.2182036367272788	-1.3922588299180767
0.218253637560626	-3.4655236657447834
0.2183036383939732	-5.339143302014608
0.2183536392273204	-6.368263709009827
0.2184036400606677	-6.2000757563239
0.2184536408940149	-4.774866672401521
0.2185036417273621	-2.347765985852132
0.2185536425607093	0.5348903645585875
0.2186036433940565	3.2239934004415565
0.2186536442274038	5.229164923307708
0.218703645060751	6.192821751749039
0.2187536458940982	6.108170983104923
0.2188036467274454	5.246738362555335
0.2188536475607927	3.910287715903758
0.2189036483941399	2.483643115478312
0.2189536492274871	1.2025849913644728
0.2190036500608343	0.2409980269144347
0.2190536508941815	-0.4996033129073682
0.2191036517275288	-1.0360103121889153
0.219153652560876	-1.4242514817123455
0.2192036533942232	-1.6256142751025753
0.2192536542275704	-1.522399816253004
0.2193036550609177	-1.0004464020584782
0.2193536558942649	-0.0317959577462379
0.2194036567276121	1.3269814105096636
0.2194536575609593	2.805371111725813
0.2195036583943066	4.116861397732131
0.2195536592276538	4.862128923385457
0.219603660061001	4.920833525111642
0.2196536608943482	4.288379567954025
0.2197036617276954	3.1567575615273635
0.2197536625610427	1.9834555888901877
0.2198036633943899	1.0708706730356026
0.2198536642277371	0.702665605166818
0.2199036650610843	0.953731212318993
0.2199536658944316	1.5135407549823934
0.2200036667277788	2.0204369326680567
0.220053667561126	2.015400482987173
0.2201036683944732	1.2076833577342694
0.2201536692278204	-0.4356917662670508
0.2202036700611677	-2.59597163802978
0.2202536708945149	-4.760884434795061
0.2203036717278621	-6.290610016454337
0.2203536725612093	-6.765480739688299
0.2204036733945566	-5.9373056998877445
0.2204536742279038	-4.0062628607383415
0.220503675061251	-1.4508882336722615
0.2205536758945982	1.0838811721394763
0.2206036767279454	2.9619255916789173
0.2206536775612927	3.8274013590075
0.2207036783946399	3.593804785821982
0.2207536792279871	2.600339024550845
0.2208036800613343	1.3167373290038604
0.2208536808946816	0.2757693127374426
0.2209036817280288	-0.1125762490258832
0.220953682561376	0.2839287715279806
0.2210036833947232	1.3311382447855824
0.2210536842280704	2.6579405696635474
0.2211036850614177	3.834324367246038
0.2211536858947649	4.521739748448408
0.2212036867281121	4.600553865158055
0.2212536875614593	4.038565060590668
0.2213036883948066	3.1450624125256503
0.2213536892281538	2.1708071763632275
0.221403690061501	1.319686817145166
0.2214536908948482	0.7250792156836037
0.2215036917281954	0.3872640619816347
0.2215536925615427	0.1791045304550842
0.2216036933948899	0.0642733211591682
0.2216536942282371	-0.0071632719664018
0.2217036950615843	0.0507464012429343
0.2217536958949316	0.325132565857018
0.2218036967282788	0.8775830986140734
0.221853697561626	1.7121077597101402
0.2219036983949732	2.562468972567016
0.2219536992283205	3.204901221842252
0.2220037000616677	3.1982178027056745
0.2220537008950149	2.386271841682416
0.2221037017283621	0.7524921364633839
0.2221537025617093	-1.4361035867338912
0.2222037033950566	-3.598824372089976
0.2222537042284038	-5.17612950894808
0.222303705061751	-5.673769696061189
0.2223537058950982	-4.877037330945453
0.2224037067284455	-3.0289276966441383
0.2224537075617927	-0.6952004801654529
0.2225037083951399	1.4010941164637838
0.2225537092284871	2.526106010049008
0.2226037100618343	2.314338836898949
0.2226537108951816	0.8534407157095151
0.2227037117285288	-1.3424825909450444
0.222753712561876	-3.4098634732609923
0.2228037133952232	-4.455228908659772
0.2228537142285705	-3.886197827204216
0.2229037150619177	-1.5763689035672344
0.2229537158952649	2.094226746119621
0.2230037167286121	6.199740801463972
0.2230537175619593	9.689125094210691
0.2231037183953066	11.763071028394045
0.2231537192286538	11.954612583017736
0.223203720062001	10.34596555890595
0.2232537208953482	7.671734798351317
0.2233037217286955	4.781222559666895
0.2233537225620427	2.6305392585563103
0.2234037233953899	1.7522932161353773
0.2234537242287371	2.24945891795041
0.2235037250620843	3.6561516829235416
0.2235537258954316	5.296521735231494
0.2236037267287788	6.261224753729098
0.223653727562126	6.113471081511441
0.2237037283954732	4.73891731666823
0.2237537292288205	2.539665280522029
0.2238037300621677	0.2370354828374993
0.2238537308955149	-1.4321894886148514
0.2239037317288621	-1.8658041197843616
0.2239537325622093	-0.9948841030347524
0.2240037333955566	0.8563512185007836
0.2240537342289038	2.97011342762394
0.224103735062251	4.554406546877726
0.2241537358955982	5.027592280201502
0.2242037367289455	4.117104646781699
0.2242537375622927	2.105919263203325
0.2243037383956399	-0.3736312988401723
0.2243537392289871	-2.590238570706747
0.2244037400623344	-3.866557639012185
0.2244537408956816	-3.877769059810369
0.2245037417290288	-2.801070736952219
0.224553742562376	-1.089073456282889
0.2246037433957232	0.5268503455808154
0.2246537442290705	1.4827142982098127
0.2247037450624177	1.5208573871503606
0.2247537458957649	0.7120679153919179
0.2248037467291121	-0.5076481271076468
0.2248537475624594	-1.4690782379210452
0.2249037483958066	-1.6461383565920626
0.2249537492291538	-0.7472998708273978
0.225003750062501	1.114036206948242
0.2250537508958482	3.4801436218995114
0.2251037517291955	5.706799383462854
0.2251537525625427	7.160104238618167
0.2252037533958899	7.501618071236417
0.2252537542292371	6.705858206744432
0.2253037550625844	5.126623025103143
0.2253537558959316	3.370286809581557
0.2254037567292788	2.002017594491962
0.225453757562626	1.463599898825966
0.2255037583959732	1.904959677136545
0.2255537592293205	2.94170220245147
0.2256037600626677	4.232845048223908
0.2256537608960149	5.230313438848305
0.2257037617293621	5.478018534914466
0.2257537625627094	4.866591018232521
0.2258037633960566	3.538083973833481
0.2258537642294038	1.840187663515359
0.225903765062751	0.2380638673947495
0.2259537658960982	-0.9338155008980124
0.2260037667294455	-1.4400015583835084
0.2260537675627927	-1.3363718488402925
0.2261037683961399	-0.8364259261212161
0.2261537692294871	-0.1859698410465049
0.2262037700628344	0.3284030789430227
0.2262537708961816	0.5838042322572983
0.2263037717295288	0.6057382985520232
0.226353772562876	0.4836673231241342
0.2264037733962232	0.3471565673669012
0.2264537742295705	0.2883014488943238
0.2265037750629177	0.3655372386930373
0.2265537758962649	0.4066200791760742
0.2266037767296121	0.3621076630818012
0.2266537775629594	0.182118670777745
0.2267037783963066	-0.1557957802809814
0.2267537792296538	-0.4633295908179283
0.226803780063001	-0.5773217774526769
0.2268537808963483	-0.2446495114708557
0.2269037817296955	0.5235580377373323
0.2269537825630427	1.719653581516335
0.2270037833963899	3.0854104175966404
0.2270537842297371	4.32216130731803
0.2271037850630844	5.153681874246917
0.2271537858964316	5.371121782381832
0.2272037867297788	4.913287184465437
0.2272537875631261	3.983128619655088
0.2273037883964733	2.847652731452804
0.2273537892298205	1.791338978178115
0.2274037900631677	1.0251205142700464
0.2274537908965149	0.6635028565752589
0.2275037917298621	0.567871032072297
0.2275537925632094	0.6258311678694175
0.2276037933965566	0.6467955009781797
0.2276537942299038	0.5477093784699506
0.227703795063251	0.3728989575031706
0.2277537958965983	0.312804510419791
0.2278037967299455	0.4533930274484765
0.2278537975632927	0.964169406937432
0.2279037983966399	1.7747191338613073
0.2279537992299871	2.7009411753701973
0.2280038000633344	3.394170462287865
0.2280538008966816	3.501551524520951
0.2281038017300288	2.828656385566944
0.228153802563376	1.2839441093448063
0.2282038033967233	-0.7909217457960094
0.2282538042300705	-2.978385455303509
0.2283038050634177	-4.803016396795957
0.2283538058967649	-5.819720722320471
0.2284038067301121	-5.857546396317161
0.2284538075634594	-5.01882026582962
0.2285038083968066	-3.685626718538869
0.2285538092301538	-2.2404452908190144
0.228603810063501	-1.1469244955190423
0.2286538108968483	-0.5612077532709793
0.2287038117301955	-0.4108404786262998
0.2287538125635427	-0.4091033854958114
0.2288038133968899	-0.2148085203197288
0.2288538142302372	0.5394775867038544
0.2289038150635844	1.835066279824777
0.2289538158969316	3.479485052229322
0.2290038167302788	4.986668666218392
0.229053817563626	5.831977710678799
0.2291038183969733	5.629254287992193
0.2291538192303205	4.225918319131441
0.2292038200636677	1.9572232737204287
0.2292538208970149	-0.5896116833127525
0.2293038217303622	-2.6933195126029528
0.2293538225637094	-3.663336117446756
0.2294038233970566	-3.179098151684553
0.2294538242304038	-1.303027891729981
0.229503825063751	1.4260938237217553
0.2295538258970983	4.262662336579972
0.2296038267304455	6.432837826785353
0.2296538275637927	7.369378694545813
0.22970382839714	6.926639968719635
0.2297538292304872	5.400076445623007
0.2298038300638344	3.3765883771879333
0.2298538308971816	1.472978241880094
0.2299038317305288	0.367399588254683
0.229953832563876	0.1581935189932303
0.2300038333972233	0.74375529515875
0.2300538342305705	1.6611782946812237
0.2301038350639177	2.414737219656891
0.2301538358972649	2.5705171872372587
0.2302038367306122	2.01599662368412
0.2302538375639594	0.9572551075839796
0.2303038383973066	-0.1681189572739281
0.2303538392306538	-0.7979892073425574
0.230403840064001	-0.6140504027845186
0.2304538408973483	0.4482555037735706
0.2305038417306955	2.072809052877623
0.2305538425640427	3.656746863803353
0.2306038433973899	4.610311342018909
0.2306538442307372	4.429050357927441
0.2307038450640844	3.046058254753877
0.2307538458974316	0.7039236320345447
0.2308038467307788	-1.94472119533152
0.230853847564126	-4.133243362533569
0.2309038483974733	-5.261229411883392
0.2309538492308205	-4.929260633622028
0.2310038500641677	-3.3563663534088595
0.2310538508975149	-0.9365016729003568
0.2311038517308622	1.6068220306270355
0.2311538525642094	3.5216833851526097
0.2312038533975566	4.466141037571172
0.2312538542309038	4.267440664521436
0.2313038550642511	3.2320502274498804
0.2313538558975983	1.8952529285001225
0.2314038567309455	0.7370072312225894
0.2314538575642927	0.2535000635173278
0.2315038583976399	0.4927905772074969
0.2315538592309872	1.246208393108029
0.2316038600643344	2.1860502402489423
0.2316538608976816	2.8593819159569787
0.2317038617310289	2.9828018389569806
0.2317538625643761	2.515140989110604
0.2318038633977233	1.60230827665181
0.2318538642310705	0.6184519586778117
0.2319038650644177	-0.0884242923089763
0.2319538658977649	-0.2392980634751296
0.2320038667311122	0.2132717459372991
0.2320538675644594	1.066802336260824
0.2321038683978066	2.04879555410981
0.2321538692311539	2.8543608027783742
0.2322038700645011	3.2772746336506065
0.2322538708978483	3.308846784818127
0.2323038717311955	3.1115517758671056
0.2323538725645427	2.8693772808699696
0.2324038733978899	2.840445833564766
0.2324538742312372	3.008969684549621
0.2325038750645844	3.3008910826810496
0.2325538758979316	3.4755207995798494
0.2326038767312788	3.3088228515503126
0.2326538775646261	2.681620769253642
0.2327038783979733	1.6784649758972938
0.2327538792313205	0.5308688066942941
0.2328038800646677	-0.3655852820990047
0.2328538808980149	-0.664354543524928
0.2329038817313622	-0.145912174062904
0.2329538825647094	0.97830515760238
0.2330038833980566	2.4087156058690544
0.2330538842314038	3.5717428924808248
0.2331038850647511	3.94066030264198
0.2331538858980983	3.2258033557905894
0.2332038867314455	1.4700693483588625
0.2332538875647927	-0.8682480756690474
0.2333038883981399	-3.07784154522425
0.2333538892314872	-4.426751656430068
0.2334038900648344	-4.310222698354755
0.2334538908981816	-2.605592093781486
0.2335038917315288	0.3464157357402201
0.2335538925648761	3.864666106372228
0.2336038933982233	6.971508404813306
0.2336538942315705	8.88241795774794
0.2337038950649177	9.028760333777385
0.233753895898265	7.453889993970581
0.2338038967316122	4.631184347425409
0.2338538975649594	1.3234573540553272
0.2339038983983066	-1.4881921113506604
0.2339538992316538	-3.1515758292285083
0.2340039000650011	-3.324673686456797
0.2340539008983483	-2.226449112508802
0.2341039017316955	-0.291896126883674
0.2341539025650428	1.7207053925151854
0.23420390339839	3.118503994790109
0.2342539042317372	3.5758252630906795
0.2343039050650844	2.9830059069859987
0.2343539058984316	1.6685818434614663
0.2344039067317788	0.0984530294409437
0.2344539075651261	-1.2327417819205126
0.2345039083984733	-1.954409386860896
0.2345539092318205	-1.9253392924382595
0.2346039100651678	-1.3117867039972375
0.234653910898515	-0.4577693159796665
0.2347039117318622	0.3415661788857143
0.2347539125652094	0.764015411328134
0.2348039133985566	0.7021293079458855
0.2348539142319038	0.1860375310475271
0.2349039150652511	-0.5378202099995171
0.2349539158985983	-1.3251510750351023
0.2350039167319455	-1.972179342638313
0.2350539175652927	-2.3925937290314634
0.23510391839864	-2.6372651972068084
0.2351539192319872	-2.751770513381558
0.2352039200653344	-2.8364518283710725
0.2352539208986816	-2.862714570853751
0.2353039217320288	-2.826376987145812
0.2353539225653761	-2.6057848594977027
0.2354039233987233	-2.243924568794425
0.2354539242320705	-1.695176003951289
0.2355039250654177	-1.0843972094229075
0.235553925898765	-0.6195054419246976
0.2356039267321122	-0.4246703091791513
0.2356539275654594	-0.5927867041441386
0.2357039283988066	-1.0872720151936834
0.2357539292321538	-1.6476144635068186
0.2358039300655011	-2.0340358891651533
0.2358539308988483	-1.9281330473835347
0.2359039317321955	-1.1429383236937845
0.2359539325655427	0.2761276791109016
0.23600393339889	2.0516979831600475
0.2360539342322372	3.8366848458111606
0.2361039350655844	5.131277798321627
0.2361539358989316	5.543182152806727
0.2362039367322789	4.946642350408607
0.2362539375656261	3.434295787793203
0.2363039383989733	1.3250117645309056
0.2363539392323205	-0.8807845066457383
0.2364039400656677	-2.743928769704791
0.236453940899015	-3.888559853977798
0.2365039417323622	-4.259455371641694
0.2365539425657094	-3.8903271838956033
0.2366039433990567	-3.039961320661317
0.2366539442324039	-2.0399007847936064
0.2367039450657511	-1.1246658203841349
0.2367539458990983	-0.3795857884028192
0.2368039467324455	0.1429169965158343
0.2368539475657927	0.5797819372352919
0.23690394839914	0.997066072550368
0.2369539492324872	1.501355660844798
0.2370039500658344	2.0149260562347937
0.2370539508991817	2.425432844121744
0.2371039517325289	2.616035727681255
0.2371539525658761	2.4927450801623654
0.2372039533992233	2.0336846956279566
0.2372539542325705	1.3656635444766392
0.2373039550659177	0.652669586661836
0.237353955899265	0.122507788587963
0.2374039567326122	-0.1178041680546024
0.2374539575659594	-0.1349916141864097
0.2375039583993066	-0.0303755237012371
0.2375539592326539	0.0200631601688623
0.2376039600660011	-0.0809321707809807
0.2376539608993483	-0.4011281324511432
0.2377039617326955	-0.7725426657530787
0.2377539625660427	-0.9811714238454866
0.23780396339939	-0.7379675938029546
0.2378539642327372	0.1398054259502832
0.2379039650660844	1.66841786662767
0.2379539658994316	3.533592047787238
0.2380039667327789	5.314597090693909
0.2380539675661261	6.484349400680012
0.2381039683994733	6.633758450234279
0.2381539692328205	5.646494692142823
0.2382039700661677	3.627787590645984
0.238253970899515	1.078623368227951
0.2383039717328622	-1.3126714120945495
0.2383539725662094	-3.0497704967729966
0.2384039733995566	-3.761355182336074
0.2384539742329039	-3.4515433721742514
0.2385039750662511	-2.510638457343581
0.2385539758995983	-1.448368472781819
0.2386039767329455	-0.9307713544293252
0.2386539775662928	-1.220243359932087
0.23870397839964	-2.4004312542150017
0.2387539792329872	-4.091419701065511
0.2388039800663344	-5.648734523346634
0.2388539808996816	-6.436074402453295
0.2389039817330289	-6.024473863457348
0.2389539825663761	-4.374437331555886
0.2390039833997233	-1.9030796040276443
0.2390539842330706	0.6589118933593615
0.2391039850664178	2.4532110854518967
0.239153985899765	2.863212157170307
0.2392039867331122	1.616722513256997
0.2392539875664594	-0.9346883914127606
0.2393039883998066	-4.122664877687361
0.2393539892331539	-7.000686862338491
0.2394039900665011	-8.645197102295795
0.2394539908998483	-8.608614347188814
0.2395039917331956	-6.891702894248994
0.2395539925665428	-4.0155818283389815
0.23960399339989	-0.8946897430554923
0.2396539942332372	1.5627055976357531
0.2397039950665844	2.6686626877816115
0.2397539958999316	2.230108383403264
0.2398039967332789	0.498483138517113
0.2398539975666261	-1.7926192768288365
0.2399039983999733	-3.8293864856926434
0.2399539992333206	-4.860925331139115
0.2400040000666678	-4.630682036884185
0.240054000900015	-3.2166727260092944
0.2401040017333622	-1.1890413300781253
0.2401540025667094	0.7063328672374388
0.2402040034000566	1.7917026600330417
0.2402540042334039	1.639326785907359
0.2403040050667511	0.2988590697791741
0.2403540059000983	-1.7949913261319086
0.2404040067334455	-3.904253180845761
0.2404540075667928	-5.324165192204719
0.24050400840014	-5.566773617976043
0.2405540092334872	-4.5239997157243055
0.2406040100668344	-2.406786769983173
0.2406540109001816	0.1316605018070806
0.2407040117335289	2.5016069702163106
0.2407540125668761	4.062536464047575
0.2408040134002233	4.544100097699901
0.2408540142335705	3.9944968382827546
0.2409040150669178	2.7545023302815386
0.240954015900265	1.3172766982427708
0.2410040167336122	0.1231292465768607
0.2410540175669594	-0.4748182848947528
0.2411040184003067	-0.3198381550974428
0.2411540192336539	0.3758865659921014
0.2412040200670011	1.4128381415496385
0.2412540209003483	2.504881778546312
0.2413040217336955	3.441361497632249
0.2413540225670428	4.132654247662074
0.24140402340039	4.626357902481087
0.2414540242337372	4.950286459594826
0.2415040250670845	5.2010888147018
0.2415540259004317	5.32824028599032
0.2416040267337789	5.296085883457526
0.2416540275671261	5.078444376484087
0.2417040284004733	4.534766268722229
0.2417540292338205	3.711787734544153
0.2418040300671678	2.777468305893423
0.241854030900515	1.90604549615954
0.2419040317338622	1.3604704929224951
0.2419540325672095	1.308260089671731
0.2420040334005567	1.7282711757344271
0.2420540342339039	2.5172388246298985
0.2421040350672511	3.4542971761720342
0.2421540359005983	4.0953529283889045
0.2422040367339455	4.226331238294055
0.2422540375672928	3.6920987517065615
0.24230403840064	2.559765392653642
0.2423540392339872	0.9953163920615048
0.2424040400673345	-0.6380427459800957
0.2424540409006817	-2.026326557056908
0.2425040417340289	-2.903872484581812
0.2425540425673761	-3.162505224355668
0.2426040434007233	-2.8636578811555427
0.2426540442340705	-2.157474803471865
0.2427040450674178	-1.237967046104425
0.242754045900765	-0.3171250685472147
0.2428040467341122	0.4785456736818009
0.2428540475674594	1.2000230978159367
0.2429040484008067	1.794635133081878
0.2429540492341539	2.376062736537319
0.2430040500675011	2.959597081552528
0.2430540509008483	3.566803844789042
0.2431040517341955	4.143883142115463
0.2431540525675428	4.591701720204332
0.24320405340089	4.85148253980574
0.2432540542342372	4.900612664958717
0.2433040550675844	4.77906335216461
0.2433540559009317	4.567597575141627
0.2434040567342789	4.258749476669837
0.2434540575676261	3.953915285630292
0.2435040584009733	3.5658819752557145
0.2435540592343206	3.1487072475522364
0.2436040600676678	2.662160817349959
0.243654060901015	2.1350329308907936
0.2437040617343622	1.6886233955999097
0.2437540625677094	1.429339394318975
0.2438040634010567	1.5465593083068805
0.2438540642344039	2.1843680799199108
0.2439040650677511	3.2184537697211404
0.2439540659010984	4.543657881784596
0.2440040667344456	5.827140740063158
0.2440540675677928	6.736104589778604
0.24410406840114	6.930850402821829
0.2441540692344872	6.28688906084785
0.2442040700678344	4.897239427296971
0.2442540709011817	3.0564364998429694
0.2443040717345289	1.1401092325545152
0.2443540725678761	-0.3284953450816595
0.2444040734012234	-1.0167088263026631
0.2444540742345706	-0.8345434037877195
0.2445040750679178	0.0824294568263548
0.244554075901265	1.3347041371956374
0.2446040767346122	2.461959380193089
0.2446540775679594	3.039259403524301
0.2447040784013067	2.8050404569647576
0.2447540792346539	1.804571546357716
0.2448040800680011	0.3224517450254743
0.2448540809013484	-1.21689588002954
0.2449040817346956	-2.288146156359208
0.2449540825680428	-2.6212233418333466
0.24500408340139	-2.051394288970915
0.2450540842347372	-0.7243637788422874
0.2451040850680844	1.011599021841208
0.2451540859014317	2.8184276361434835
0.2452040867347789	4.267356219767769
0.2452540875681261	5.184017594827429
0.2453040884014733	5.567460094812383
0.2453540892348206	5.453346578593591
0.2454040900681678	5.022037674407074
0.245454090901515	4.4372333446969
0.2455040917348622	3.68488033830464
0.2455540925682094	2.746818662923747
0.2456040934015567	1.4596288662202266
0.2456540942349039	-0.2126687183706187
0.2457040950682511	-2.230737630445969
0.2457540959015983	-4.387944007150334
0.2458040967349456	-6.385874232285484
0.2458540975682928	-7.822204156751501
0.24590409840164	-8.309002407218639
0.2459540992349872	-7.7528126393252785
0.2460041000683345	-6.203248441866997
0.2460541009016817	-4.000905663794986
0.2461041017350289	-1.5942625323250026
0.2461541025683761	0.4591107508546738
0.2462041034017233	1.859271997127347
0.2462541042350706	2.395174450333766
0.2463041050684178	2.217030258281929
0.246354105901765	1.541016022743008
0.2464041067351123	0.6954166715846781
0.2464541075684595	0.0232932331865814
0.2465041084018067	-0.3683019892094301
0.2465541092351539	-0.4910136817961065
0.2466041100685011	-0.5420766083098522
0.2466541109018483	-0.7073415097757578
0.2467041117351956	-1.1290536684484342
0.2467541125685428	-1.7759895454992085
0.24680411340189	-2.460367738095894
0.2468541142352373	-2.881976143376872
0.2469041150685845	-2.6635913943101195
0.2469541159019317	-1.576250649192968
0.2470041167352789	0.4049888233538581
0.2470541175686261	3.0390428366866717
0.2471041184019733	5.960017074576351
0.2471541192353206	8.660875889260131
0.2472041200686678	10.687837379719149
0.247254120902015	11.73676006204421
0.2473041217353623	11.750788100349316
0.2473541225687095	10.875321258805991
0.2474041234020567	9.43171820855988
0.2474541242354039	7.788734520609193
0.2475041250687511	6.235625090270337
0.2475541259020983	4.953390960902875
0.2476041267354456	4.02766858158704
0.2476541275687928	3.373296017110674
0.24770412840214	2.982223048993727
0.2477541292354872	2.7510783177789278
0.2478041300688345	2.687688782891226
0.2478541309021817	2.7287880830780367
0.2479041317355289	2.972926145371233
0.2479541325688761	3.324722608395476
0.2480041334022233	3.669106973499045
0.2480541342355706	3.8187217049272775
0.2481041350689178	3.601734833223453
0.248154135902265	2.8495891878588635
0.2482041367356122	1.619924936608517
0.2482541375689595	0.1148587835579276
0.2483041384023067	-1.4032682434447443
0.2483541392356539	-2.5202959052626057
0.2484041400690011	-2.9610905594424777
0.2484541409023484	-2.586304398538079
0.2485041417356956	-1.578294875085017
0.2485541425690428	-0.2456455674168169
0.24860414340239	0.9417558448171816
0.2486541442357372	1.5372180688707
0.2487041450690845	1.2235069354053736
0.2487541459024317	0.0518516558353793
0.2488041467357789	-1.7347651699385829
0.2488541475691262	-3.681639239095446
0.2489041484024734	-5.226581628472875
0.2489541492358206	-5.963837785278136
0.2490041500691678	-5.70904959488216
0.249054150902515	-4.6216071590436
0.2491041517358622	-3.0943272012059704
0.2491541525692095	-1.7173087492368877
0.2492041534025567	-0.8935035323879034
0.2492541542359039	-0.9855348403950625
0.2493041550692512	-1.89525857737285
0.2493541559025984	-3.394331234757732
0.2494041567359456	-4.936424145703171
0.2494541575692928	-6.008027081502002
0.24950415840264	-6.294354139228582
0.2495541592359872	-5.70913366551915
0.2496041600693345	-4.486028737289833
0.2496541609026817	-3.089715433300184
0.2497041617360289	-2.043026984314074
0.2497541625693762	-1.7453289556384588
0.2498041634027234	-2.3849843922312632
0.2498541642360706	-3.840391176326872
0.2499041650694178	-5.731736288185052
0.249954165902765	-7.466183474060095
0.2500041667361123	-8.551857671048431
0.2500541675694595	-8.670065460873662
0.2501041684028067	-7.7959559002023795
0.2501541692361539	-6.117141030636336
0.2502041700695012	-4.134630839031509
0.2502541709028484	-2.3086513762044487
0.2503041717361956	-1.0441814908636813
0.2503541725695428	-0.6054101376283196
0.25040417340289	-0.9023284846045894
0.2504541742362373	-1.6686211535086632
0.2505041750695845	-2.530463375666666
0.2505541759029317	-3.109178805755586
0.2506041767362789	-3.1432925154732
0.2506541775696261	-2.616748384738924
0.2507041784029734	-1.6085414640642095
0.2507541792363206	-0.43164209793517
0.2508041800696678	0.6676834341832086
0.2508541809030151	1.370889045486672
0.2509041817363623	1.5989429008480478
0.2509541825697095	1.3835379525512956
0.2510041834030567	0.8965407633092634
0.2510541842364039	0.3924073048267885
0.2511041850697512	0.1089935504549846
0.2511541859030984	0.1870541195604205
0.2512041867364456	0.6290615020334439
0.2512541875697928	1.334884711088535
0.25130418840314	2.0787854004503283
0.2513541892364873	2.650907758961135
0.2514041900698345	2.8433124804167917
0.2514541909031817	2.5339943697716785
0.251504191736529	1.756228811790973
0.2515541925698762	0.6272445061101934
0.2516041934032234	-0.6547016912425387
0.2516541942365706	-1.8322116112114288
0.2517041950699178	-2.708320724833565
0.2517541959032651	-3.1655820579095404
0.2518041967366123	-3.184008863056618
0.2518541975699595	-2.8528499806311856
0.2519041984033067	-2.3827521515933694
0.2519541992366539	-1.928745964389119
0.2520042000700012	-1.7600307694382344
0.2520542009033484	-1.846500306907552
0.2521042017366956	-2.310379669037058
0.2521542025700428	-2.9548848715377183
0.25220420340339	-3.619558284531785
0.2522542042367373	-4.015228005149971
0.2523042050700845	-4.022992647789465
0.2523542059034317	-3.4835185588890365
0.252404206736779	-2.4794799901879103
0.2524542075701262	-1.126459932220128
0.2525042084034734	0.2373862412381219
0.2525542092368206	1.3605794523191663
0.2526042100701678	1.9672290821564813
0.2526542109035151	1.9944756826497203
0.2527042117368623	1.447858338319448
0.2527542125702095	0.4454166408448545
0.2528042134035567	-0.711003845153926
0.2528542142369039	-1.8058711306900448
0.2529042150702512	-2.54800432079443
0.2529542159035984	-2.902673589797667
0.2530042167369456	-2.7704325698063075
0.2530542175702928	-2.2919369713796325
0.2531042184036401	-1.5433092259392114
0.2531542192369873	-0.7101530100742868
0.2532042200703345	0.1315634787342199
0.2532542209036817	0.9561667369122016
0.253304221737029	1.7522474168753963
0.2533542225703762	2.490792891134648
0.2534042234037234	3.1823805988887197
0.2534542242370706	3.6971289011972273
0.2535042250704178	3.986027185362129
0.2535542259037651	3.920656684770072
0.2536042267371123	3.4368239373736005
0.2536542275704595	2.6076665592024613
0.2537042284038067	1.5580436265746749
0.2537542292371539	0.5086786624407782
0.2538042300705012	-0.3641267873384692
0.2538542309038484	-0.8685805894203413
0.2539042317371956	-0.9697900535992272
0.2539542325705429	-0.7835905703272882
0.2540042334038901	-0.5079355275770103
0.2540542342372373	-0.4105543685753275
0.2541042350705845	-0.646065561064678
0.2541542359039317	-1.260354426983962
0.254204236737279	-2.0578595552098897
0.2542542375706262	-2.7936035767564102
0.2543042384039734	-3.030932340621234
0.2543542392373206	-2.4578293731256973
0.2544042400706678	-1.0019515122896971
0.2544542409040151	1.2007948527733348
0.2545042417373623	3.750947449129079
0.2545542425707095	5.997247007686541
0.2546042434040567	7.3217816848515165
0.2546542442374039	7.3199153399497074
0.2547042450707512	5.827561134806441
0.2547542459040984	3.12582156388043
0.2548042467374456	-0.219001286696889
0.2548542475707929	-3.429782847365207
0.2549042484041401	-5.823856173486783
0.2549542492374873	-6.849145036785942
0.2550042500708345	-6.547527903797323
0.2550542509041817	-5.093595397562808
0.255104251737529	-3.1118386830435947
0.2551542525708762	-1.3267036591847383
0.2552042534042234	-0.3602357894033485
0.2552542542375706	-0.4983952443087954
0.2553042550709178	-1.6553702283790137
0.2553542559042651	-3.4092242251689027
0.2554042567376123	-5.087095374350119
0.2554542575709595	-6.072341462377263
0.2555042584043067	-5.881759872610876
0.255554259237654	-4.432094329897119
0.2556042600710012	-2.0747195125684805
0.2556542609043484	0.5794826234293341
0.2557042617376956	2.745874890128255
0.2557542625710429	3.7088296234289073
0.2558042634043901	3.148942419776027
0.2558542642377373	1.1150720177879705
0.2559042650710845	-1.994990721315152
0.2559542659044317	-5.427603132214047
0.256004266737779	-8.352851683901038
0.2560542675711262	-10.116342217400604
0.2561042684044734	-10.303987687936424
0.2561542692378206	-8.951775190321742
0.2562042700711678	-6.415611605596057
0.2562542709045151	-3.2438779906997293
0.2563042717378623	-0.2201398297880937
0.2563542725712095	2.1577925622992087
0.2564042734045568	3.55540711918386
0.256454274237904	3.879727268305808
0.2565042750712512	3.3524410673383405
0.2565542759045984	2.3995647642554934
0.2566042767379456	1.3963085017751888
0.2566542775712929	0.6633967509985632
0.2567042784046401	0.4305060834903295
0.2567542792379873	0.6482892129521126
0.2568042800713345	1.1810140262843465
0.2568542809046817	1.845535388181624
0.256904281738029	2.4265498097298503
0.2569542825713762	2.7544637064196418
0.2570042834047234	2.8367729934360697
0.2570542842380706	2.717877126282998
0.2571042850714178	2.470908168101518
0.2571542859047651	2.295329016272482
0.2572042867381123	2.230923818935937
0.2572542875714596	2.335124358790992
0.2573042884048068	2.557570804470037
0.257354289238154	2.8123227776023416
0.2574042900715012	3.0284451687735907
0.2574542909048484	3.084024665955251
0.2575042917381956	2.9454537434436543
0.2575542925715429	2.6744453483127897
0.2576042934048901	2.280721061437222
0.2576542942382373	1.8755967674802776
0.2577042950715845	1.4901039811897543
0.2577542959049317	1.2499400918974897
0.257804296738279	1.1740830718158004
0.2578542975716262	1.2155307287657249
0.2579042984049734	1.3860086629137398
0.2579542992383206	1.646616165843758
0.2580043000716679	1.910430031718938
0.2580543009050151	2.16205972900188
0.2581043017383623	2.3042359789827493
0.2581543025717095	2.324168855054692
0.2582043034050568	2.115827612932107
0.258254304238404	1.676142004201257
0.2583043050717512	1.0106072052988615
0.2583543059050984	0.08597988186274
0.2584043067384456	-0.9958302592602536
0.2584543075717929	-2.1356603349105066
0.2585043084051401	-3.1807423692365635
0.2585543092384873	-3.9316593531288486
0.2586043100718345	-4.2573489744256605
0.2586543109051817	-4.0820032990028805
0.258704311738529	-3.362777002443795
0.2587543125718762	-2.212862429306006
0.2588043134052234	-0.8342282622055026
0.2588543142385707	0.5564148142067937
0.2589043150719179	1.7065590950178264
0.2589543159052651	2.4045072005553707
0.2590043167386123	2.5325425900248657
0.2590543175719595	2.121851772467958
0.2591043184053068	1.2441807805540432
0.259154319238654	0.1259121294888834
0.2592043200720012	-1.0157386721215174
0.2592543209053484	-1.9470970564624577
0.2593043217386956	-2.519213219953446
0.2593543225720429	-2.7191262764560804
0.2594043234053901	-2.513137496264486
0.2594543242387373	-2.0688836885589623
0.2595043250720845	-1.4606458932781297
0.2595543259054317	-0.8080404893453021
0.259604326738779	-0.2528569361187122
0.2596543275721262	0.2192711496142203
0.2597043284054735	0.5540594560722192
0.2597543292388207	0.797566841069564
0.2598043300721679	0.921377719421519
0.2598543309055151	0.9048026809906788
0.2599043317388623	0.738421851828775
0.2599543325722095	0.3513707803644774
0.2600043334055568	-0.2508607514448977
0.260054334238904	-1.0271373320547132
0.2601043350722512	-1.910501197242528
0.2601543359055984	-2.68852159963714
0.2602043367389456	-3.2527599631600164
0.2602543375722929	-3.474387793955961
0.2603043384056401	-3.317948256705266
0.2603543392389873	-2.756505589484957
0.2604043400723345	-2.032400255767
0.2604543409056818	-1.274213472917199
0.260504341739029	-0.7186468771336244
0.2605543425723762	-0.5078640622076434
0.2606043434057234	-0.7261783378038916
0.2606543442390707	-1.3193291017631323
0.2607043450724179	-2.168301475892155
0.2607543459057651	-3.027561178278661
0.2608043467391123	-3.781651270249777
0.2608543475724595	-4.174579172790037
0.2609043484058068	-4.224029830629535
0.260954349239154	-3.900584070402627
0.2610043500725012	-3.353645997316382
0.2610543509058484	-2.6925456634026483
0.2611043517391956	-2.059730644149798
0.2611543525725429	-1.5034256681773357
0.2612043534058901	-1.1296253221778678
0.2612543542392374	-0.8219182838060907
0.2613043550725846	-0.567439770084732
0.2613543559059318	-0.360080489307944
0.261404356739279	-0.1197396288684965
0.2614543575726262	0.0981200573777875
0.2615043584059734	0.3062248481954032
0.2615543592393207	0.3886969707947257
0.2616043600726679	0.4310805700625498
0.2616543609060151	0.3447350631230812
0.2617043617393623	0.2224504961781764
0.2617543625727095	0.1243755107143065
0.2618043634060568	0.0716556457352852
0.261854364239404	0.1069411375856674
0.2619043650727512	0.1770355302636793
0.2619543659060984	0.2536929299448225
0.2620043667394456	0.2369108341362997
0.2620543675727929	0.0991856655373543
0.2621043684061401	-0.1482782026467272
0.2621543692394874	-0.5324423524419185
0.2622043700728346	-0.921622552903822
0.2622543709061818	-1.2866643556715434
0.262304371739529	-1.5087361150279692
0.2623543725728762	-1.5975662568342228
0.2624043734062234	-1.5955384650066369
0.2624543742395707	-1.5689908758644846
0.2625043750729179	-1.5048496274312655
0.2625543759062651	-1.5199879023268952
0.2626043767396123	-1.5331945182661522
0.2626543775729595	-1.4469882083128034
0.2627043784063068	-1.1584135394707005
0.262754379239654	-0.5266888119771661
0.2628043800730012	0.5085467153982416
0.2628543809063484	1.8019487240522556
0.2629043817396957	3.187190791960959
0.2629543825730429	4.417897466167199
0.2630043834063901	5.169515881989034
0.2630543842397373	5.216776434130568
0.2631043850730846	4.50395817831156
0.2631543859064318	3.0991055779608065
0.263204386739779	1.3320008419108644
0.2632543875731262	-0.4717479491634059
0.2633043884064734	-1.8037706419507775
0.2633543892398207	-2.325357469773608
0.2634043900731679	-1.8752603562459855
0.2634543909065151	-0.5158974091322935
0.2635043917398623	1.4734100038351132
0.2635543925732095	3.719347917940735
0.2636043934065568	5.774403742647626
0.263654394239904	7.210351459600168
0.2637043950732513	7.790861171017727
0.2637543959065985	7.480075108349409
0.2638043967399457	6.413552619182546
0.2638543975732929	4.883582847113271
0.2639043984066401	3.1254535756623523
0.2639543992399873	1.4938263460034569
0.2640044000733346	0.0987329207370523
0.2640544009066818	-0.9693140577255018
0.264104401740029	-1.7775419943092086
0.2641544025733762	-2.435840972866357
0.2642044034067234	-3.051854679573771
0.2642544042400707	-3.672667661596952
0.2643044050734179	-4.306709404255988
0.2643544059067651	-4.889785694837067
0.2644044067401123	-5.252250526259832
0.2644544075734595	-5.344845971138336
0.2645044084068068	-5.050571900487944
0.264554409240154	-4.439093790851695
0.2646044100735013	-3.610087218740307
0.2646544109068485	-2.7349140331905653
0.2647044117401957	-1.9743410525912903
0.2647544125735429	-1.567852884980533
0.2648044134068901	-1.5213129274560195
0.2648544142402373	-1.8445028942606785
0.2649044150735846	-2.390742655233068
0.2649544159069318	-2.985162777634878
0.265004416740279	-3.360606404160423
0.2650544175736262	-3.3928649449463517
0.2651044184069734	-2.9742686770050453
0.2651544192403207	-2.120699665490044
0.2652044200736679	-0.9875587908815588
0.2652544209070151	0.2292489360889904
0.2653044217403623	1.31334476335039
0.2653544225737096	2.091366990335466
0.2654044234070568	2.515209821820301
0.265454424240404	2.61156103940557
0.2655044250737512	2.524074274374866
0.2655544259070985	2.3874695034608986
0.2656044267404457	2.438518878287289
0.2656544275737929	2.6148927820346435
0.2657044284071401	2.936097244545874
0.2657544292404873	3.273565254946493
0.2658044300738346	3.4218738965995525
0.2658544309071818	3.198821006738032
0.265904431740529	2.5423873036213944
0.2659544325738762	1.5860794189570258
0.2660044334072234	0.4870192266597354
0.2660544342405707	-0.3674227085220207
0.2661044350739179	-0.7107114230951229
0.2661544359072652	-0.3605150979575808
0.2662044367406124	0.5990494548359374
0.2662544375739596	1.9931534590789584
0.2663044384073068	3.3318932244629966
0.266354439240654	4.1825971326341325
0.2664044400740012	4.122080271469161
0.2664544409073485	2.9691304828927705
0.2665044417406957	0.8612017794744002
0.2665544425740429	-1.7483734973309577
0.2666044434073901	-4.306803433030103
0.2666544442407373	-6.12107830131332
0.2667044450740846	-6.778161027983786
0.2667544459074318	-6.109977621408964
0.266804446740779	-4.336821990388645
0.2668544475741262	-2.0074829794568343
0.2669044484074734	0.2411537974978485
0.2669544492408207	1.7401362853618094
0.2670044500741679	2.1016421019500457
0.2670544509075152	1.3180191320052674
0.2671044517408624	-0.2296456133887128
0.2671544525742096	-1.9695439669748536
0.2672044534075568	-3.225850331157876
0.267254454240904	-3.460880279281014
0.2673044550742512	-2.508785330268212
0.2673544559075985	-0.5215807337537662
0.2674044567409457	1.887764728205041
0.2674544575742929	4.0569573265465495
0.2675044584076401	5.302242535409132
0.2675544592409873	5.189278801525308
0.2676044600743346	3.726218294967012
0.2676544609076818	1.2109970839107973
0.267704461741029	-1.675735529282073
0.2677544625743762	-4.279225696554235
0.2678044634077235	-6.008170582984878
0.2678544642410707	-6.561382590087858
0.2679044650744179	-5.96300210293767
0.2679544659077651	-4.607425562683934
0.2680044667411124	-3.010315823300454
0.2680544675744596	-1.6815720994765884
0.2681044684078068	-0.9893262912175992
0.268154469241154	-1.0195655366934542
0.2682044700745012	-1.5758925499341718
0.2682544709078485	-2.3600484284979943
0.2683044717411957	-3.037353718436076
0.2683544725745429	-3.352866541591621
0.2684044734078901	-3.2189315158388525
0.2684544742412373	-2.7702645403751283
0.2685044750745846	-2.243102909386832
0.2685544759079318	-1.8972277134535456
0.2686044767412791	-1.9005020208025816
0.2686544775746263	-2.212495786800777
0.2687044784079735	-2.729805529847436
0.2687544792413207	-3.191947818795945
0.2688044800746679	-3.415006747449528
0.2688544809080151	-3.2663825773464072
0.2689044817413624	-2.783538640478751
0.2689544825747096	-2.065601396523623
0.2690044834080568	-1.354831722284628
0.269054484241404	-0.9147025149023604
0.2691044850747512	-0.752652444213389
0.2691544859080985	-0.8463597479900207
0.2692044867414457	-0.9681935292013928
0.2692544875747929	-0.8582701169809488
0.2693044884081401	-0.3396905707630856
0.2693544892414873	0.6262555963951706
0.2694044900748346	1.924803244097082
0.2694544909081818	3.2387013681825287
0.2695044917415291	4.167231696670238
0.2695544925748763	4.41357810932255
0.2696044934082235	3.8295284169626367
0.2696544942415707	2.501458942248418
0.2697044950749179	0.7826958803489321
0.2697544959082651	-0.938348408104021
0.2698044967416124	-2.16935438856907
0.2698544975749596	-2.655162895279338
0.2699044984083068	-2.392060631613735
0.269954499241654	-1.50556933801242
0.2700045000750012	-0.4550573387953333
0.2700545009083485	0.2741865728447799
0.2701045017416957	0.3074397987726256
0.2701545025750429	-0.5417136130566392
0.2702045034083901	-2.11901670684096
0.2702545042417374	-4.116808230171727
0.2703045050750846	-6.086366414818953
0.2703545059084318	-7.480355955832793
0.270404506741779	-8.01981619135152
0.2704545075751263	-7.520194200480668
0.2705045084084735	-6.1941049333879
0.2705545092418207	-4.432131137812279
0.2706045100751679	-2.5969147921402254
0.2706545109085151	-1.1718529063956509
0.2707045117418624	-0.4797647456418742
0.2707545125752096	-0.5832536023676618
0.2708045134085568	-1.4289534706018925
0.270854514241904	-2.712757773988768
0.2709045150752512	-4.124999269983718
0.2709545159085985	-5.3667008912555065
0.2710045167419457	-6.166098172985167
0.271054517575293	-6.447005841031825
0.2711045184086402	-6.254974977310478
0.2711545192419874	-5.713589443201004
0.2712045200753346	-5.000101142048884
0.2712545209086818	-4.3422609273209725
0.271304521742029	-3.886361375454405
0.2713545225753763	-3.734877822325325
0.2714045234087235	-3.878251067099771
0.2714545242420707	-4.24426701326446
0.2715045250754179	-4.642470284121837
0.2715545259087651	-4.934382710920603
0.2716045267421124	-4.920482268590678
0.2716545275754596	-4.544485946927039
0.2717045284088068	-3.7960826897612208
0.271754529242154	-2.8531387914805824
0.2718045300755012	-1.866421733827901
0.2718545309088485	-1.0924269646690146
0.2719045317421957	-0.7495557392507365
0.271954532575543	-0.9393645956647794
0.2720045334088902	-1.65156589704673
0.2720545342422374	-2.6427661129986846
0.2721045350755846	-3.638142605074745
0.2721545359089318	-4.294960381700312
0.272204536742279	-4.415202837446426
0.2722545375756263	-3.8800589779564336
0.2723045384089735	-2.8579809552504223
0.2723545392423207	-1.5920203573551746
0.2724045400756679	-0.4770771755734986
0.2724545409090151	0.1065683327300723
0.2725045417423624	0.0362782065229509
0.2725545425757096	-0.6664271414395205
0.2726045434090568	-1.7856492898488914
0.272654544242404	-2.796293708077808
0.2727045450757513	-3.349166689397156
0.2727545459090985	-3.044303545329763
0.2728045467424457	-1.8545736125009484
0.2728545475757929	0.0310100186777393
0.2729045484091402	2.127087188069887
0.2729545492424874	3.9172494065508343
0.2730045500758346	4.8697095446655965
0.2730545509091818	4.71013019379651
0.273104551742529	3.4065307803096503
0.2731545525758763	1.3333560190432978
0.2732045534092235	-1.06126027870587
0.2732545542425707	-3.1722412033225416
0.2733045550759179	-4.663960115472017
0.2733545559092651	-5.19825798834804
0.2734045567426124	-4.956630784340486
0.2734545575759596	-4.215016490827679
0.2735045584093069	-3.3794912299403923
0.2735545592426541	-2.808307162299849
0.2736045600760013	-2.709860429697672
0.2736545609093485	-3.0686477402615404
0.2737045617426957	-3.663980051772668
0.2737545625760429	-4.184562189733431
0.2738045634093902	-4.404300766246326
0.2738545642427374	-4.156740931640592
0.2739045650760846	-3.449619812604371
0.2739545659094318	-2.584491854729018
0.274004566742779	-1.8068047570444103
0.2740545675761263	-1.4270701973113296
0.2741045684094735	-1.6398627805779582
0.2741545692428207	-2.4493461011785884
0.2742045700761679	-3.6076158577281694
0.2742545709095151	-4.887940990561513
0.2743045717428624	-5.872829128667225
0.2743545725762096	-6.376194445815375
0.2744045734095569	-6.250298171882253
0.2744545742429041	-5.457376218506234
0.2745045750762513	-4.175359497269925
0.2745545759095985	-2.586949370438018
0.2746045767429457	-0.8238102429893723
0.2746545775762929	0.9068757868426384
0.2747045784096402	2.4533303177857
0.2747545792429874	3.744282875711686
0.2748045800763346	4.602842549929454
0.2748545809096818	4.861617542491505
0.274904581743029	4.4332424155593655
0.2749545825763763	3.197696998409839
0.2750045834097235	1.327185289955854
0.2750545842430707	-0.9601193366669922
0.2751045850764179	-3.221348427012676
0.2751545859097652	-4.976004387193256
0.2752045867431124	-5.748511996602636
0.2752545875764596	-5.282772523601943
0.2753045884098068	-3.632609772441019
0.2753545892431541	-1.089560467776537
0.2754045900765013	1.692939834959731
0.2754545909098485	4.113916064352569
0.2755045917431957	5.5848597239878615
0.2755545925765429	5.75890251212498
0.2756045934098902	4.735452571207881
0.2756545942432374	2.8804473968587847
0.2757045950765846	0.7855883516918958
0.2757545959099318	-0.8862234726831623
0.275804596743279	-1.7804685347402822
0.2758545975766263	-1.647751935679587
0.2759045984099735	-0.7891744083018712
0.2759545992433208	0.3919315851626674
0.276004600076668	1.356186660097458
0.2760546009100152	1.7255637787443692
0.2761046017433624	1.2621851667295123
0.2761546025767096	0.2260204846097123
0.2762046034100568	-0.9253407028727346
0.2762546042434041	-1.7190288952754926
0.2763046050767513	-1.6452922093027804
0.2763546059100985	-0.5524310640007155
0.2764046067434457	1.4783855388028055
0.2764546075767929	3.956626651937543
0.2765046084101402	6.341513487654293
0.2765546092434874	8.042210820602277
0.2766046100768346	8.66386393983435
0.2766546109101818	8.210877755650426
0.276704611743529	6.9049035192731925
0.2767546125768763	5.210392702305088
0.2768046134102235	3.5857620286521046
0.2768546142435708	2.471503428747541
0.276904615076918	1.9837553091029247
0.2769546159102652	2.013707177174091
0.2770046167436124	2.286062270386985
0.2770546175769596	2.4848761511477284
0.2771046184103068	2.35523143561887
0.2771546192436541	1.8689019587225784
0.2772046200770013	1.0933879720503834
0.2772546209103485	0.2521453901680445
0.2773046217436957	-0.4446950758281286
0.2773546225770429	-0.8342715169645536
0.2774046234103902	-1.0330310918550736
0.2774546242437374	-1.174523442950476
0.2775046250770846	-1.4488126443690292
0.2775546259104319	-2.056801802926135
0.2776046267437791	-2.963248674903992
0.2776546275771263	-3.981993058841163
0.2777046284104735	-4.785144882319619
0.2777546292438207	-4.961507579595962
0.277804630077168	-4.338485290893484
0.2778546309105152	-2.94322796928383
0.2779046317438624	-1.0266337266051284
0.2779546325772096	0.8553659796894059
0.2780046334105568	2.084880439028145
0.2780546342439041	2.216664024004264
0.2781046350772513	1.0704513513402183
0.2781546359105985	-1.1458172881212958
0.2782046367439457	-3.8730809812804106
0.2782546375772929	-6.424921123180922
0.2783046384106402	-8.043774796921362
0.2783546392439874	-8.293259000269046
0.2784046400773347	-7.064373439193898
0.2784546409106819	-4.640840764577693
0.2785046417440291	-1.7443650606160044
0.2785546425773763	0.998718713354292
0.2786046434107235	2.9982856147059853
0.2786546442440707	3.9091085663419136
0.278704645077418	3.7987351820382056
0.2787546459107652	3.1007970090760217
0.2788046467441124	2.212837388641874
0.2788546475774596	1.6803827499160469
0.2789046484108068	1.7835130978485207
0.2789546492441541	2.528031085004348
0.2790046500775013	3.5906665844502563
0.2790546509108485	4.537200944647758
0.2791046517441957	4.921327660605029
0.2791546525775429	4.508168291011181
0.2792046534108902	3.28644011748616
0.2792546542442374	1.463087949513829
0.2793046550775847	-0.5058508953266547
0.2793546559109319	-2.122782676345789
0.2794046567442791	-3.12955365024482
0.2794546575776263	-3.306172432507028
0.2795046584109735	-2.7928252044751893
0.2795546592443207	-1.8430318276490203
0.279604660077668	-0.7832198947663611
0.2796546609110152	0.0834148958834231
0.2797046617443624	0.5412210480472117
0.2797546625777096	0.6386338452937634
0.2798046634110568	0.4756057128276061
0.2798546642444041	0.2411041614618528
0.2799046650777513	0.1250903330365689
0.2799546659110985	0.1857301809340786
0.2800046667444458	0.4581620270166159
0.280054667577793	0.8123033712095445
0.2801046684111402	1.1834344730270503
0.2801546692444874	1.4333544195296013
0.2802046700778346	1.5376432917103755
0.2802546709111819	1.4797020349171988
0.2803046717445291	1.3049583244141485
0.2803546725778763	1.0567706447620666
0.2804046734112235	0.7812292448679964
0.2804546742445707	0.4828589379479775
0.280504675077918	0.1295488704497679
0.2805546759112652	-0.2199384678246677
0.2806046767446124	-0.5730037368994878
0.2806546775779596	-0.8089575328396383
0.2807046784113068	-0.8257880616372432
0.2807546792446541	-0.535630878682032
0.2808046800780013	0.0680846924506602
0.2808546809113486	0.9557966011558574
0.2809046817446958	2.003190237338925
0.280954682578043	3.028876852523425
0.2810046834113902	3.854408773619907
0.2810546842447374	4.37638924731848
0.2811046850780846	4.614806222184944
0.2811546859114319	4.606120558347783
0.2812046867447791	4.414439060045016
0.2812546875781263	4.117949317979099
0.2813046884114735	3.680563587598724
0.2813546892448207	3.0122663071011617
0.281404690078168	1.9632710119310928
0.2814546909115152	0.5053850118379937
0.2815046917448624	-1.4595648905289114
0.2815546925782096	-3.627759805243103
0.2816046934115568	-5.734616388348269
0.2816546942449041	-7.313890096728867
0.2817046950782513	-7.962934912612286
0.2817546959115986	-7.368179143325949
0.2818046967449458	-5.73719462397244
0.281854697578293	-3.309373332316629
0.2819046984116402	-0.7999299048939728
0.2819546992449874	1.200603655072518
0.2820047000783346	2.123522367262736
0.2820547009116819	1.7598243276123084
0.2821047017450291	0.1969261536022885
0.2821547025783763	-2.0352806139110067
0.2822047034117235	-4.255542400216162
0.2822547042450707	-5.8093071386706825
0.282304705078418	-6.339036885144371
0.2823547059117652	-5.755427604547245
0.2824047067451124	-4.49532239381203
0.2824547075784597	-3.0720723079579284
0.2825047084118069	-2.183109006384547
0.2825547092451541	-2.242225310795133
0.2826047100785013	-3.300918118778065
0.2826547109118486	-5.011909494541524
0.2827047117451958	-6.753667819527341
0.282754712578543	-7.7365884191091805
0.2828047134118902	-7.504236292479761
0.2828547142452374	-5.833770079466626
0.2829047150785846	-3.1014016279059176
0.2829547159119319	0.0984306723963055
0.2830047167452791	2.8488835276973434
0.2830547175786263	4.469048566395348
0.2831047184119735	4.535012903340626
0.2831547192453207	3.189310100610859
0.283204720078668	0.8813211568628554
0.2832547209120152	-1.5685782280665417
0.2833047217453625	-3.442574205392396
0.2833547225787097	-4.206750511245032
0.2834047234120569	-3.792908434828559
0.2834547242454041	-2.535026302679972
0.2835047250787513	-1.01130826502767
0.2835547259120985	0.0878397154996311
0.2836047267454458	0.3168675622216618
0.283654727578793	-0.3457955770067946
0.2837047284121402	-1.7092927468676509
0.2837547292454874	-3.188579733469062
0.2838047300788346	-4.155973721319407
0.2838547309121819	-4.259690842480451
0.2839047317455291	-3.365393518243114
0.2839547325788763	-1.827376189640237
0.2840047334122235	-0.2525899142358728
0.2840547342455707	0.7737383529957715
0.284104735078918	0.7352943565090764
0.2841547359122652	-0.4526414802516357
0.2842047367456125	-2.574040510264189
0.2842547375789597	-5.061290306185104
0.2843047384123069	-7.198427720706898
0.2843547392456541	-8.465262112559266
0.2844047400790013	-8.61819809188511
0.2844547409123485	-7.739106798964453
0.2845047417456958	-6.270576684600733
0.284554742579043	-4.822806416919807
0.2846047434123902	-3.780161499094698
0.2846547442457374	-3.488497029466054
0.2847047450790846	-3.820125466071504
0.2847547459124319	-4.390663788083469
0.2848047467457791	-4.810649337111802
0.2848547475791263	-4.562695491197388
0.2849047484124736	-3.5942375759256096
0.2849547492458208	-1.960870995739692
0.285004750079168	-0.1189823952689503
0.2850547509125152	1.4310842796883367
0.2851047517458625	2.240870529119066
0.2851547525792097	2.0570334243655517
0.2852047534125569	1.014125996425664
0.2852547542459041	-0.5066335518428747
0.2853047550792513	-2.0054120155910438
0.2853547559125985	-2.928749218610316
0.2854047567459458	-3.0960283803928745
0.285454757579293	-2.3873329785232427
0.2855047584126402	-1.1236682848639483
0.2855547592459874	0.283297507504307
0.2856047600793346	1.4022131912699936
0.2856547609126819	2.023617918165705
0.2857047617460291	2.079819775101507
0.2857547625793764	1.7474138532894743
0.2858047634127236	1.362689038550293
0.2858547642460708	1.204502201436664
0.285904765079418	1.3477383659285809
0.2859547659127652	1.7953932351098176
0.2860047667461124	2.258629869986334
0.2860547675794597	2.422113093668739
0.2861047684128069	2.047513644088725
0.2861547692461541	1.0037285184149716
0.2862047700795013	-0.4732667786336403
0.2862547709128485	-2.047761868727546
0.2863047717461958	-3.290428698320919
0.286354772579543	-3.861212480084644
0.2864047734128902	-3.589647112861196
0.2864547742462374	-2.6242349499068194
0.2865047750795846	-1.346043692439625
0.2865547759129319	-0.1681159569712995
0.2866047767462791	0.4655559089513207
0.2866547775796264	0.3557337891654398
0.2867047784129736	-0.4457936379759101
0.2867547792463208	-1.5955936701337774
0.286804780079668	-2.6959755480658325
0.2868547809130152	-3.2551691965439
0.2869047817463624	-3.066570110315272
0.2869547825797097	-1.9697794236261736
0.2870047834130569	-0.275286013698522
0.2870547842464041	1.6995750145870987
0.2871047850797513	3.552777357116748
0.2871547859130985	4.969623252249044
0.2872047867464458	5.7732245528217225
0.287254787579793	6.005849519509512
0.2873047884131402	5.75871280402141
0.2873547892464875	5.247659030406491
0.2874047900798347	4.565405490157176
0.2874547909131819	3.822360213510098
0.2875047917465291	2.968656085310336
0.2875547925798764	1.960453123037724
0.2876047934132236	0.8170597679175349
0.2876547942465708	-0.3365979634704857
0.287704795079918	-1.4184967855227797
0.2877547959132652	-2.154429465747505
0.2878047967466124	-2.421166674883228
0.2878547975799597	-2.197779006318952
0.2879047984133069	-1.640566703482011
0.2879547992466541	-0.998621431112694
0.2880048000800013	-0.5678051190828132
0.2880548009133485	-0.647114339108363
0.2881048017466958	-1.2415340844277143
0.288154802580043	-2.265060430406658
0.2882048034133903	-3.408371934282905
0.2882548042467375	-4.3095464222530975
0.2883048050800847	-4.738152301703447
0.2883548059134319	-4.583975451008702
0.2884048067467791	-4.071890231200369
0.2884548075801263	-3.61317608961256
0.2885048084134736	-3.669823908004242
0.2885548092468208	-4.570466640646481
0.288604810080168	-6.45848499915364
0.2886548109135152	-8.980824323157089
0.2887048117468624	-11.615363521361736
0.2887548125802097	-13.610131189739738
0.2888048134135569	-14.3365643336613
0.2888548142469041	-13.36553410515301
0.2889048150802513	-10.849872682917548
0.2889548159135985	-7.205906137666675
0.2890048167469458	-3.2917029735273013
0.289054817580293	0.0781205206209633
0.2891048184136403	2.2333832882379023
0.2891548192469875	2.817980636185189
0.2892048200803347	2.05406604276682
0.2892548209136819	0.4482822004145982
0.2893048217470291	-1.235797730014577
0.2893548225803763	-2.273211792612089
0.2894048234137236	-2.279078158378223
0.2894548242470708	-1.1161144067905804
0.289504825080418	0.8341643492586144
0.2895548259137652	3.02306915210395
0.2896048267471124	4.8877165377274
0.2896548275804597	5.813785383993718
0.2897048284138069	5.699312262777051
0.2897548292471541	4.557711183212112
0.2898048300805014	2.8031978337303767
0.2898548309138486	0.9107958018517492
0.2899048317471958	-0.7033738311789295
0.289954832580543	-1.803521435817446
0.2900048334138903	-2.190170086223977
0.2900548342472375	-1.9857331983291604
0.2901048350805847	-1.3066506979963275
0.2901548359139319	-0.3606894800105745
0.2902048367472791	0.7166521134074406
0.2902548375806263	1.85124487018643
0.2903048384139736	2.9750385679206968
0.2903548392473208	3.966795145338342
0.290404840080668	4.683041560595344
0.2904548409140152	4.907916430064885
0.2905048417473624	4.505606632234709
0.2905548425807097	3.4056181684643425
0.2906048434140569	1.75103842408647
0.2906548442474042	-0.2470466464933928
0.2907048450807514	-2.105157797694376
0.2907548459140986	-3.439186801279006
0.2908048467474458	-3.895829714973262
0.290854847580793	-3.5171411398714696
0.2909048484141402	-2.4603238557016107
0.2909548492474875	-1.153636843552459
0.2910048500808347	-0.0183359857530563
0.2910548509141819	0.542137567507094
0.2911048517475291	0.4381822110760288
0.2911548525808763	-0.0866865128178725
0.2912048534142236	-0.6711512796255297
0.2912548542475708	-0.7187735812537652
0.291304855080918	0.1124778607160679
0.2913548559142652	1.9281590715479715
0.2914048567476124	4.386569897259175
0.2914548575809597	6.860429047101112
0.2915048584143069	8.585663443634726
0.2915548592476542	8.87003312995474
0.2916048600810014	7.435899035991031
0.2916548609143486	4.466171244066789
0.2917048617476958	0.6239134657981137
0.291754862581043	-3.173444077323186
0.2918048634143902	-5.9662524028997534
0.2918548642477375	-7.118781596102271
0.2919048650810847	-6.459840506413555
0.2919548659144319	-4.303117990437044
0.2920048667477791	-1.4554750732574313
0.2920548675811263	1.1874560769543052
0.2921048684144736	2.860796319137412
0.2921548692478208	3.118399939642043
0.292204870081168	2.050084932201652
0.2922548709145153	0.1359011720509479
0.2923048717478625	-1.9100040694707143
0.2923548725812097	-3.4346048378739344
0.2924048734145569	-4.1097801543547
0.2924548742479042	-3.913448479253131
0.2925048750812514	-3.191393559095663
0.2925548759145986	-2.5279666292679868
0.2926048767479458	-2.351074926736619
0.292654877581293	-2.9170340025717367
0.2927048784146402	-4.044860405114687
0.2927548792479875	-5.275582207889551
0.2928048800813347	-6.0653721896140205
0.2928548809146819	-5.89982327745046
0.2929048817480291	-4.645699626105217
0.2929548825813763	-2.441267790085253
0.2930048834147236	0.0999703795062582
0.2930548842480708	2.304438164211484
0.2931048850814181	3.464743367052018
0.2931548859147653	3.3292318721335903
0.2932048867481125	1.895029717515224
0.2932548875814597	-0.2940430685797291
0.2933048884148069	-2.5246461352536613
0.2933548892481541	-4.144110738025993
0.2934048900815014	-4.677341731181782
0.2934548909148486	-4.029632064546318
0.2935048917481958	-2.5666857677187767
0.293554892581543	-0.8331614342555629
0.2936048934148902	0.5105290186228485
0.2936548942482375	1.1124307260556043
0.2937048950815847	0.7929146731452617
0.2937548959149319	-0.1221971971927096
0.2938048967482791	-1.1763061259889254
0.2938548975816263	-1.840838862069831
0.2939048984149736	-1.776882787407176
0.2939548992483208	-0.9925714714380246
0.2940049000816681	0.2328082055548659
0.2940549009150153	1.3212934170019863
0.2941049017483625	1.7718510004071135
0.2941549025817097	1.2453376252443562
0.2942049034150569	-0.2252853785674361
0.2942549042484041	-2.2633687831681715
0.2943049050817514	-4.265200474116019
0.2943549059150986	-5.588614047843891
0.2944049067484458	-5.818021770518548
0.294454907581793	-4.879229344888187
0.2945049084151402	-3.0687821945403235
0.2945549092484875	-0.9954342792401116
0.2946049100818347	0.6662920957378806
0.2946549109151819	1.396597129606067
0.2947049117485292	1.0444508046040295
0.2947549125818764	-0.2590780700422103
0.2948049134152236	-1.9444969449836265
0.2948549142485708	-3.427355035167597
0.2949049150819181	-4.182929875488395
0.2949549159152653	-3.94628503671234
0.2950049167486125	-2.793018164101561
0.2950549175819597	-1.1476165684443265
0.2951049184153069	0.4218884223937985
0.2951549192486541	1.4364872067514214
0.2952049200820014	1.6175707948871816
0.2952549209153486	0.9635812989411188
0.2953049217486958	-0.1693208504097244
0.295354922582043	-1.3171444295362698
0.2954049234153902	-2.0120908039479226
0.2954549242487375	-1.9350853388218363
0.2955049250820847	-1.1146403722272409
0.295554925915432	0.1630257623280244
0.2956049267487792	1.5509555325265296
0.2956549275821264	2.5487099132325985
0.2957049284154736	2.8471217914156592
0.2957549292488208	2.4016426557694137
0.295804930082168	1.3509011232344876
0.2958549309155153	0.0481465657015384
0.2959049317488625	-1.0824176939714891
0.2959549325822097	-1.7193705365306156
0.2960049334155569	-1.6569421956238353
0.2960549342489041	-0.8699908815213742
0.2961049350822514	0.4680276609961175
0.2961549359155986	2.0709231797703804
0.2962049367489458	3.713341142173512
0.296254937582293	5.1315271086712375
0.2963049384156403	6.173520871513825
0.2963549392489875	6.780371039367349
0.2964049400823347	6.935424209382875
0.296454940915682	6.650796710071293
0.2965049417490292	5.985894618278572
0.2965549425823764	5.0823145379751615
0.2966049434157236	4.067976134779585
0.2966549442490708	3.228938573286036
0.296704945082418	2.714988934650867
0.2967549459157653	2.745961860697419
0.2968049467491125	3.295914764493249
0.2968549475824597	4.26049103092414
0.2969049484158069	5.324632692457159
0.2969549492491541	6.098507952219784
0.2970049500825014	6.186863260250666
0.2970549509158486	5.374363800549825
0.2971049517491958	3.726830973285879
0.2971549525825431	1.5380997750469028
0.2972049534158903	-0.6493451512046496
0.2972549542492375	-2.2694599390909618
0.2973049550825847	-2.829764358580124
0.297354955915932	-2.1959992987775023
0.2974049567492792	-0.551096948318534
0.2974549575826264	1.5538596454665417
0.2975049584159736	3.4830731155995425
0.2975549592493208	4.528154420231436
0.297604960082668	4.290786529966296
0.2976549609160153	2.8132718653607425
0.2977049617493625	0.4217262626409656
0.2977549625827097	-2.147817769869014
0.2978049634160569	-4.24700544351328
0.2978549642494041	-5.2702062250231005
0.2979049650827514	-5.102067063702572
0.2979549659160986	-3.898109157032742
0.2980049667494459	-2.2989182293671937
0.2980549675827931	-0.8775850358170117
0.2981049684161403	-0.2025078039468351
0.2981549692494875	-0.4268619041321474
0.2982049700828347	-1.3961486562308532
0.2982549709161819	-2.6590097040293768
0.2983049717495292	-3.4945692300807143
0.2983549725828764	-3.3910557870407905
0.2984049734162236	-2.1749465907099
0.2984549742495708	0.011451558033705
0.298504975082918	2.6336959303437126
0.2985549759162653	5.018281740440548
0.2986049767496125	6.505064219937486
0.2986549775829597	6.80836672646147
0.2987049784163069	5.939610703310902
0.2987549792496542	4.326332448274005
0.2988049800830014	2.591519797800087
0.2988549809163486	1.327504532607482
0.2989049817496959	0.825267847795917
0.2989549825830431	1.0890570062868077
0.2990049834163903	1.7960159316916025
0.2990549842497375	2.3912836008623706
0.2991049850830847	2.3840468661682057
0.2991549859164319	1.5232767042016613
0.2992049867497792	-0.0672385868520516
0.2992549875831264	-1.9272607601637763
0.2993049884164736	-3.4325003796319478
0.2993549892498208	-4.067509903234932
0.299404990083168	-3.494045356252008
0.2994549909165153	-1.8726166754110276
0.2995049917498625	0.3146765994432033
0.2995549925832097	2.3111327544844635
0.299604993416557	3.4547532425269853
0.2996549942499042	3.307814007702571
0.2997049950832514	1.849308329058084
0.2997549959165986	-0.4541907797485591
0.2998049967499459	-2.8887328626769
0.2998549975832931	-4.70702072665647
0.2999049984166403	-5.3102506782383365
0.2999549992499875	-4.582901051753811
0.3000050000833347	-2.768603975353656
0.3000550009166819	-0.549586155221764
0.3001050017500292	1.378958266617213
0.3001550025833764	2.394042147279666
0.3002050034167236	2.2757727938632355
0.3002550042500708	1.1737064212344486
0.300305005083418	-0.3387284067472386
0.3003550059167653	-1.6750019810276495
0.3004050067501125	-2.2056614176992424
0.3004550075834598	-1.6831454803304071
0.300505008416807	-0.1733192766954264
0.3005550092501542	1.8849459561429731
0.3006050100835014	3.953876443277599
0.3006550109168486	5.396405793088541
0.3007050117501958	5.985670928949495
0.3007550125835431	5.673453084057395
0.3008050134168903	4.717808640319549
0.3008550142502375	3.575069252736822
0.3009050150835847	2.638343007123418
0.3009550159169319	2.1858555433440423
0.3010050167502792	2.145986364677996
0.3010550175836264	2.3635359751761222
0.3011050184169736	2.4918829480379574
0.3011550192503208	2.293245265356294
0.3012050200836681	1.7014832998767848
0.3012550209170153	0.823609851939401
0.3013050217503625	-0.0406237449854538
0.3013550225837098	-0.5543700895067506
0.301405023417057	-0.5421061299163739
0.3014550242504042	-0.0513459529585708
0.3015050250837514	0.6637610083940572
0.3015550259170986	1.2166348133256646
0.3016050267504458	1.1886805327060306
0.3016550275837931	0.3353766518183939
0.3017050284171403	-1.2356792822971596
0.3017550292504875	-3.2843358974436754
0.3018050300838347	-5.066995126162283
0.3018550309171819	-6.141074756055839
0.3019050317505292	-6.039732171864169
0.3019550325838764	-4.67258855675489
0.3020050334172236	-2.354092655269371
0.3020550342505709	0.3186623673641113
0.3021050350839181	2.6838017096051607
0.3021550359172653	4.261678198796087
0.3022050367506125	4.659895727052059
0.3022550375839598	4.0669023587411335
0.302305038417307	2.818451368564993
0.3023550392506542	1.5435252104702215
0.3024050400840014	0.6916812447091606
0.3024550409173486	0.5295728969163771
0.3025050417506958	1.0300643062174042
0.3025550425840431	1.897288577593173
0.3026050434173903	2.6299697125076245
0.3026550442507375	2.8775739106485565
0.3027050450840847	2.405037006028096
0.3027550459174319	1.3053613074988986
0.3028050467507792	-0.1135166552130432
0.3028550475841264	-1.3478331949586293
0.3029050484174737	-1.9955735367089729
0.3029550492508209	-1.7642373854486335
0.3030050500841681	-0.7467685422010647
0.3030550509175153	0.7919077207431571
0.3031050517508625	2.339204535220828
0.3031550525842097	3.47832382907664
0.303205053417557	3.8559234551304353
0.3032550542509042	3.3629946115016747
0.3033050550842514	2.198916888220277
0.3033550559175986	0.5284171860794633
0.3034050567509458	-1.24909583667912
0.3034550575842931	-2.9006438573965205
0.3035050584176403	-4.381601971632053
0.3035550592509875	-5.723588124195998
0.3036050600843347	-6.965128937818164
0.303655060917682	-8.211034373630865
0.3037050617510292	-9.359904303777544
0.3037550625843764	-10.224887140234996
0.3038050634177237	-10.607355647031468
0.3038550642510709	-10.22004233965832
0.3039050650844181	-9.033950736811258
0.3039550659177653	-7.184525082034254
0.3040050667511125	-5.095917280267906
0.3040550675844597	-3.2544482742344867
0.304105068417807	-2.1433205843380105
0.3041550692511542	-2.0608625939601546
0.3042050700845014	-2.9465356165960337
0.3042550709178486	-4.539205546967222
0.3043050717511958	-6.202732438909181
0.3043550725845431	-7.442723774282685
0.3044050734178903	-7.7204859380771556
0.3044550742512376	-6.927115867762034
0.3045050750845848	-5.212823359945988
0.304555075917932	-2.992049837244548
0.3046050767512792	-0.9068318440175448
0.3046550775846264	0.6084135291375172
0.3047050784179737	1.2174388913446896
0.3047550792513209	0.965438727001647
0.3048050800846681	0.150893031812127
0.3048550809180153	-0.7492477301130633
0.3049050817513625	-1.3239371049877042
0.3049550825847097	-1.2959092707122468
0.305005083418057	-0.6173839047162895
0.3050550842514042	0.4666906907556354
0.3051050850847514	1.5821633335897411
0.3051550859180986	2.4096627826004946
0.3052050867514458	2.6157320978002856
0.3052550875847931	2.3090298712951647
0.3053050884181403	1.6295397854293154
0.3053550892514876	0.9190043937555596
0.3054050900848348	0.5007515325543875
0.305455090918182	0.6179186547240277
0.3055050917515292	1.2187933690997763
0.3055550925848764	2.125037753774048
0.3056050934182236	3.063217046126975
0.3056550942515709	3.60450095983604
0.3057050950849181	3.644014768242294
0.3057550959182653	3.044801550899319
0.3058050967516125	1.9590760909790117
0.3058550975849597	0.5885511676438863
0.305905098418307	-0.7390349380527776
0.3059550992516542	-1.8646154512190176
0.3060051000850014	-2.672893532551473
0.3060551009183486	-3.155426773788914
0.3061051017516959	-3.384307550235886
0.3061551025850431	-3.462726626142146
0.3062051034183903	-3.3324053281446537
0.3062551042517376	-3.030006097583863
0.3063051050850848	-2.5274612684805744
0.306355105918432	-1.7577891544809812
0.3064051067517792	-0.8627865223010548
0.3064551075851264	0.0457851848695002
0.3065051084184736	0.6110682989402493
0.3065551092518209	0.711152381045592
0.3066051100851681	0.2099585959910974
0.3066551109185153	-0.8448987494700853
0.3067051117518625	-2.118119907445545
0.3067551125852097	-3.297750562250205
0.306805113418557	-3.9425582319741856
0.3068551142519042	-3.791778147973925
0.3069051150852515	-2.9114129261426607
0.3069551159185987	-1.4416968515491688
0.3070051167519459	0.0361989701547788
0.3070551175852931	1.14368133310412
0.3071051184186403	1.4615516269922697
0.3071551192519876	0.9184222473242822
0.3072051200853348	-0.2774764024021398
0.307255120918682	-1.615988197474863
0.3073051217520292	-2.5124434608783366
0.3073551225853764	-2.657187684208298
0.3074051234187236	-1.8135790038224249
0.3074551242520709	-0.2554827817995483
0.3075051250854181	1.4880606367612454
0.3075551259187653	2.760608618226704
0.3076051267521125	3.0169366101465767
0.3076551275854597	2.0764581053994378
0.307705128418807	0.1637823407213387
0.3077551292521542	-2.1062631155990106
0.3078051300855015	-3.9531965611524704
0.3078551309188487	-4.666933147487957
0.3079051317521959	-3.808333308493743
0.3079551325855431	-1.5822837373828698
0.3080051334188903	1.4307870137549732
0.3080551342522376	4.323260170814984
0.3081051350855848	6.113473379606016
0.308155135918932	6.201380294672333
0.3082051367522792	4.456408813371684
0.3082551375856264	1.3199875301821749
0.3083051384189736	-2.310879949497477
0.3083551392523209	-5.291314750074133
0.3084051400856681	-6.792774092754582
0.3084551409190153	-6.335436627619912
0.3085051417523625	-3.999605742879042
0.3085551425857098	-0.5507440241053544
0.308605143419057	3.101324143944951
0.3086551442524042	6.006785570311045
0.3087051450857515	7.431285048916976
0.3087551459190987	7.223808238733154
0.3088051467524459	5.7491318050161
0.3088551475857931	3.710677193417291
0.3089051484191403	1.87335657404906
0.3089551492524875	0.8755850360857551
0.3090051500858348	1.0351511984833408
0.309055150919182	2.1522144761503776
0.3091051517525292	3.778403413235232
0.3091551525858764	5.332734921818827
0.3092051534192236	6.2771945459107465
0.3092551542525709	6.460864515887651
0.3093051550859181	5.935167093651954
0.3093551559192654	5.082205738702758
0.3094051567526126	4.380865155925027
0.3094551575859598	4.162382805311449
0.309505158419307	4.553923734855408
0.3095551592526542	5.342120575414734
0.3096051600860015	6.172740288465066
0.3096551609193487	6.600980656905363
0.3097051617526959	6.272640204578646
0.3097551625860431	5.086068677367998
0.3098051634193903	3.232085558747024
0.3098551642527375	1.155576436515822
0.3099051650860848	-0.7021616223484148
0.309955165919432	-2.020728655561169
0.3100051667527792	-2.660557965761725
0.3100551675861264	-2.7064538908025866
0.3101051684194736	-2.5113932899547176
0.3101551692528209	-2.3601883957104848
0.3102051700861681	-2.554209373279416
0.3102551709195154	-3.04688363250072
0.3103051717528626	-3.6407428670554194
0.3103551725862098	-3.982197868992601
0.310405173419557	-3.745266413832495
0.3104551742529042	-2.7442232424633897
0.3105051750862515	-1.1027608736734344
0.3105551759195987	0.7734100329932719
0.3106051767529459	2.294634590124101
0.3106551775862931	2.9414900757575064
0.3107051784196403	2.2900177193041387
0.3107551792529875	0.4124254550343204
0.3108051800863348	-2.3124918211939263
0.310855180919682	-5.199364895326449
0.3109051817530292	-7.433733351354445
0.3109551825863764	-8.345237500539708
0.3110051834197237	-7.5978091018359715
0.3110551842530709	-5.229936847601162
0.3111051850864181	-1.6957646637212576
0.3111551859197654	2.259822233256936
0.3112051867531126	5.879892173410096
0.3112551875864598	8.517391408462235
0.311305188419807	9.904602683239586
0.3113551892531542	10.092065792152445
0.3114051900865014	9.329599893695471
0.3114551909198487	8.251415877673557
0.3115051917531959	7.193587711617869
0.3115551925865431	6.60723547279097
0.3116051934198903	6.508268781802708
0.3116551942532375	6.865035271814987
0.3117051950865848	7.360958129644759
0.311755195919932	7.739452318060396
0.3118051967532793	7.685815238260971
0.3118551975866265	7.13517993793436
0.3119051984199737	6.073049263811989
0.3119551992533209	4.646163851873252
0.3120052000866681	3.0855158312219677
0.3120552009200154	1.6344298052037136
0.3121052017533626	0.559075283903631
0.3121552025867098	-0.0214062120382245
0.312205203420057	-0.0144163563728952
0.3122552042534042	0.5811678792347149
0.3123052050867514	1.651485610453015
0.3123552059200987	3.026367157260896
0.3124052067534459	4.394858784924524
0.3124552075867931	5.464267033585238
0.3125052084201403	5.903919787474731
0.3125552092534875	5.609443627391014
0.3126052100868348	4.522396155287641
0.312655210920182	2.8205910516712835
0.3127052117535293	0.8111759248456154
0.3127552125868765	-1.0287776463175005
0.3128052134202237	-2.314872930875076
0.3128552142535709	-2.7736610287536543
0.3129052150869181	-2.38066210519045
0.3129552159202654	-1.3047867412824663
0.3130052167536126	0.0043965392501723
0.3130552175869598	1.084476444022613
0.313105218420307	1.618727381347846
0.3131552192536542	1.3818673855974426
0.3132052200870014	0.5281927910595131
0.3132552209203487	-0.6256331580174377
0.3133052217536959	-1.537832370968687
0.3133552225870431	-1.8141069093701327
0.3134052234203903	-1.1446542261223256
0.3134552242537376	0.4303363322861613
0.3135052250870848	2.47953685605996
0.313555225920432	4.522770646663589
0.3136052267537793	5.966426701696408
0.3136552275871265	6.365944910194509
0.3137052284204737	5.622081401215272
0.3137552292538209	3.94531470496013
0.3138052300871681	1.7879499289102303
0.3138552309205153	-0.2305438374881865
0.3139052317538626	-1.6565058837776552
0.3139552325872098	-2.2171264342403627
0.314005233420557	-2.020000748301239
0.3140552342539042	-1.3521108490212714
0.3141052350872514	-0.6926716047211782
0.3141552359205987	-0.4438330047640771
0.3142052367539459	-0.8072663652075452
0.3142552375872932	-1.7295092789463462
0.3143052384206404	-2.869852131995978
0.3143552392539876	-3.763524080345003
0.3144052400873348	-4.050145301564573
0.314455240920682	-3.461414085410256
0.3145052417540293	-2.1423541418883083
0.3145552425873765	-0.3446763352741901
0.3146052434207237	1.3682462760279348
0.3146552442540709	2.5932255883342368
0.3147052450874181	3.0710130174347623
0.3147552459207653	2.7651301733786373
0.3148052467541126	2.022046987138978
0.3148552475874598	1.2099386673393029
0.314905248420807	0.7822304513626214
0.3149552492541542	1.0008750601717566
0.3150052500875014	1.8760143480171836
0.3150552509208487	3.1355778235740352
0.3151052517541959	4.367012973880234
0.3151552525875432	5.131268200138474
0.3152052534208904	5.14326024254615
0.3152552542542376	4.422208081623232
0.3153052550875848	3.156423816003868
0.315355255920932	1.7996890429504846
0.3154052567542793	0.822239262482926
0.3154552575876265	0.5760699878139618
0.3155052584209737	1.1312001759706691
0.3155552592543209	2.329203698703738
0.3156052600876681	3.8507138244961294
0.3156552609210153	5.1619819222404
0.3157052617543626	5.995288711839212
0.3157552625877098	6.09923964258982
0.315805263421057	5.57701299390362
0.3158552642544042	4.628584118419259
0.3159052650877515	3.5950924683625263
0.3159552659210987	2.642415168687612
0.3160052667544459	1.941447192710965
0.3160552675877932	1.3727252276871709
0.3161052684211404	0.7724019245471965
0.3161552692544876	-0.0106940976017931
0.3162052700878348	-1.1026731497286322
0.316255270921182	-2.4502436851599807
0.3163052717545292	-3.812803284825472
0.3163552725878765	-4.867152485559437
0.3164052734212237	-5.349831515297263
0.3164552742545709	-5.057756549291768
0.3165052750879181	-4.127412984754209
0.3165552759212653	-2.8717458960287714
0.3166052767546126	-1.6403055379048568
0.3166552775879598	-0.8261963550575868
0.3167052784213071	-0.7035779847943056
0.3167552792546543	-1.2133096986375598
0.3168052800880015	-2.175180246668694
0.3168552809213487	-3.1469809033926524
0.3169052817546959	-3.791743679083933
0.3169552825880432	-3.8231825028536304
0.3170052834213904	-3.2847888402951515
0.3170552842547376	-2.2833087995009493
0.3171052850880848	-1.2513239791083668
0.317155285921432	-0.5640473419981662
0.3172052867547792	-0.5144782128067792
0.3172552875881265	-1.1573858785434274
0.3173052884214737	-2.2137407191642304
0.3173552892548209	-3.3349846132726717
0.3174052900881681	-4.076368382122545
0.3174552909215153	-4.112147833346431
0.3175052917548626	-3.3881925739469976
0.3175552925882098	-2.037249863586526
0.3176052934215571	-0.4455452000760669
0.3176552942549043	0.9325706909156638
0.3177052950882515	1.7467005549202148
0.3177552959215987	1.8565386856045043
0.3178052967549459	1.304871052960885
0.3178552975882932	0.4055988709887448
0.3179052984216404	-0.3782322586796599
0.3179552992549876	-0.7969058122881058
0.3180053000883348	-0.603436194524151
0.318055300921682	0.0631899964680203
0.3181053017550292	0.9953119363202738
0.3181553025883765	1.869663863003072
0.3182053034217237	2.3286780473100777
0.3182553042550709	2.276463033170696
0.3183053050884181	1.7302486349718371
0.3183553059217654	0.9962626197211756
0.3184053067551126	0.3947992154238177
0.3184553075884598	0.2447547231401978
0.3185053084218071	0.7015840393800478
0.3185553092551543	1.7096611036303129
0.3186053100885015	3.035816537254395
0.3186553109218487	4.320178617365701
0.3187053117551959	5.245715070250308
0.3187553125885431	5.67856449541737
0.3188053134218904	5.56350028956632
0.3188553142552376	5.150884559400349
0.3189053150885848	4.66906902333284
0.318955315921932	4.364607208240444
0.3190053167552792	4.3149841653258445
0.3190553175886265	4.488636086872063
0.3191053184219737	4.6186753138557854
0.319155319255321	4.426710527028536
0.3192053200886682	3.6636635466703176
0.3192553209220154	2.256813730295369
0.3193053217553626	0.4519544353754993
0.3193553225887098	-1.4882674882120963
0.3194053234220571	-2.9932695894151307
0.3194553242554043	-3.6884210608631207
0.3195053250887515	-3.282921624924777
0.3195553259220987	-1.8368643547236143
0.3196053267554459	0.3470485919067311
0.3196553275887931	2.7465658304394056
0.3197053284221404	4.87771297522147
0.3197553292554876	6.198481804735841
0.3198053300888348	6.447175332713767
0.319855330922182	5.660207024014952
0.3199053317555292	4.011396826302191
0.3199553325888765	1.9471006118878529
0.3200053334222237	-0.1870995935135113
0.320055334255571	-1.9840891363567428
0.3201053350889182	-3.2694124661918877
0.3201553359222654	-3.9981651707757617
0.3202053367556126	-4.214071236625057
0.3202553375889598	-4.047768890320748
0.3203053384223071	-3.5356282575321782
0.3203553392556543	-2.8269727579066557
0.3204053400890015	-1.8675122753256443
0.3204553409223487	-0.6923141476454248
0.3205053417556959	0.7219121031727734
0.3205553425890431	2.239989615290454
0.3206053434223904	3.7761094597490574
0.3206553442557376	5.080355764812898
0.3207053450890848	5.98468801388011
0.320755345922432	6.33841343796755
0.3208053467557793	6.127124643661623
0.3208553475891265	5.375449370658082
0.3209053484224737	4.228320157476044
0.320955349255821	2.8609756270721043
0.3210053500891682	1.4546778351575629
0.3210553509225154	0.2060930961299557
0.3211053517558626	-0.8358837275297568
0.3211553525892098	-1.6325666444455134
0.321205353422557	-2.218712661566971
0.3212553542559043	-2.5712326351971684
0.3213053550892515	-2.770995996224435
0.3213553559225987	-2.714607299555304
0.3214053567559459	-2.520463441860464
0.3214553575892931	-2.122004460391074
0.3215053584226404	-1.6042120939100908
0.3215553592559876	-1.071449805015818
0.3216053600893349	-0.5512571484957574
0.3216553609226821	-0.1498428114739871
0.3217053617560293	0.0246916759870548
0.3217553625893765	0.0023261297461778
0.3218053634227237	-0.2035326459715921
0.321855364256071	-0.5597284187015928
0.3219053650894182	-0.938176632222412
0.3219553659227654	-1.329933692349458
0.3220053667561126	-1.6127090968339508
0.3220553675894598	-1.7950056037224296
0.322105368422807	-1.794766389529784
0.3221553692561543	-1.5892234825688107
0.3222053700895015	-1.1567767180906336
0.3222553709228487	-0.539648195391536
0.3223053717561959	0.2801724131166441
0.3223553725895431	1.1104767538429297
0.3224053734228904	1.830982192013268
0.3224553742562376	2.2881632186801277
0.3225053750895849	2.238572247875916
0.3225553759229321	1.66975160998607
0.3226053767562793	0.6549396769812821
0.3226553775896265	-0.547721544626012
0.3227053784229737	-1.5777586492119686
0.322755379256321	-2.011762769129928
0.3228053800896682	-1.519288593122193
0.3228553809230154	-0.0186116698557887
0.3229053817563626	2.364229691461972
0.3229553825897098	5.139409143662352
0.323005383423057	7.63923575594729
0.3230553842564043	9.173665922984323
0.3231053850897515	9.259984757673127
0.3231553859230987	7.703039635903301
0.323205386756446	4.767027513169375
0.3232553875897932	1.031498575405057
0.3233053884231404	-2.6556127585483584
0.3233553892564876	-5.521381235773218
0.3234053900898349	-6.926756667592203
0.3234553909231821	-6.767889915792102
0.3235053917565293	-5.216141521659512
0.3235553925898765	-2.9846060964339154
0.3236053934232237	-0.8369375874548028
0.3236553942565709	0.5806947370009902
0.3237053950899182	0.8436522153198108
0.3237553959232654	0.0051011233330962
0.3238053967566126	-1.530511479959598
0.3238553975899598	-2.9938131889654147
0.323905398423307	-3.774023919625576
0.3239553992566543	-3.370700141103482
0.3240054000900015	-1.7120190955810286
0.3240554009233488	0.8544554306613881
0.324105401756696	3.665526958028781
0.3241554025900432	5.939220834503534
0.3242054034233904	7.025783271920425
0.3242554042567376	6.684986069626516
0.3243054050900849	4.998750893743352
0.3243554059234321	2.5085363843137545
0.3244054067567793	-0.0230028876091136
0.3244554075901265	-1.843798910774493
0.3245054084234737	-2.427519798200637
0.3245554092568209	-1.6530016814020785
0.3246054100901682	0.2040180589956478
0.3246554109235154	2.5931630955896625
0.3247054117568626	4.863252479985868
0.3247554125902098	6.404170596607674
0.324805413423557	6.889682848973366
0.3248554142569043	6.368355687328984
0.3249054150902515	5.14161426550809
0.3249554159235988	3.612555449926412
0.325005416756946	2.3622917341316145
0.3250554175902932	1.6342239102701483
0.3251054184236404	1.5881009119394596
0.3251554192569876	2.015763685112991
0.3252054200903349	2.6462832582623834
0.3252554209236821	3.102105571010576
0.3253054217570293	3.1992787029393157
0.3253554225903765	2.7752484292614885
0.3254054234237237	1.945079737013332
0.3254554242570709	0.8497971429198677
0.3255054250904182	-0.2793576384530787
0.3255554259237654	-1.2834020074275512
0.3256054267571126	-2.094143395539531
0.3256554275904599	-2.7259743866522403
0.3257054284238071	-3.2775880260812222
0.3257554292571543	-3.796387793360271
0.3258054300905015	-4.331201930979246
0.3258554309238488	-4.745826517359273
0.325905431757196	-4.879173407282462
0.3259554325905432	-4.59827076916247
0.3260054334238904	-3.74542348052881
0.3260554342572376	-2.4016928477721065
0.3261054350905848	-0.7140462679597906
0.3261554359239321	0.9982222910535208
0.3262054367572793	2.3534338971343343
0.3262554375906265	3.0918070258368155
0.3263054384239737	3.0631210717242445
0.3263554392573209	2.353283116056688
0.3264054400906682	1.137979057164455
0.3264554409240154	-0.2075711386346517
0.3265054417573627	-1.3490426703404648
0.3265554425907099	-1.986296068154872
0.3266054434240571	-1.997111260446078
0.3266554442574043	-1.5191233754635602
0.3267054450907515	-0.6864829285135255
0.3267554459240988	0.1900700191592962
0.326805446757446	0.9064853674297956
0.3268554475907932	1.294422494772076
0.3269054484241404	1.375812770707873
0.3269554492574876	1.2168304831193797
0.3270054500908348	1.0720808777179631
0.3270554509241821	0.986019712392747
0.3271054517575293	1.1153743878047848
0.3271554525908765	1.429141157250428
0.3272054534242237	1.782021323518947
0.3272554542575709	1.899484163801096
0.3273054550909182	1.6459371288279887
0.3273554559242654	0.9255908913247326
0.3274054567576127	-0.2744029379735001
0.3274554575909599	-1.798129342867716
0.3275054584243071	-3.3498846341950754
0.3275554592576543	-4.628636064831274
0.3276054600910015	-5.391131097966342
0.3276554609243488	-5.430987063265073
0.327705461757696	-4.765748398353567
0.3277554625910432	-3.5357593964549534
0.3278054634243904	-2.009605377729062
0.3278554642577376	-0.4968216661811887
0.3279054650910848	0.6928954270575924
0.3279554659244321	1.3409282160460383
0.3280054667577793	1.363891377787859
0.3280554675911265	0.8759846411870773
0.3281054684244738	0.043889701406077
0.328155469257821	-0.8667607688304212
0.3282054700911682	-1.6205483017641713
0.3282554709245154	-2.007395664036885
0.3283054717578627	-1.9741964446200757
0.3283554725912099	-1.539426333954668
0.3284054734245571	-0.8884261122047046
0.3284554742579043	-0.1930309179489989
0.3285054750912515	0.3544074134467432
0.3285554759245987	0.6865860276904302
0.328605476757946	0.7665194577961976
0.3286554775912932	0.758918978080073
0.3287054784246404	0.8344220127123686
0.3287554792579876	1.1749094830288909
0.3288054800913348	1.9640130516798795
0.3288554809246821	3.1769703001733376
0.3289054817580293	4.6570470756085545
0.3289554825913766	6.19721495228919
0.3290054834247238	7.458289953775484
0.329055484258071	8.078538590657933
0.3291054850914182	7.928076517049203
0.3291554859247654	6.94430616484301
0.3292054867581127	5.3968247163341845
0.3292554875914599	3.562085449680753
0.3293054884248071	1.9078017119644612
0.3293554892581543	0.8056127706621079
0.3294054900915015	0.5045363774108919
0.3294554909248487	1.0349939076642078
0.329505491758196	2.2131063115737035
0.3295554925915432	3.671474122706942
0.3296054934248904	5.00619096614327
0.3296554942582376	5.889385303359108
0.3297054950915848	6.123844504092198
0.3297554959249321	5.719878402315667
0.3298054967582793	4.859401314486292
0.3298554975916266	3.924094805948795
0.3299054984249738	3.225147732566628
0.329955499258321	3.058377038407385
0.3300055000916682	3.4852903083655056
0.3300555009250154	4.4270839875356245
0.3301055017583627	5.59550256358877
0.3301555025917099	6.596347719089817
0.3302055034250571	7.1550390196067655
0.3302555042584043	6.9612224539552905
0.3303055050917515	6.072888466717045
0.3303555059250987	4.597590694935587
0.330405506758446	2.8354363815542327
0.3304555075917932	1.1899955970910028
0.3305055084251404	-0.0105934237909456
0.3305555092584877	-0.4886304146467338
0.3306055100918349	-0.1719141647253455
0.3306555109251821	0.7968990571108001
0.3307055117585293	2.233598353480485
0.3307555125918766	3.781248991746096
0.3308055134252238	5.112474726382763
0.330855514258571	5.9430762255285705
0.3309055150919182	6.134123079676567
0.3309555159252654	5.714888310657535
0.3310055167586127	4.76858191381849
0.3310555175919599	3.48170570354155
0.3311055184253071	2.217988417738906
0.3311555192586543	1.2099991924027207
0.3312055200920015	0.6451768482842679
0.3312555209253487	0.6899865892976798
0.331305521758696	1.2532157197302225
0.3313555225920432	2.200991221941147
0.3314055234253905	3.2479206590912777
0.3314555242587377	4.125909373621632
0.3315055250920849	4.542068584507576
0.3315555259254321	4.307103322029255
0.3316055267587793	3.4043612253926505
0.3316555275921266	1.9320321757948504
0.3317055284254738	0.1626632709354171
0.331755529258821	-1.557350483528534
0.3318055300921682	-2.898041690468801
0.3318555309255154	-3.631735585239841
0.3319055317588626	-3.568386492223529
0.3319555325922099	-2.893281361922492
0.3320055334255571	-1.762916408524333
0.3320555342589043	-0.582940696906965
0.3321055350922515	0.3435792258061229
0.3321555359255987	0.8202173951549361
0.332205536758946	0.7738797780838758
0.3322555375922932	0.2796849779934263
0.3323055384256405	-0.3676364217085618
0.3323555392589877	-0.9621842315699032
0.3324055400923349	-1.1942782323532914
0.3324555409256821	-0.9677056679230732
0.3325055417590293	-0.2851845302188708
0.3325555425923766	0.5866750514470757
0.3326055434257238	1.4151823141410689
0.332655544259071	1.870449646962261
0.3327055450924182	1.7745200391719855
0.3327555459257654	1.1032729738410438
0.3328055467591126	-0.0217687311560671
0.3328555475924599	-1.3210156314816586
0.3329055484258071	-2.348082150787577
0.3329555492591543	-2.8539708460358213
0.3330055500925016	-2.595153263088436
0.3330555509258488	-1.5172489493879229
0.333105551759196	0.198761962465392
0.3331555525925432	2.260392083926997
0.3332055534258905	4.33667507285652
0.3332555542592377	6.083953606458644
0.3333055550925849	7.259456347452239
0.3333555559259321	7.772641943164714
0.3334055567592793	7.725476972802501
0.3334555575926266	7.187383401626602
0.3335055584259738	6.398740107067627
0.333555559259321	5.495632715676726
0.3336055600926682	4.589784770470188
0.3336555609260154	3.788781863022024
0.3337055617593626	3.05607881413654
0.3337555625927099	2.426648852221922
0.3338055634260571	1.9512584747087125
0.3338555642594044	1.6078070617239195
0.3339055650927516	1.4560545310812614
0.3339555659260988	1.5269079879688494
0.334005566759446	1.7943797479783654
0.3340555675927932	2.2286774413540447
0.3341055684261405	2.65629202643336
0.3341555692594877	2.966653087039126
0.3342055700928349	3.015803223632992
0.3342555709261821	2.6905583178646477
0.3343055717595293	2.0201994733898623
0.3343555725928765	1.164056523523722
0.3344055734262238	0.2946606275419958
0.334455574259571	-0.3534973871727822
0.3345055750929182	-0.5532944517381847
0.3345555759262654	-0.218139332774251
0.3346055767596126	0.6085837883923668
0.3346555775929599	1.7164343506865172
0.3347055784263071	2.857382473946167
0.3347555792596544	3.696043960123359
0.3348055800930016	4.020151560116759
0.3348555809263488	3.676479280345081
0.334905581759696	2.769354049593561
0.3349555825930432	1.557381868578263
0.3350055834263905	0.2699674373814104
0.3350555842597377	-0.6166245769642376
0.3351055850930849	-0.9717798935176528
0.3351555859264321	-0.667615115860287
0.3352055867597793	0.2241503593110962
0.3352555875931265	1.467795235055939
0.3353055884264738	2.7024370232339026
0.335355589259821	3.644908503951288
0.3354055900931682	4.0672275345739015
0.3354555909265155	3.93773800395274
0.3355055917598627	3.381506679805285
0.3355555925932099	2.608885060689719
0.3356055934265571	1.9345837108325863
0.3356555942599044	1.5773301338809171
0.3357055950932516	1.606263811682424
0.3357555959265988	1.9337991274725157
0.335805596759946	2.377089440031626
0.3358555975932932	2.607327768560828
0.3359055984266405	2.383692286981454
0.3359555992599877	1.524092966948793
0.3360056000933349	0.143022537635014
0.3360556009266821	-1.5240715468305996
0.3361056017600293	-3.1438492058341927
0.3361556025933765	-4.332494704677694
0.3362056034267238	-4.873813760823095
0.336255604260071	-4.648490404866352
0.3363056050934183	-3.795118147287149
0.3363556059267655	-2.580686401975063
0.3364056067601127	-1.4553794762389192
0.3364556075934599	-0.7170799833566086
0.3365056084268071	-0.6480021227002243
0.3365556092601544	-1.192605813602556
0.3366056100935016	-2.2076700011537387
0.3366556109268488	-3.322014663241429
0.336705611760196	-4.258987330616716
0.3367556125935432	-4.745787677045054
0.3368056134268904	-4.620648596081385
0.3368556142602377	-4.011545437302391
0.3369056150935849	-3.12254891766497
0.3369556159269321	-2.1692965958647745
0.3370056167602793	-1.4260616957976244
0.3370556175936265	-0.9812297377975584
0.3371056184269738	-0.7577328647800793
0.337155619260321	-0.6326521370828102
0.3372056200936683	-0.4379779674430188
0.3372556209270155	-0.0387722975619417
0.3373056217603627	0.5307616873618048
0.3373556225937099	1.0925698958192558
0.3374056234270571	1.3731769553450643
0.3374556242604044	1.0767595338610485
0.3375056250937516	0.0426211791274245
0.3375556259270988	-1.7013239552816963
0.337605626760446	-3.848908316944677
0.3376556275937932	-5.974696223534005
0.3377056284271404	-7.520496099986236
0.3377556292604877	-8.047567307293635
0.3378056300938349	-7.329223725753183
0.3378556309271821	-5.452081685740005
0.3379056317605294	-2.840219127466716
0.3379556325938766	-0.106634769426511
0.3380056334272238	2.088698426160938
0.338055634260571	3.2105477048620985
0.3381056350939183	3.0307087520383944
0.3381556359272655	1.6422070024525557
0.3382056367606127	-0.5123356725355901
0.3382556375939599	-2.89219686997741
0.3383056384273071	-4.888804172099469
0.3383556392606544	-6.085782069451205
0.3384056400940016	-6.326902632824757
0.3384556409273488	-5.792146613796194
0.338505641760696	-4.799405321383156
0.3385556425940432	-3.7903634462006175
0.3386056434273904	-3.096125736959336
0.3386556442607377	-2.878497557834448
0.3387056450940849	-3.014636809424616
0.3387556459274322	-3.2676865652475517
0.3388056467607794	-3.2130001636538235
0.3388556475941266	-2.5738783263083147
0.3389056484274738	-1.2675144018850626
0.338955649260821	0.6189591025791004
0.3390056500941683	2.7128979837099707
0.3390556509275155	4.525886956522781
0.3391056517608627	5.647392641730555
0.3391556525942099	5.717365134880925
0.3392056534275571	4.76556079602394
0.3392556542609043	2.971743360548238
0.3393056550942516	0.867707967937294
0.3393556559275988	-1.1381987639985744
0.339405656760946	-2.4800808986243057
0.3394556575942932	-2.910641330822752
0.3395056584276405	-2.4270316871094546
0.3395556592609877	-1.2281234302258173
0.3396056600943349	0.3413162170757358
0.3396556609276822	1.770469929303526
0.3397056617610294	2.696386153584035
0.3397556625943766	2.943878794805307
0.3398056634277238	2.509600111116875
0.339855664261071	1.517495710019134
0.3399056650944183	0.3293627192714781
0.3399556659277655	-0.7754967038312314
0.3400056667611127	-1.5216249270397153
0.3400556675944599	-1.8524271507217915
0.3401056684278071	-1.687574738968448
0.3401556692611543	-1.2973725612945337
0.3402056700945016	-0.7594350454964253
0.3402556709278488	-0.2944241161298452
0.340305671761196	-0.0496016193439985
0.3403556725945433	-0.0518074077069553
0.3404056734278905	-0.1692888057497872
0.3404556742612377	-0.2764773595502716
0.3405056750945849	-0.2391567173357325
0.3405556759279322	0.085238761074556
0.3406056767612794	0.7267622259951526
0.3406556775946266	1.6019173070184305
0.3407056784279738	2.536380579938348
0.340755679261321	3.2859229746205747
0.3408056800946683	3.7165496872096297
0.3408556809280155	3.619854197928464
0.3409056817613627	3.056473408960105
0.3409556825947099	2.1441172798345662
0.3410056834280571	1.09831433410332
0.3410556842614043	0.2184558203912056
0.3411056850947516	-0.1961934426306664
0.3411556859280988	-0.0519435049586037
0.3412056867614461	0.7258837371383421
0.3412556875947933	1.927990759785689
0.3413056884281405	3.2387619505910514
0.3413556892614877	4.311736565369108
0.3414056900948349	4.817848104940647
0.3414556909281822	4.543766991857465
0.3415056917615294	3.5581821991911475
0.3415556925948766	2.030196033682944
0.3416056934282238	0.2847815325349434
0.341655694261571	-1.2149870354110897
0.3417056950949182	-2.136600947626411
0.3417556959282655	-2.354013868295837
0.3418056967616127	-1.8532100261251785
0.3418556975949599	-0.8625760962391106
0.3419056984283071	0.2036861351251447
0.3419556992616544	1.0090231077748382
0.3420057000950016	1.2772818397990644
0.3420557009283488	0.8770148809603446
0.3421057017616961	-0.0587252352998577
0.3421557025950433	-1.346694578164119
0.3422057034283905	-2.587878129690017
0.3422557042617377	-3.482150308975508
0.3423057050950849	-3.830879053186631
0.3423557059284322	-3.5736788842625145
0.3424057067617794	-2.8134314134088894
0.3424557075951266	-1.7929162155555876
0.3425057084284738	-0.7657237095384972
0.342555709261821	0.0613444801609058
0.3426057100951682	0.6039555794366509
0.3426557109285155	0.8605809654324499
0.3427057117618627	0.953300276264088
0.3427557125952099	0.983115361765982
0.3428057134285572	1.0630572584423517
0.3428557142619044	1.1972391852906603
0.3429057150952516	1.3397116702498135
0.3429557159285988	1.4022112472835573
0.3430057167619461	1.3976277386321962
0.3430557175952933	1.1930547747264346
0.3431057184286405	0.933679196249605
0.3431557192619877	0.6545884626741952
0.3432057200953349	0.4841315237651276
0.3432557209286822	0.4257811284377477
0.3433057217620294	0.4361202255668269
0.3433557225953766	0.4423299014714594
0.3434057234287238	0.2475457421194969
0.343455724262071	-0.2255809864538427
0.3435057250954182	-0.9552983521104392
0.3435557259287655	-1.8392285805869293
0.3436057267621127	-2.6362666277515245
0.34365572759546	-3.071725372716788
0.3437057284288072	-2.844220685780635
0.3437557292621544	-1.914485907980465
0.3438057300955016	-0.4090086696471935
0.3438557309288488	1.3566519514580002
0.3439057317621961	2.933565780006491
0.3439557325955433	3.887159021825343
0.3440057334288905	3.94755270441557
0.3440557342622377	3.1171968671663417
0.3441057350955849	1.6564748327022103
0.3441557359289321	0.0311555310697994
0.3442057367622794	-1.126496232620271
0.3442557375956266	-1.3998297853357722
0.3443057384289738	-0.5579338216976584
0.344355739262321	1.2827064102273755
0.3444057400956683	3.6911946831077502
0.3444557409290155	6.102557003310115
0.3445057417623627	7.800199966949916
0.34455574259571	8.423853452332654
0.3446057434290572	7.829004165154859
0.3446557442624044	6.264610025353659
0.3447057450957516	4.261135327187877
0.3447557459290988	2.4392452416517267
0.3448057467624461	1.3583125069210524
0.3448557475957933	1.3425305774272118
0.3449057484291405	2.453782355748748
0.3449557492624877	4.367101158446845
0.3450057500958349	6.543676040409646
0.3450557509291821	8.48229760354946
0.3451057517625294	9.671425082247389
0.3451557525958766	9.9135428093776
0.3452057534292238	9.222695077767169
0.3452557542625711	7.804677649768073
0.3453057550959183	6.027844257740644
0.3453557559292655	4.227695399507512
0.3454057567626127	2.6726213147218623
0.34545575759596	1.5227224301096531
0.3455057584293072	0.6535225602402601
0.3455557592626544	0.0900446317669488
0.3456057600960016	-0.3703715256532601
0.3456557609293488	-0.743509083525207
0.3457057617626961	-1.094264368226038
0.3457557625960433	-1.4229922996078432
0.3458057634293905	-1.71971188292048
0.3458557642627377	-1.988699140007374
0.3459057650960849	-2.225668352631728
0.3459557659294321	-2.4783134852246858
0.3460057667627794	-2.7038134494146204
0.3460557675961266	-2.895435744994315
0.3461057684294739	-2.867499010152898
0.3461557692628211	-2.519582319143928
0.3462057700961683	-1.754497952388419
0.3462557709295155	-0.5146817664377787
0.3463057717628627	1.0405674573664254
0.34635577259621	2.623858814703982
0.3464057734295572	3.786046704673424
0.3464557742629044	4.200374777078293
0.3465057750962516	3.60398714135031
0.3465557759295988	2.0218756150929043
0.346605776762946	-0.2667002098815775
0.3466557775962933	-2.7513635216272903
0.3467057784296405	-4.912140402937413
0.3467557792629877	-6.107880922052062
0.3468057800963349	-6.111228055751629
0.3468557809296822	-4.945674436675376
0.3469057817630294	-2.9446885608202127
0.3469557825963766	-0.6700990557828506
0.3470057834297239	1.2447455821022957
0.3470557842630711	2.393288299336162
0.3471057850964183	2.534969174710849
0.3471557859297655	1.8930394624279956
0.3472057867631127	0.8674798468281849
0.34725578759646	-0.0110193045391874
0.3473057884298072	-0.2557356889784863
0.3473557892631544	0.2809498250116446
0.3474057900965016	1.5096776824044738
0.3474557909298488	3.004571398883443
0.347505791763196	4.177899691185117
0.3475557925965433	4.527184804264708
0.3476057934298905	3.724324088556803
0.3476557942632377	1.8437151753749117
0.347705795096585	-0.7724338858421819
0.3477557959299322	-3.5142245207455027
0.3478057967632794	-5.666279923151828
0.3478557975966266	-6.714300794376791
0.3479057984299739	-6.4010951352842405
0.3479557992633211	-4.813405407675877
0.3480058000966683	-2.366750008654076
0.3480558009300155	0.4254396072547026
0.3481058017633627	2.891813672092834
0.34815580259671	4.6774220217560725
0.3482058034300572	5.591656344329741
0.3482558042634044	5.754549443671526
0.3483058050967516	5.369783647208995
0.3483558059300988	4.76277740681359
0.348405806763446	4.240090070324692
0.3484558075967933	3.8811150133480417
0.3485058084301405	3.629139473214576
0.3485558092634878	3.3784232871340274
0.348605810096835	2.9667182757057824
0.3486558109301822	2.227606729812765
0.3487058117635294	1.2341548474420243
0.3487558125968766	0.1446351063341872
0.3488058134302239	-0.9146382243238816
0.3488558142635711	-1.5840018939540526
0.3489058150969183	-1.8437263584867352
0.3489558159302655	-1.5622193782499567
0.3490058167636127	-0.8668621631446639
0.3490558175969599	0.0273524887442625
0.3491058184303072	0.852238284562817
0.3491558192636544	1.4112100439406756
0.3492058200970016	1.5121634296407984
0.3492558209303488	1.141969124905485
0.3493058217636961	0.3197101639003671
0.3493558225970433	-0.8481754112123567
0.3494058234303905	-2.119107441063516
0.3494558242637378	-3.363567687725312
0.349505825097085	-4.41959874105327
0.3495558259304322	-5.148082615099234
0.3496058267637794	-5.428235282640875
0.3496558275971266	-5.250862555434225
0.3497058284304739	-4.65451788916161
0.3497558292638211	-3.723298151428576
0.3498058300971683	-2.71965895111998
0.3498558309305155	-1.8169840334063097
0.3499058317638627	-1.2208486598699009
0.3499558325972099	-1.0626562533341046
0.3500058334305572	-1.4161227871063131
0.3500558342639044	-2.1262935499511264
0.3501058350972517	-2.966406498225968
0.3501558359305989	-3.688064277564869
0.3502058367639461	-3.9635035770976006
0.3502558375972933	-3.660395974304879
0.3503058384306405	-2.8153707913268766
0.3503558392639878	-1.5272879082241968
0.350405840097335	-0.1001932632827418
0.3504558409306822	1.1260640009062524
0.3505058417640294	1.911191892666113
0.3505558425973766	2.2430479812469466
0.3506058434307239	2.138311867514888
0.3506558442640711	1.8091417474276668
0.3507058450974183	1.5846591285429177
0.3507558459307655	1.657816989949562
0.3508058467641127	2.0284801168286557
0.3508558475974599	2.683381639581301
0.3509058484308072	3.301404889686377
0.3509558492641544	3.665047627477612
0.3510058500975017	3.471314624666324
0.3510558509308489	2.758876161557038
0.3511058517641961	1.6721143666612086
0.3511558525975433	0.4968011918384469
0.3512058534308905	-0.3244975797206939
0.3512558542642378	-0.4847835796426447
0.351305855097585	0.0720703803359941
0.3513558559309322	1.2892819807570313
0.3514058567642794	2.766129528383249
0.3514558575976266	4.091416206509973
0.3515058584309738	4.892367505539683
0.3515558592643211	4.9278722986232335
0.3516058600976683	4.204812791810598
0.3516558609310155	3.028803374182062
0.3517058617643627	1.760272246607094
0.35175586259771	0.7651177715179094
0.3518058634310572	0.2882044338232514
0.3518558642644044	0.2942459186657379
0.3519058650977517	0.6252239703405773
0.3519558659310989	0.9143298199558167
0.3520058667644461	0.8312628685987324
0.3520558675977933	0.3682741796507426
0.3521058684311405	-0.4642772414494193
0.3521558692644878	-1.282944749976974
0.352205870097835	-1.7012493269923494
0.3522558709311822	-1.3510697548365116
0.3523058717645294	-0.1844040451175861
0.3523558725978766	1.5910877229203615
0.3524058734312238	3.44287934428799
0.3524558742645711	4.680917334001782
0.3525058750979183	4.801426970252514
0.3525558759312656	3.4811543134763694
0.3526058767646128	0.8787452228446778
0.35265587759796	-2.4208224782600523
0.3527058784313072	-5.60027979149467
0.3527558792646544	-7.859372094003638
0.3528058800980017	-8.577249364517847
0.3528558809313489	-7.618422306484338
0.3529058817646961	-5.35504269602154
0.3529558825980433	-2.513543403251359
0.3530058834313905	-0.0144417177343597
0.3530558842647378	1.3917172084346652
0.353105885098085	1.3269489134116
0.3531558859314322	-0.0997224008336186
0.3532058867647794	-2.3388785453043424
0.3532558875981266	-4.546561724482966
0.3533058884314738	-5.958464428293702
0.3533558892648211	-6.059407542867279
0.3534058900981683	-4.801432337982041
0.3534558909315156	-2.59521459618219
0.3535058917648628	-0.1290523527180275
0.35355589259821	1.849421107378264
0.3536058934315572	2.727490128758243
0.3536558942649044	2.3614218973757555
0.3537058950982517	0.9815487873653844
0.3537558959315989	-0.8497702278924312
0.3538058967649461	-2.4489124944482743
0.3538558975982933	-3.249954295205037
0.3539058984316405	-3.0122253029372112
0.3539558992649877	-1.8487892243475224
0.354005900098335	-0.2099360112972877
0.3540559009316822	1.3374455577506277
0.3541059017650294	2.324892995287956
0.3541559025983766	2.4949131904794166
0.3542059034317239	1.955123343351084
0.3542559042650711	1.012193401808835
0.3543059050984183	0.2361556125898132
0.3543559059317656	0.1061035383182612
0.3544059067651128	0.7707744429525701
0.35445590759846	2.2328317027278515
0.3545059084318072	4.108060629987378
0.3545559092651544	5.810634580487911
0.3546059100985017	6.973759222258124
0.3546559109318489	7.192915851002333
0.3547059117651961	6.441745995518707
0.3547559125985433	4.973274073277121
0.3548059134318905	3.156398196124832
0.3548559142652377	1.3581618196796914
0.354905915098585	-0.0497039470259542
0.3549559159319322	-1.0217816973563685
0.3550059167652795	-1.6362378570410123
0.3550559175986267	-2.0568157794619943
0.3551059184319739	-2.5081978910982023
0.3551559192653211	-3.050876240737196
0.3552059200986683	-3.606397974347716
0.3552559209320156	-3.950875275070598
0.3553059217653628	-3.81438386445862
0.35535592259871	-3.022703693142016
0.3554059234320572	-1.4927910483984594
0.3554559242654044	0.5200862909609115
0.3555059250987517	2.609764321756849
0.3555559259320989	4.346026954435131
0.3556059267654461	5.27654484357731
0.3556559275987933	5.130371846677899
0.3557059284321405	3.8498531799610927
0.3557559292654877	1.6747282012883935
0.355805930098835	-1.0346244714572914
0.3558559309321822	-3.7964126736301447
0.3559059317655295	-6.201814865507744
0.3559559325988767	-8.013614544767103
0.3560059334322239	-8.995446941886566
0.3560559342655711	-9.238865064513057
0.3561059350989183	-8.792454854942202
0.3561559359322656	-7.834049736736742
0.3562059367656128	-6.456507900152609
0.35625593759896	-4.84332311128802
0.3563059384323072	-3.1554467734794245
0.3563559392656544	-1.5742053729879562
0.3564059400990017	-0.2736800182104777
0.3564559409323489	0.5371738322260025
0.3565059417656961	0.7462883100275168
0.3565559425990433	0.3614233756719011
0.3566059434323905	-0.4616311099864204
0.3566559442657378	-1.508174822946588
0.356705945099085	-2.426879410102611
0.3567559459324322	-2.9770508012094576
0.3568059467657795	-2.964409462218705
0.3568559475991267	-2.484075886438754
0.3569059484324739	-1.7896734483580423
0.3569559492658211	-1.1537074244022296
0.3570059500991683	-0.931898501648725
0.3570559509325156	-1.3293807586494628
0.3571059517658628	-2.254066910594438
0.35715595259921	-3.412227886465403
0.3572059534325572	-4.377428718176319
0.3572559542659044	-4.712046791943017
0.3573059550992516	-4.064957755203198
0.3573559559325989	-2.4678960226866966
0.3574059567659461	-0.2057438498359011
0.3574559575992934	2.206193677133057
0.3575059584326406	4.202669824575059
0.3575559592659878	5.194293366262759
0.357605960099335	5.057666195671309
0.3576559609326822	3.8406540541355234
0.3577059617660295	1.9900958574370784
0.3577559625993767	0.1275558518575933
0.3578059634327239	-1.2439979415421951
0.3578559642660711	-1.647201137347008
0.3579059650994183	-1.1040121803763627
0.3579559659327656	0.1183242624141671
0.3580059667661128	1.5487207809525716
0.35805596759946	2.623858885760553
0.3581059684328072	2.9212497770436583
0.3581559692661544	2.3381688164270003
0.3582059700995016	0.9657023324206212
0.3582559709328489	-0.7193114410631389
0.3583059717661961	-2.2930486096683524
0.3583559725995434	-3.362771470196749
0.3584059734328906	-3.664703114951572
0.3584559742662378	-3.2321389835172254
0.358505975099585	-2.3495446395418416
0.3585559759329322	-1.3015910267951782
0.3586059767662795	-0.4214902669514577
0.3586559775996267	0.1737307568202608
0.3587059784329739	0.4226517406466847
0.3587559792663211	0.4202272074850454
0.3588059800996683	0.3709761092195058
0.3588559809330156	0.292425996242576
0.3589059817663628	0.2703301554856866
0.35895598259971	0.1145277810428782
0.3590059834330572	-0.2729911900558955
0.3590559842664044	-1.024910739003977
0.3591059850997517	-2.1108557981587204
0.3591559859330989	-3.3716124116806907
0.3592059867664461	-4.490362983084614
0.3592559875997934	-5.153653246224678
0.3593059884331406	-5.234357208194016
0.3593559892664878	-4.669521499363316
0.359405990099835	-3.708771167050364
0.3594559909331822	-2.693985497264948
0.3595059917665295	-2.0887815725998204
0.3595559925998767	-2.169374982782972
0.3596059934332239	-3.0101688769708304
0.3596559942665711	-4.36319848552682
0.3597059950999183	-5.823396325776825
0.3597559959332655	-6.851509350511214
0.3598059967666128	-7.043552626109051
0.35985599759996	-6.259435628058626
0.3599059984333073	-4.690938100870237
0.3599559992666545	-2.8180879586113647
0.3600060001000017	-1.2241009198111803
0.3600560009333489	-0.4430043770950338
0.3601060017666961	-0.7086693150816828
0.3601560026000434	-1.9700315751071047
0.3602060034333906	-3.749009107060368
0.3602560042667378	-5.469686215307894
0.360306005100085	-6.540573017679472
0.3603560059334322	-6.64548025478753
0.3604060067667795	-5.707044840442546
0.3604560076001267	-4.035949725401895
0.3605060084334739	-2.1383601425187466
0.3605560092668211	-0.6089188268784995
0.3606060101001683	0.2236066806159714
0.3606560109335155	0.2556862447472033
0.3607060117668628	-0.2955239088182146
0.36075601260021	-0.9739121801209094
0.3608060134335573	-1.309687522981654
0.3608560142669045	-0.9663300175058174
0.3609060151002517	0.084826761133439
0.3609560159335989	1.5645356069646787
0.3610060167669461	2.979845890588249
0.3610560176002934	3.9230370223436686
0.3611060184336406	3.952950071198339
0.3611560192669878	3.068780533015232
0.361206020100335	1.5412280158208789
0.3612560209336822	-0.1907875832015962
0.3613060217670295	-1.52746584187355
0.3613560226003767	-2.15628420417187
0.3614060234337239	-1.9094685935418096
0.3614560242670711	-1.0200934419909569
0.3615060251004183	0.1380958599470818
0.3615560259337656	1.005496323995764
0.3616060267671128	1.330571659610341
0.36165602760046	0.8891875069233164
0.3617060284338073	-0.0777448692603141
0.3617560292671545	-1.1697523938252807
0.3618060301005017	-2.04500370119382
0.3618560309338489	-2.3402921064051214
0.3619060317671961	-2.068013966768988
0.3619560326005434	-1.418898765683765
0.3620060334338906	-0.8120840850948657
0.3620560342672378	-0.6344670186368513
0.362106035100585	-1.166607911722779
0.3621560359339322	-2.3060195137203263
0.3622060367672794	-3.743143298896247
0.3622560376006267	-4.964173844460044
0.3623060384339739	-5.442013717898097
0.3623560392673212	-4.872407604848841
0.3624060401006684	-3.263317552432251
0.3624560409340156	-1.0026035759079468
0.3625060417673628	1.347910593996687
0.36255604260071	3.188482172343069
0.3626060434340573	4.093623837815473
0.3626560442674045	3.955939196559296
0.3627060451007517	3.08870400010769
0.3627560459340989	2.005709985376955
0.3628060467674461	1.37437552893175
0.3628560476007934	1.5968478383588134
0.3629060484341406	2.689257207517841
0.3629560492674878	4.407691068687318
0.363006050100835	6.175298176706541
0.3630560509341822	7.261805160648851
0.3631060517675294	7.195598996698807
0.3631560526008767	5.901851423712375
0.3632060534342239	3.642405699703645
0.3632560542675712	1.0733660312187976
0.3633060551009184	-0.9711179226828984
0.3633560559342656	-1.809090395801112
0.3634060567676128	-1.1774477915555135
0.36345605760096	0.7090635549366325
0.3635060584343073	3.232221197013064
0.3635560592676545	5.578803293974932
0.3636060601010017	6.948650125240548
0.3636560609343489	6.84274420653471
0.3637060617676961	5.321637960392464
0.3637560626010434	2.805221137051076
0.3638060634343906	0.1213841082179361
0.3638560642677378	-1.9202105699632728
0.363906065101085	-2.7395562781386635
0.3639560659344322	-2.128526097539176
0.3640060667677795	-0.435904386091968
0.3640560676011267	1.6635364665541137
0.3641060684344739	3.3862862806131364
0.3641560692678212	4.00940631195755
0.3642060701011684	3.2207660053004723
0.3642560709345156	1.1602840999454989
0.3643060717678628	-1.6573746619433796
0.36435607260121	-4.455045338224154
0.3644060734345573	-6.485553527328826
0.3644560742679045	-7.138104478562746
0.3645060751012517	-6.246677452312464
0.3645560759345989	-4.056285741756311
0.3646060767679461	-0.9743338865391648
0.3646560776012933	2.311391340121404
0.3647060784346406	5.139248459861378
0.3647560792679878	7.135723560925026
0.3648060801013351	8.045338738149818
0.3648560809346823	7.922742616393017
0.3649060817680295	6.955416093162321
0.3649560826013767	5.420130005531887
0.3650060834347239	3.641212058245686
0.3650560842680712	1.8812948990451128
0.3651060851014184	0.3440209474980408
0.3651560859347656	-0.8921061844715966
0.3652060867681128	-1.7005209957871386
0.36525608760146	-2.094508937668393
0.3653060884348073	-2.0940230884103146
0.3653560892681545	-1.8403554865659613
0.3654060901015017	-1.5021858867912994
0.3654560909348489	-1.234972094559481
0.3655060917681961	-1.2090021856398026
0.3655560926015433	-1.5235177718814166
0.3656060934348906	-2.065110038307139
0.3656560942682378	-2.6772378202746028
0.3657060951015851	-3.0975449264238297
0.3657560959349323	-3.0954733625156488
0.3658060967682795	-2.548624110111584
0.3658560976016267	-1.5903753368352769
0.3659060984349739	-0.4603169040693493
0.3659560992683212	0.4427517272122626
0.3660061001016684	0.6881044912789969
0.3660561009350156	0.0682920467183864
0.3661061017683628	-1.4283357168182356
0.36615610260171	-3.4400464128458084
0.3662061034350573	-5.47913613722406
0.3662561042684045	-6.920847867427289
0.3663061051017517	-7.267448859803771
0.3663561059350989	-6.2536401268456805
0.3664061067684462	-4.089846274430294
0.3664561076017934	-1.1701166305938624
0.3665061084351406	1.7796257695184985
0.3665561092684878	4.106203382832221
0.3666061101018351	5.359768325605349
0.3666561109351823	5.400655668397445
0.3667061117685295	4.4928692846013805
0.3667561126018767	3.062952848380532
0.3668061134352239	1.6760927200023183
0.3668561142685712	0.9002451659334447
0.3669061151019184	0.8672143246179874
0.3669561159352656	1.5357024666812786
0.3670061167686128	2.629689718152672
0.36705611760196	3.738215416959093
0.3671061184353072	4.597089034502536
0.3671561192686545	5.000724110094764
0.3672061201020017	5.024718552345372
0.367256120935349	4.889639274716291
0.3673061217686962	4.786264744925525
0.3673561226020434	4.873417565502227
0.3674061234353906	5.0430189831719785
0.3674561242687378	5.008830966079181
0.3675061251020851	4.487666666688875
0.3675561259354323	3.1529957361523517
0.3676061267687795	1.006563438011188
0.3676561276021267	-1.6708332672797055
0.3677061284354739	-4.399037317427945
0.3677561292688212	-6.470919832416628
0.3678061301021684	-7.361556589790499
0.3678561309355156	-6.838188915822866
0.3679061317688628	-5.031549770383928
0.36795613260221	-2.485072538998052
0.3680061334355572	0.023455371284026
0.3680561342689045	1.7685141978616254
0.3681061351022517	2.28362206189322
0.368156135935599	1.4848234138565228
0.3682061367689462	-0.182552403556969
0.3682561376022934	-2.110736852251226
0.3683061384356406	-3.521438870524193
0.3683561392689878	-3.885830180081021
0.3684061401023351	-3.0504460087326386
0.3684561409356823	-1.366886628394986
0.3685061417690295	0.4972832620638557
0.3685561426023767	1.8174058072017891
0.3686061434357239	2.019776303505968
0.3686561442690712	0.9230830654686508
0.3687061451024184	-1.0984467025942204
0.3687561459357656	-3.3691681145923607
0.3688061467691128	-5.0940720837342335
0.3688561476024601	-5.467974550803957
0.3689061484358073	-4.300925306761516
0.3689561492691545	-1.7511639768764693
0.3690061501025017	1.4473714135786313
0.369056150935849	4.3469569142806135
0.3691061517691962	6.1828376244771865
0.3691561526025434	6.36178001936987
0.3692061534358906	4.910966802848543
0.3692561542692378	2.3343034711867885
0.3693061551025851	-0.5450819382423051
0.3693561559359323	-2.866061771035276
0.3694061567692795	-3.988843942814322
0.3694561576026267	-3.772453585252233
0.3695061584359739	-2.4973521422677045
0.3695561592693211	-0.7423078858440701
0.3696061601026684	0.673806997126044
0.3696561609360156	1.2209301582390708
0.3697061617693629	0.6521691138594571
0.3697561626027101	-0.8221057534763356
0.3698061634360573	-2.6911466280606726
0.3698561642694045	-4.33148380758479
0.3699061651027517	-5.2961798176788
0.369956165936099	-5.328374704723487
0.3700061667694462	-4.613118657045153
0.3700561676027934	-3.5926698996878867
0.3701061684361406	-2.70950847100637
0.3701561692694878	-2.492297958454288
0.3702061701028351	-3.017043606072227
0.3702561709361823	-4.085562410206541
0.3703061717695295	-5.305945046387947
0.3703561726028767	-6.116222355471167
0.3704061734362239	-6.114314717046546
0.3704561742695711	-5.249526205983294
0.3705061751029184	-3.687310365634136
0.3705561759362656	-1.9533723138583443
0.3706061767696129	-0.5654301999015716
0.3706561776029601	-0.0225379365044208
0.3707061784363073	-0.5293777053534673
0.3707561792696545	-1.9440837437058296
0.3708061801030017	-3.812546954143021
0.370856180936349	-5.688345611799089
0.3709061817696962	-7.028863227354413
0.3709561826030434	-7.548003167261905
0.3710061834363906	-7.287309048026378
0.3710561842697378	-6.481511593446314
0.3711061851030851	-5.478092648929223
0.3711561859364323	-4.6931949279126215
0.3712061867697795	-4.370604746609369
0.3712561876031267	-4.4518967745585165
0.371306188436474	-4.815043281089644
0.3713561892698212	-5.250682915336858
0.3714061901031684	-5.505747714989997
0.3714561909365156	-5.538710651688613
0.3715061917698629	-5.332296709048116
0.3715561926032101	-5.141564993873074
0.3716061934365573	-5.137352246340552
0.3716561942699045	-5.397398383184033
0.3717061951032517	-5.892740714487469
0.371756195936599	-6.367770576911732
0.3718061967699462	-6.586172032018149
0.3718561976032934	-6.272112613172747
0.3719061984366406	-5.378945033176724
0.3719561992699878	-3.992829905085806
0.372006200103335	-2.455096604351003
0.3720562009366823	-1.1351534423025755
0.3721062017700295	-0.4540090286055469
0.3721562026033768	-0.5619517952213351
0.372206203436724	-1.29346519438744
0.3722562042700712	-2.390671396574591
0.3723062051034184	-3.4229097064666982
0.3723562059367656	-3.9601730958767023
0.3724062067701129	-3.734597886750169
0.3724562076034601	-2.854100113379341
0.3725062084368073	-1.5776291311039394
0.3725562092701545	-0.3286113028967445
0.3726062101035017	0.5128549395627284
0.372656210936849	0.6998964178051882
0.3727062117701962	0.3183132149612019
0.3727562126035434	-0.3367910866731728
0.3728062134368906	-0.8144767375053281
0.3728562142702378	-0.7336495659179076
0.372906215103585	0.116756045950122
0.3729562159369323	1.6563044163583382
0.3730062167702795	3.538804514184335
0.3730562176036268	5.126743791990531
0.373106218436974	5.987617766453798
0.3731562192703212	5.727057384799714
0.3732062201036684	4.366652749432704
0.3732562209370156	2.2332614417190952
0.3733062217703629	-0.1153352507898509
0.3733562226037101	-2.1170095512953835
0.3734062234370573	-3.263967354725571
0.3734562242704045	-3.33707485533871
0.3735062251037517	-2.50531599859896
0.373556225937099	-1.1064040110885258
0.3736062267704462	0.3511863312520363
0.3736562276037934	1.4897241778147647
0.3737062284371406	2.080054531541634
0.3737562292704879	2.148158661215167
0.3738062301038351	1.943113788097212
0.3738562309371823	1.7198164259586757
0.3739062317705295	1.7281609416881594
0.3739562326038768	2.035045667396862
0.374006233437224	2.500545377970696
0.3740562342705712	2.807792496871642
0.3741062351039184	2.6891932697806307
0.3741562359372656	1.9894128533922992
0.3742062367706129	0.6489528683734318
0.3742562376039601	-0.9906692477510416
0.3743062384373073	-2.601051453279677
0.3743562392706545	-3.7900419231597895
0.3744062401040017	-4.280568821940782
0.3744562409373489	-4.027649658232061
0.3745062417706962	-3.255075553845607
0.3745562426040434	-2.3087056875503773
0.3746062434373907	-1.591056532059858
0.3746562442707379	-1.3922659509406796
0.3747062451040851	-1.825420294429497
0.3747562459374323	-2.7074559112806957
0.3748062467707795	-3.790814297393427
0.3748562476041268	-4.7200113240139725
0.374906248437474	-5.217380427399255
0.3749562492708212	-5.263514028819847
0.3750062501041684	-4.95502018957913
0.3750562509375156	-4.536026375880391
0.3751062517708629	-4.268381445611918
0.3751562526042101	-4.315715488816291
0.3752062534375573	-4.720783590746491
0.3752562542709045	-5.269526807148085
0.3753062551042517	-5.731034741673378
0.3753562559375989	-5.87382327479655
0.3754062567709462	-5.526374158358865
0.3754562576042934	-4.749633701331179
0.3755062584376407	-3.7742035129060616
0.3755562592709879	-2.834722003092497
0.3756062601043351	-2.2060817503017303
0.3756562609376823	-1.9498841583526567
0.3757062617710295	-1.99511726652929
0.3757562626043768	-2.0843920863595
0.375806263437724	-1.9549152408146475
0.3758562642710712	-1.3881831577445234
0.3759062651044184	-0.4532670128472754
0.3759562659377656	0.6783660244712522
0.3760062667711129	1.6280610572573484
0.3760562676044601	2.052836124656737
0.3761062684378073	1.6586583970754387
0.3761562692711545	0.5441060764309196
0.3762062701045018	-0.974520980990772
0.376256270937849	-2.3350753591478197
0.3763062717711962	-3.0303421269991477
0.3763562726045434	-2.6159357249791717
0.3764062734378907	-1.06403590590371
0.3764562742712379	1.3220100751877213
0.3765062751045851	3.855927687876666
0.3765562759379323	5.82912287227774
0.3766062767712795	6.631950187000799
0.3766562776046268	5.913437486874144
0.376706278437974	3.90958526753291
0.3767562792713212	1.194544405699169
0.3768062801046684	-1.5114402272232557
0.3768562809380156	-3.4595914419302347
0.3769062817713628	-4.206286843960074
0.3769562826047101	-3.715833548179818
0.3770062834380573	-2.401222031653527
0.3770562842714046	-0.9068240474340996
0.3771062851047518	0.111955315143768
0.377156285938099	0.1927603844885587
0.3772062867714462	-0.7650975710719194
0.3772562876047934	-2.3786533037288864
0.3773062884381407	-4.020676039298286
0.3773562892714879	-5.046447063202066
0.3774062901048351	-4.927020759684845
0.3774562909381823	-3.6085328846026994
0.3775062917715295	-1.346295536877122
0.3775562926048768	1.2448593110360398
0.377606293438224	3.431165791510281
0.3776562942715712	4.659823813522645
0.3777062951049184	4.697171509314106
0.3777562959382656	3.650817928349066
0.3778062967716128	2.062196744795295
0.3778562976049601	0.452508956913893
0.3779062984383073	-0.6703526970541699
0.3779562992716546	-1.0112901802079783
0.3780063001050018	-0.6736006626535684
0.378056300938349	0.0218374150953663
0.3781063017716962	0.6265024693286568
0.3781563026050434	0.8984411042256741
0.3782063034383907	0.6629444649501486
0.3782563042717379	0.1048026232757816
0.3783063051050851	-0.3893542229912216
0.3783563059384323	-0.3943954837913165
0.3784063067717795	0.2986819782293429
0.3784563076051268	1.634939901428449
0.378506308438474	3.28985572439364
0.3785563092718212	4.6210879949908845
0.3786063101051684	5.142906335674947
0.3786563109385157	4.4892557274644425
0.3787063117718629	2.6996661416624983
0.3787563126052101	0.221880412657549
0.3788063134385573	-2.140661716757132
0.3788563142719046	-3.688920258882637
0.3789063151052518	-3.891391957518041
0.378956315938599	-2.588717334882453
0.3790063167719462	-0.2080543485190902
0.3790563176052934	2.4355970319961684
0.3791063184386407	4.491818664080447
0.3791563192719879	5.120484317714609
0.3792063201053351	4.034878389225533
0.3792563209386823	1.4132872444887028
0.3793063217720295	-2.0588437424377446
0.3793563226053768	-5.37355102295113
0.379406323438724	-7.613018977453815
0.3794563242720712	-8.081868334570729
0.3795063251054185	-6.729334732335765
0.3795563259387657	-3.93703270305528
0.3796063267721129	-0.5652871272612598
0.3796563276054601	2.460898024721684
0.3797063284388073	4.368468447630589
0.3797563292721546	4.789114990813325
0.3798063301055018	3.8111202774777775
0.379856330938849	2.042798460692051
0.3799063317721962	0.1567671704476088
0.3799563326055434	-1.1404867213117635
0.3800063334388907	-1.374267135944236
0.3800563342722379	-0.5362511674353366
0.3801063351055851	0.9740496682334812
0.3801563359389323	2.6404347259631757
0.3802063367722795	3.760932230361825
0.3802563376056267	3.9368518786510265
0.380306338438974	2.9335094664953623
0.3803563392723212	1.0693545154558988
0.3804063401056685	-1.2396011244499947
0.3804563409390157	-3.4810546120443
0.3805063417723629	-5.06790649889899
0.3805563426057101	-5.706482973282252
0.3806063434390573	-5.369652693782673
0.3806563442724046	-4.166881268220769
0.3807063451057518	-2.4991029618248723
0.380756345939099	-0.7562607982622935
0.3808063467724462	0.669363602660851
0.3808563476057934	1.5749508801250611
0.3809063484391407	1.819202268228364
0.3809563492724879	1.412952962458039
0.3810063501058351	0.4511728010644191
0.3810563509391823	-0.9253166323677992
0.3811063517725296	-2.447715598092166
0.3811563526058768	-3.899442014070056
0.381206353439224	-5.106434879786654
0.3812563542725712	-5.864410549369689
0.3813063551059185	-6.047766252841697
0.3813563559392657	-5.690218694215252
0.3814063567726129	-4.966239915258865
0.3814563576059601	-4.075120797606692
0.3815063584393073	-3.406504409732479
0.3815563592726546	-3.196173820826337
0.3816063601060018	-3.5915437603129288
0.381656360939349	-4.512699489719045
0.3817063617726962	-5.687291814401672
0.3817563626060434	-6.789605253337208
0.3818063634393907	-7.357422397663748
0.3818563642727379	-7.135371177677945
0.3819063651060851	-6.0098470454714725
0.3819563659394324	-4.211888950919393
0.3820063667727796	-2.1028123396880285
0.3820563676061268	-0.1460815641708351
0.382106368439474	1.2396801354552878
0.3821563692728212	1.810903560107901
0.3822063701061685	1.6135341944093315
0.3822563709395157	0.9089001336001072
0.3823063717728629	0.0947355574942784
0.3823563726062101	-0.4703664190196967
0.3824063734395573	-0.5054202694964618
0.3824563742729046	-0.0935638812212266
0.3825063751062518	0.5082000248581047
0.382556375939599	0.974925609821731
0.3826063767729462	0.9464060320416876
0.3826563776062934	0.3060574572187025
0.3827063784396406	-0.8455516897138446
0.3827563792729879	-2.113113445513518
0.3828063801063351	-2.982243893563909
0.3828563809396824	-2.990170443307192
0.3829063817730296	-1.9026203601246992
0.3829563826063768	0.2106400669441289
0.383006383439724	2.940592018777961
0.3830563842730712	5.637543590200528
0.3831063851064185	7.6399945843741
0.3831563859397657	8.475574954331144
0.3832063867731129	7.973655515824445
0.3832563876064601	6.333644484703858
0.3833063884398073	4.011699946686787
0.3833563892731546	1.5958587968167377
0.3834063901065018	-0.3667335648752841
0.383456390939849	-1.6065586166588195
0.3835063917731962	-2.130648860043751
0.3835563926065435	-2.133553341804625
0.3836063934398907	-1.9509798004816397
0.3836563942732379	-1.9067131402037043
0.3837063951065851	-2.026844982594317
0.3837563959399324	-2.28573610851714
0.3838063967732796	-2.398324436853325
0.3838563976066268	-2.042213139636869
0.383906398439974	-1.020334276265311
0.3839563992733212	0.5231536113174481
0.3840064001066685	2.3435042210565347
0.3840564009400157	3.943645401885288
0.3841064017733629	4.832701979578143
0.3841564026067101	4.663851755942379
0.3842064034400573	3.4524723151796697
0.3842564042734046	1.504885733059506
0.3843064051067518	-0.6545052748178615
0.384356405940099	-2.390215969444394
0.3844064067734463	-3.23089249958447
0.3844564076067935	-2.992923831529588
0.3845064084401407	-1.8008257566526071
0.3845564092734879	-0.1445308000666154
0.3846064101068351	1.4824012945538272
0.3846564109401824	2.5365160117337098
0.3847064117735296	2.891182298084943
0.3847564126068768	2.6010893600343894
0.384806413440224	2.0404328407922194
0.3848564142735712	1.6285278740789793
0.3849064151069185	1.7606185491375088
0.3849564159402657	2.5061880296325927
0.3850064167736129	3.667330275613314
0.3850564176069601	4.735152795019054
0.3851064184403073	5.16859473499359
0.3851564192736546	4.4473420696691015
0.3852064201070018	2.545830420731364
0.385256420940349	-0.3128155456976343
0.3853064217736963	-3.466395305644494
0.3853564226070435	-6.2048177273586615
0.3854064234403907	-7.781760948888834
0.3854564242737379	-7.840281304346063
0.3855064251070851	-6.45121355994711
0.3855564259404324	-4.100287656306408
0.3856064267737796	-1.5758827411233791
0.3856564276071268	0.3388457142212949
0.385706428440474	1.0029088507463704
0.3857564292738212	0.2483088277416049
0.3858064301071685	-1.7147124595679704
0.3858564309405157	-4.222373352596743
0.3859064317738629	-6.589485105132476
0.3859564326072101	-8.141466698697968
0.3860064334405574	-8.494775504927834
0.3860564342739046	-7.693056684322231
0.3861064351072518	-6.0518166636672905
0.386156435940599	-4.136180301583532
0.3862064367739463	-2.444819935970702
0.3862564376072935	-1.3829320266248324
0.3863064384406407	-1.106851098450235
0.3863564392739879	-1.3710802465941978
0.3864064401073351	-1.924899999187743
0.3864564409406824	-2.3556730225512266
0.3865064417740296	-2.4700328189692065
0.3865564426073768	-2.085959733801809
0.386606443440724	-1.3096630296555944
0.3866564442740712	-0.3542446153596997
0.3867064451074185	0.6578780924467025
0.3867564459407657	1.5551710481685372
0.3868064467741129	2.3676141128217507
0.3868564476074602	3.11280543040081
0.3869064484408074	3.8853920592547806
0.3869564492741546	4.726914399956269
0.3870064501075018	5.564990747664881
0.387056450940849	6.197398724023456
0.3871064517741963	6.499486397416416
0.3871564526075435	6.247296328548599
0.3872064534408907	5.4556417466478
0.3872564542742379	4.279185163894193
0.3873064551075851	2.941292655684441
0.3873564559409324	1.7537973892790777
0.3874064567742796	1.032990186915801
0.3874564576076268	0.760615375900056
0.387506458440974	0.8427232106993325
0.3875564592743212	0.9994318254536164
0.3876064601076685	0.8223179204278745
0.3876564609410157	0.0768690300382906
0.3877064617743629	-1.2629568477116897
0.3877564626077102	-3.026125767788192
0.3878064634410574	-4.77380278094796
0.3878564642744046	-5.999384978652894
0.3879064651077518	-6.289592189330221
0.387956465941099	-5.470643158127759
0.3880064667744463	-3.6315428988755247
0.3880564676077935	-1.2666531572949975
0.3881064684411407	1.0203360795239076
0.3881564692744879	2.5488048351487715
0.3882064701078351	2.9586236039588085
0.3882564709411824	2.1613960538891304
0.3883064717745296	0.3824152841699378
0.3883564726078768	-1.802301929586188
0.388406473441224	-3.767551708802716
0.3884564742745713	-4.944820700099131
0.3885064751079185	-5.083348548586793
0.3885564759412657	-4.2111547155171305
0.3886064767746129	-2.7283065826231425
0.3886564776079602	-1.0445643992186686
0.3887064784413074	0.3246202785633693
0.3887564792746546	1.0840203702615876
0.3888064801080018	1.1447780336857964
0.388856480941349	0.7321833740442872
0.3889064817746963	0.1622882747829528
0.3889564826080435	-0.1938155815209581
0.3890064834413907	-0.1292021984098943
0.3890564842747379	0.4206676605457038
0.3891064851080851	1.2889685336570365
0.3891564859414324	2.1958756316780725
0.3892064867747796	2.897466377338338
0.3892564876081268	3.0940661943264423
0.3893064884414741	2.818444330631793
0.3893564892748213	2.104811055751315
0.3894064901081685	1.1343763378776708
0.3894564909415157	0.1626669991698667
0.3895064917748629	-0.7348325097740906
0.3895564926082102	-1.5231169875446058
0.3896064934415574	-2.2887708948037138
0.3896564942749046	-3.191358091654648
0.3897064951082518	-4.300926301920353
0.389756495941599	-5.611576962797134
0.3898064967749463	-7.013273907058652
0.3898564976082935	-8.218793054297638
0.3899064984416407	-8.964892357088976
0.3899564992749879	-9.00968229453357
0.3900065001083351	-8.285607720806986
0.3900565009416824	-6.893754817744294
0.3901065017750296	-5.051409548977584
0.3901565026083768	-3.0594298510648628
0.3902065034417241	-1.2841737085179836
0.3902565042750713	0.0648335675153854
0.3903065051084185	0.8584871288801678
0.3903565059417657	1.163054348288433
0.3904065067751129	1.0545620152694029
0.3904565076084602	0.7620241648579227
0.3905065084418074	0.4257232335880189
0.3905565092751546	0.1269870944042604
0.3906065101085018	-0.1346322990656263
0.390656510941849	-0.3198804750536123
0.3907065117751963	-0.5343423500540975
0.3907565126085435	-0.7192463448071792
0.3908065134418907	-0.8484026896219534
0.3908565142752379	-0.9288499173781072
0.3909065151085852	-0.8684451564719871
0.3909565159419324	-0.6859326844057648
0.3910065167752796	-0.357480285205917
0.3910565176086268	0.0362308045550116
0.3911065184419741	0.4441670207466074
0.3911565192753213	0.8312873109811255
0.3912065201086685	1.2605609258717487
0.3912565209420157	1.7237822206354732
0.3913065217753629	2.2417832469277483
0.3913565226087102	2.8150895744640616
0.3914065234420574	3.3116352543295955
0.3914565242754046	3.538635900668352
0.3915065251087518	3.2625885738087703
0.391556525942099	2.2448722329842923
0.3916065267754463	0.4327219187683437
0.3916565276087935	-2.0847399893696297
0.3917065284421407	-4.929974075154997
0.391756529275488	-7.668950178773207
0.3918065301088352	-9.824094702869274
0.3918565309421824	-10.938579787684764
0.3919065317755296	-10.868747542924336
0.3919565326088768	-9.802474703127055
0.3920065334422241	-8.024308873412677
0.3920565342755713	-6.222651433902283
0.3921065351089185	-4.7942219806162125
0.3921565359422657	-4.147695322024622
0.3922065367756129	-4.330753667281517
0.3922565376089602	-5.091786096854436
0.3923065384423074	-5.970688794586853
0.3923565392756546	-6.434818002290881
0.3924065401090018	-6.15538690575085
0.392456540942349	-5.060884935366285
0.3925065417756963	-3.339773691323167
0.3925565426090435	-1.5140496737690383
0.3926065434423907	-0.1180455451432124
0.392656544275738	0.3576439675623294
0.3927065451090852	-0.2281113610225483
0.3927565459424324	-1.7432910916179265
0.3928065467757796	-3.690703787305844
0.3928565476091268	-5.452272524448585
0.3929065484424741	-6.455158948195845
0.3929565492758213	-6.357741298069012
0.3930065501091685	-5.127219801350444
0.3930565509425157	-3.088285810219072
0.3931065517758629	-0.8098179951518363
0.3931565526092102	1.1898156299361429
0.3932065534425574	2.450458536113451
0.3932565542759046	2.7886491505767363
0.3933065551092519	2.4215188032688744
0.3933565559425991	1.650233526623805
0.3934065567759463	0.919610916599938
0.3934565576092935	0.539495897686699
0.3935065584426407	0.5697598457455337
0.393556559275988	0.8950450560639941
0.3936065601093352	1.1739264231646749
0.3936565609426824	1.0754627361908384
0.3937065617760296	0.4072124137798965
0.3937565626093768	-0.7584325296699516
0.3938065634427241	-2.148657361155362
0.3938565642760713	-3.332840357332041
0.3939065651094185	-3.8107822989174
0.3939565659427657	-3.317070371744927
0.3940065667761129	-1.902358395129192
0.3940565676094602	0.1210020864349188
0.3941065684428074	2.234668697056149
0.3941565692761546	3.7743686826914256
0.3942065701095019	4.326170036043971
0.3942565709428491	3.72404478343197
0.3943065717761963	2.1236449055622817
0.3943565726095435	0.0914858235823139
0.3944065734428907	-1.815385961763657
0.394456574276238	-3.002541768084714
0.3945065751095852	-3.2066136746515506
0.3945565759429324	-2.4698551869310563
0.3946065767762796	-1.116627631747893
0.3946565776096268	0.29197459068096
0.3947065784429741	1.244805140499046
0.3947565792763213	1.461080423062449
0.3948065801096685	0.9035846936079912
0.3948565809430157	-0.1765134826746829
0.3949065817763629	-1.2882404319432443
0.3949565826097102	-1.9957456827818385
0.3950065834430574	-1.9544000415401717
0.3950565842764046	-1.1546777602915004
0.3951065851097519	0.1119128368254081
0.3951565859430991	1.4124233427445554
0.3952065867764463	2.199747634515427
0.3952565876097935	2.138577544186499
0.3953065884431407	1.1228670387485933
0.395356589276488	-0.5821968816682824
0.3954065901098352	-2.582779311927621
0.3954565909431824	-4.1945239451807
0.3955065917765296	-5.014363076189984
0.3955565926098768	-4.730127318052514
0.3956065934432241	-3.488894165737636
0.3956565942765713	-1.5948327770799873
0.3957065951099185	0.3972189038979746
0.3957565959432658	1.9132355688002427
0.395806596776613	2.665021818409487
0.3958565976099602	2.4470050704399045
0.3959065984433074	1.4491768971854355
0.3959565992766546	0.0623180916058431
0.3960066001100019	-1.2481814348467597
0.3960566009433491	-2.0779372134206326
0.3961066017766963	-2.187824832547552
0.3961566026100435	-1.599441546281977
0.3962066034433907	-0.495739715238233
0.396256604276738	0.7864157709412568
0.3963066051100852	1.888718080330419
0.3963566059434324	2.650605610430045
0.3964066067767796	2.9050045469633936
0.3964566076101268	2.7756991740600454
0.3965066084434741	2.4173480596776478
0.3965566092768213	2.1334791049444903
0.3966066101101685	2.012797899983137
0.3966566109435158	2.2044164665705703
0.396706611776863	2.575874083967448
0.3967566126102102	3.034848062176004
0.3968066134435574	3.3059371557298585
0.3968566142769046	3.200389258336206
0.3969066151102519	2.672788801300496
0.3969566159435991	1.6906883624047122
0.3970066167769463	0.4216362886265881
0.3970566176102935	-0.8414267164105427
0.3971066184436407	-1.8158401544950409
0.397156619276988	-2.1573158003929684
0.3972066201103352	-1.7363486048391363
0.3972566209436824	-0.4884459407890006
0.3973066217770296	1.4720644112966603
0.3973566226103768	3.801756300044328
0.3974066234437241	6.110656511484878
0.3974566242770713	7.916488373597632
0.3975066251104185	8.867467236841708
0.3975566259437658	8.73271547995411
0.397606626777113	7.521273595209593
0.3976566276104602	5.512280278242666
0.3977066284438074	3.0854712227367544
0.3977566292771546	0.8366855697225375
0.3978066301105019	-0.7832412313647849
0.3978566309438491	-1.4260483899291727
0.3979066317771963	-1.0489936642783722
0.3979566326105435	0.204994054916098
0.3980066334438907	1.9314922413295408
0.398056634277238	3.5971346337073493
0.3981066351105852	4.755999917180146
0.3981566359439324	5.059992599660448
0.3982066367772797	4.499772852820803
0.3982566376106269	3.2410998942758646
0.3983066384439741	1.7625139945123744
0.3983566392773213	0.506121425677389
0.3984066401106685	-0.1739326007347693
0.3984566409440158	-0.0272295216955592
0.398506641777363	0.8073625620258862
0.3985566426107102	2.053313555101719
0.3986066434440574	3.1913961593392783
0.3986566442774046	3.837266634494993
0.3987066451107519	3.659494075204033
0.3987566459440991	2.5376112090634937
0.3988066467774463	0.7071869788244317
0.3988566476107935	-1.4449335032249917
0.3989066484441407	-3.498272395354431
0.398956649277488	-5.009922320580197
0.3990066501108352	-5.7556115294512615
0.3990566509441824	-5.64283728500835
0.3991066517775297	-4.89455602959945
0.3991566526108769	-3.850357256414241
0.3992066534442241	-2.761694722533216
0.3992566542775713	-1.956597038761081
0.3993066551109185	-1.4942805757064517
0.3993566559442658	-1.3604852426615277
0.399406656777613	-1.3738568995059728
0.3994566576109602	-1.3323117262401
0.3995066584443074	-1.024896934558836
0.3995566592776546	-0.3978109447290414
0.3996066601110019	0.6148896406765807
0.3996566609443491	1.887868819228125
0.3997066617776963	3.2359419585617437
0.3997566626110435	4.552200398649617
0.3998066634443907	5.584838980213984
0.399856664277738	6.251805925614122
0.3999066651110852	6.497865613148821
0.3999566659444324	6.2461859816243965
0.4000066667777797	5.519946422898743
0.4000566676111269	4.323259977094334
0.4001066684444741	2.803326211830636
0.4001566692778213	1.1604592786168757
0.4002066701111685	-0.3323752940238893
0.4002566709445158	-1.3976466839105584
0.400306671777863	-1.7184453019020047
0.4003566726112102	-1.0690180828866829
0.4004066734445574	0.475718613512944
0.4004566742779046	2.7746823402331517
0.4005066751112519	5.338715582203645
0.4005566759445991	7.675148231546038
0.4006066767779463	9.212136298809993
0.4006566776112936	9.589097205389702
0.4007066784446408	8.626595204309812
0.400756679277988	6.493740396536171
0.4008066801113352	3.549967196742349
0.4008566809446824	0.4708812779355067
0.4009066817780297	-2.163213646848236
0.4009566826113769	-3.974380042734703
0.4010066834447241	-4.668323348540114
0.4010566842780713	-4.372159020201684
0.4011066851114185	-3.437782459070593
0.4011566859447658	-2.229486619287554
0.401206686778113	-1.2694157410139724
0.4012566876114602	-0.785647168008644
0.4013066884448074	-0.841272323478529
0.4013566892781546	-1.2897775692654292
0.4014066901115019	-1.8072013428772515
0.4014566909448491	-2.1017137509595125
0.4015066917781963	-1.933014924137616
0.4015566926115436	-1.22123555309263
0.4016066934448908	-0.0895528798493101
0.401656694278238	1.128309365599145
0.4017066951115852	2.1916316267630287
0.4017566959449324	2.7406050619178424
0.4018066967782797	2.709084083000292
0.4018566976116269	2.1731591850455945
0.4019066984449741	1.308464710840732
0.4019566992783213	0.3861339320436679
0.4020067001116685	-0.2660483627203126
0.4020567009450158	-0.4286474499430849
0.402106701778363	-0.0869355352701763
0.4021567026117102	0.7199035778130544
0.4022067034450574	1.7255788683178253
0.4022567042784046	2.7866060661473937
0.4023067051117519	3.606965512311782
0.4023567059450991	4.054865410762431
0.4024067067784463	4.06562906667663
0.4024567076117936	3.645934635262298
0.4025067084451408	2.8566294872891604
0.402556709278488	1.7880962714192428
0.4026067101118352	0.5831225090596937
0.4026567109451824	-0.6178715582977332
0.4027067117785297	-1.701325759116789
0.4027567126118769	-2.5560195411807065
0.4028067134452241	-3.072995804417168
0.4028567142785713	-3.1127105725086084
0.4029067151119185	-2.703119017894161
0.4029567159452658	-1.8566066471667364
0.403006716778613	-0.7731882355695604
0.4030567176119602	0.248317402685861
0.4031067184453075	1.0259915675672848
0.4031567192786547	1.2881371927072742
0.4032067201120019	0.9061654591442488
0.4032567209453491	-0.0973691667956651
0.4033067217786963	-1.5465973237940245
0.4033567226120436	-3.106807305634944
0.4034067234453908	-4.466833197475124
0.403456724278738	-5.364913729982666
0.4035067251120852	-5.588420590930388
0.4035567259454324	-5.217388971584703
0.4036067267787797	-4.43472823795688
0.4036567276121269	-3.4920148487599483
0.4037067284454741	-2.716979076434928
0.4037567292788213	-2.316017652727898
0.4038067301121685	-2.2904564493125625
0.4038567309455158	-2.5923852464109074
0.403906731778863	-2.947333990881845
0.4039567326122102	-3.145279561214605
0.4040067334455575	-2.9589987970955702
0.4040567342789047	-2.3458118274805924
0.4041067351122519	-1.3741921907212291
0.4041567359455991	-0.3026588109910536
0.4042067367789463	0.5604522717012645
0.4042567376122936	0.952292094729098
0.4043067384456408	0.7163940774580666
0.404356739278988	-0.0813415056530341
0.4044067401123352	-1.2286038768702578
0.4044567409456824	-2.4349033367457285
0.4045067417790297	-3.376459755072806
0.4045567426123769	-3.786853712748639
0.4046067434457241	-3.5902276558806694
0.4046567442790713	-2.9331049895399084
0.4047067451124185	-2.054555934496213
0.4047567459457658	-1.296766276943834
0.404806746779113	-0.9398631564255632
0.4048567476124602	-1.1095512094211215
0.4049067484458075	-1.8149693487045264
0.4049567492791547	-2.843755307749667
0.4050067501125019	-3.83060285864888
0.4050567509458491	-4.49056995065563
0.4051067517791963	-4.542872573705688
0.4051567526125436	-3.971814679617179
0.4052067534458908	-2.843124810931479
0.405256754279238	-1.505673077964092
0.4053067551125852	-0.2865039245759893
0.4053567559459324	0.4237213783617637
0.4054067567792797	0.4275455176579242
0.4054567576126269	-0.1925576006950669
0.4055067584459741	-1.315452774298382
0.4055567592793214	-2.538723456488426
0.4056067601126686	-3.473862012657217
0.4056567609460158	-3.7736885494537
0.405706761779363	-3.2651994136266733
0.4057567626127102	-2.0541779720731346
0.4058067634460575	-0.3705922400245367
0.4058567642794047	1.3284776979920845
0.4059067651127519	2.688010675135416
0.4059567659460991	3.349620538817679
0.4060067667794463	3.2321265208509504
0.4060567676127936	2.429389628170588
0.4061067684461408	1.3121765899393063
0.406156769279488	0.2390071603751832
0.4062067701128352	-0.3555510544785466
0.4062567709461824	-0.211735108344189
0.4063067717795297	0.694291544352526
0.4063567726128769	2.1663037174689377
0.4064067734462241	3.867687960854398
0.4064567742795714	5.3077939738349285
0.4065067751129186	6.248540253347104
0.4065567759462658	6.385321746287323
0.406606776779613	5.783408639486001
0.4066567776129602	4.749768285309659
0.4067067784463075	3.566657084819234
0.4067567792796547	2.65284203177024
0.4068067801130019	2.2739039114977446
0.4068567809463491	2.491038484697889
0.4069067817796963	3.1517947743521515
0.4069567826130436	3.9549247771131255
0.4070067834463908	4.519679312081478
0.407056784279738	4.4919798028849565
0.4071067851130852	3.713763885798027
0.4071567859464324	2.2613093410652345
0.4072067867797797	0.367487483251457
0.4072567876131269	-1.5644412423424097
0.4073067884464741	-3.145686410658148
0.4073567892798214	-4.057588399605319
0.4074067901131686	-4.247793479640435
0.4074567909465158	-3.7612700652822446
0.407506791779863	-2.863500392950595
0.4075567926132102	-1.936015015420474
0.4076067934465575	-1.240101352525654
0.4076567942799047	-0.9911229490457056
0.4077067951132519	-1.1862147874299596
0.4077567959465991	-1.7356571919023254
0.4078067967799463	-2.383969429689756
0.4078567976132936	-2.90513918762879
0.4079067984466408	-3.186315219509635
0.407956799279988	-3.23412583919281
0.4080068001133353	-3.0490188093159207
0.4080568009466825	-2.891415719047988
0.4081068017800297	-2.851059220714519
0.4081568026133769	-3.033802484440588
0.4082068034467241	-3.379387555594893
0.4082568042800714	-3.705260236043918
0.4083068051134186	-3.8161235255751977
0.4083568059467658	-3.4964089662518827
0.408406806780113	-2.630537162602159
0.4084568076134602	-1.294513017082965
0.4085068084468075	0.2911160380055153
0.4085568092801547	1.8356062401477296
0.4086068101135019	3.013338714554311
0.4086568109468491	3.632672590328415
0.4087068117801963	3.615373916663815
0.4087568126135436	3.12547924144549
0.4088068134468908	2.475744928938781
0.408856814280238	1.9395117574508005
0.4089068151135853	1.8764068925477555
0.4089568159469325	2.367583132085552
0.4090068167802797	3.360156874416542
0.4090568176136269	4.5758555834416095
0.4091068184469741	5.638935462618035
0.4091568192803214	6.1596118897218615
0.4092068201136686	5.893366077351788
0.4092568209470158	4.774131107038393
0.409306821780363	2.9924945340679483
0.4093568226137102	0.845877071776388
0.4094068234470575	-1.133470044277476
0.4094568242804047	-2.5841071640483624
0.4095068251137519	-3.251817953879535
0.4095568259470991	-3.098184050176561
0.4096068267804463	-2.2523191114920773
0.4096568276137936	-1.1073237938829317
0.4097068284471408	-0.0530497505551235
0.409756829280488	0.5919185667492125
0.4098068301138353	0.5620660919732418
0.4098568309471825	-0.0533323573895544
0.4099068317805297	-1.085797953244801
0.4099568326138769	-2.260839020736864
0.4100068334472241	-3.2106747853447555
0.4100568342805714	-3.705587004938495
0.4101068351139186	-3.648377322461056
0.4101568359472658	-3.118146311642111
0.410206836780613	-2.28174123090678
0.4102568376139602	-1.42652023103213
0.4103068384473075	-0.7699047743973639
0.4103568392806547	-0.4382694568356839
0.4104068401140019	-0.4751901059382002
0.4104568409473492	-0.7327488966163116
0.4105068417806964	-0.9831700074748372
0.4105568426140436	-1.0260927881143007
0.4106068434473908	-0.6875586890756136
0.410656844280738	0.0578576885829067
0.4107068451140853	1.1026371581496586
0.4107568459474325	2.259733138516265
0.4108068467807797	3.2406641335807373
0.4108568476141269	3.853824078728903
0.4109068484474741	3.971712470696207
0.4109568492808214	3.5926177318358983
0.4110068501141686	2.8616977565886605
0.4110568509475158	1.987013675131427
0.411106851780863	1.2398817571599332
0.4111568526142102	0.7727545487591958
0.4112068534475575	0.6832079663587591
0.4112568542809047	0.9584212254573656
0.4113068551142519	1.4657096086568002
0.4113568559475992	2.00714845700036
0.4114068567809464	2.484773922470221
0.4114568576142936	2.780347433934357
0.4115068584476408	2.884047822325312
0.411556859280988	2.8429462203635696
0.4116068601143353	2.717576053660172
0.4116568609476825	2.6167916965737392
0.4117068617810297	2.470691700188599
0.4117568626143769	2.195156642490271
0.4118068634477241	1.6799304000895674
0.4118568642810714	0.8068076676048545
0.4119068651144186	-0.503568962227018
0.4119568659477658	-2.0549308610772026
0.412006866781113	-3.602892993360743
0.4120568676144603	-4.758159881627691
0.4121068684478075	-5.110439689850999
0.4121568692811547	-4.348307082236796
0.4122068701145019	-2.3999745366003324
0.4122568709478492	0.5226812631060407
0.4123068717811964	4.016996350137666
0.4123568726145436	7.428720440015775
0.4124068734478908	10.172297506671446
0.412456874281238	11.669868414029366
0.4125068751145853	11.749823939265283
0.4125568759479325	10.47061251003744
0.4126068767812797	8.286664822864006
0.4126568776146269	5.768917119862718
0.4127068784479741	3.629643579968227
0.4127568792813214	2.242516180104369
0.4128068801146686	1.8923419727360729
0.4128568809480158	2.483574653667846
0.4129068817813631	3.617004409769073
0.4129568826147103	4.789955862496694
0.4130068834480575	5.544524445172788
0.4130568842814047	5.585242646629589
0.4131068851147519	4.900156741079838
0.4131568859480992	3.689256056533552
0.4132068867814464	2.3417681746552352
0.4132568876147936	1.2662873035456923
0.4133068884481408	0.8280998451857713
0.413356889281488	1.0008536597955984
0.4134068901148353	1.702082569834063
0.4134568909481825	2.457647383514743
0.4135068917815297	2.906402882623009
0.4135568926148769	2.620684911065586
0.4136068934482241	1.4469686617341484
0.4136568942815714	-0.6011185129721706
0.4137068951149186	-3.140063991314168
0.4137568959482658	-5.788475642893535
0.4138068967816131	-8.067480240161176
0.4138568976149603	-9.552558883797818
0.4139068984483075	-10.08886034247758
0.4139568992816547	-9.726226399267311
0.4140069001150019	-8.71117343513463
0.4140569009483492	-7.3771142791912
0.4141069017816964	-6.090557649633554
0.4141569026150436	-5.152635807137339
0.4142069034483908	-4.663977087789964
0.414256904281738	-4.664848007046442
0.4143069051150853	-5.025761444219215
0.4143569059484325	-5.514194277304596
0.4144069067817797	-5.930591439436235
0.4144569076151269	-6.106109173026521
0.4145069084484742	-5.848455475796067
0.4145569092818214	-5.155607415356578
0.4146069101151686	-3.982898572094744
0.4146569109485158	-2.428094651949765
0.4147069117818631	-0.638643064470175
0.4147569126152103	1.2392433498253532
0.4148069134485575	2.9432793071018466
0.4148569142819047	4.235379404344903
0.4149069151152519	4.8578486075549945
0.4149569159485992	4.789616010519094
0.4150069167819464	4.015150239782859
0.4150569176152936	2.6701590388328613
0.4151069184486408	1.1167878268384466
0.415156919281988	-0.302894628760514
0.4152069201153353	-1.220789077180315
0.4152569209486825	-1.4573259827048823
0.4153069217820297	-0.8725466662128832
0.415356922615377	0.3237646694734533
0.4154069234487242	1.875240493249992
0.4154569242820714	3.3426700626913526
0.4155069251154186	4.438786413004372
0.4155569259487658	4.997810864582974
0.4156069267821131	4.929141785954092
0.4156569276154603	4.475335407981463
0.4157069284488075	3.877837902281296
0.4157569292821547	3.4302414119366857
0.4158069301155019	3.3368724425685747
0.4158569309488492	3.6241686786977936
0.4159069317821964	4.139588583020234
0.4159569326155436	4.597027369320005
0.4160069334488908	4.745851006513882
0.416056934282238	4.394059012660342
0.4161069351155853	3.5384543759695517
0.4161569359489325	2.335836050293272
0.4162069367822797	1.1170826285695956
0.416256937615627	0.265376996558591
0.4163069384489742	0.0342643867845761
0.4163569392823214	0.6107108692445351
0.4164069401156686	1.8328816433260915
0.4164569409490158	3.4038996513870705
0.4165069417823631	4.930310119285898
0.4165569426157103	6.043768293705315
0.4166069434490575	6.441108297357921
0.4166569442824047	6.152837476075649
0.4167069451157519	5.262856390787447
0.4167569459490992	4.171585626904929
0.4168069467824464	3.1625047835070186
0.4168569476157936	2.5383361768509345
0.4169069484491408	2.454779985204788
0.4169569492824881	2.8391577783152138
0.4170069501158353	3.500829246034514
0.4170569509491825	4.11794998253906
0.4171069517825297	4.457479086193112
0.417156952615877	4.316439500139626
0.4172069534492242	3.7243692247595375
0.4172569542825714	2.743057578479461
0.4173069551159186	1.6207070652041276
0.4173569559492658	0.5294893201399227
0.4174069567826131	-0.2841950592354388
0.4174569576159603	-0.8089227368424119
0.4175069584493075	-0.990917377510571
0.4175569592826547	-0.9682036449887268
0.4176069601160019	-0.809221091091517
0.4176569609493492	-0.621210755022515
0.4177069617826964	-0.4000092714201175
0.4177569626160436	-0.1871211295893053
0.4178069634493909	0.1146863290153722
0.4178569642827381	0.4099620897235382
0.4179069651160853	0.8099183621436847
0.4179569659494325	1.2521528061965512
0.4180069667827797	1.6934381649920165
0.418056967616127	2.033409043316324
0.4181069684494742	2.2315721008195863
0.4181569692828214	2.293925282166644
0.4182069701161686	2.21764530395339
0.4182569709495158	2.0293980227383086
0.4183069717828631	1.8129127076376677
0.4183569726162103	1.5594502793414151
0.4184069734495575	1.2971430009550904
0.4184569742829047	1.063978460077437
0.4185069751162519	0.8245705654192064
0.4185569759495992	0.6590885997537217
0.4186069767829464	0.6873051401510802
0.4186569776162936	0.938901320730646
0.4187069784496409	1.5367659384037415
0.4187569792829881	2.440239375156849
0.4188069801163353	3.5849887586465714
0.4188569809496825	4.79365607982379
0.4189069817830297	5.831227220988639
0.418956982616377	6.423483528788696
0.4190069834497242	6.386992543795106
0.4190569842830714	5.643507859397311
0.4191069851164186	4.237615702601491
0.4191569859497658	2.446616152220459
0.4192069867831131	0.5551155312674134
0.4192569876164603	-1.0570411623898266
0.4193069884498075	-2.104065117237322
0.4193569892831547	-2.3924393915568527
0.419406990116502	-1.924737512815565
0.4194569909498492	-0.8536604648779348
0.4195069917831964	0.5779651510281725
0.4195569926165436	2.110205156674257
0.4196069934498909	3.43958382068402
0.4196569942832381	4.395908528176694
0.4197069951165853	4.829539212085785
0.4197569959499325	4.7580536466356
0.4198069967832797	4.2255885572526894
0.419856997616627	3.309941274727332
0.4199069984499742	2.201912807493106
0.4199569992833214	1.041824305818632
0.4200070001166686	-0.0007430202011718
0.4200570009500158	-0.7819351011323439
0.4201070017833631	-1.2211370427180332
0.4201570026167103	-1.2417361745932995
0.4202070034500575	-0.955031008714424
0.4202570042834048	-0.4670152045332166
0.420307005116752	-0.0265558926906893
0.4203570059500992	0.2339670667454486
0.4204070067834464	0.1169642113292892
0.4204570076167936	-0.3457731578174924
0.4205070084501409	-1.024900027056975
0.4205570092834881	-1.5950461941606051
0.4206070101168353	-1.7701929386058723
0.4206570109501825	-1.3130908365915106
0.4207070117835297	-0.1342539532240139
0.420757012616877	1.597685122441325
0.4208070134502242	3.44448330635489
0.4208570142835714	4.866877351368116
0.4209070151169186	5.3633622000944365
0.4209570159502658	4.5421627041564925
0.4210070167836131	2.405963991897264
0.4210570176169603	-0.6794706983526942
0.4211070184503075	-4.001571197568997
0.4211570192836548	-6.774349424128936
0.421207020117002	-8.205389019859956
0.4212570209503492	-7.974033391763728
0.4213070217836964	-5.989958461117064
0.4213570226170436	-2.7875919524842345
0.4214070234503909	0.7747238415275602
0.4214570242837381	3.878845124506753
0.4215070251170853	5.754055552420591
0.4215570259504325	6.12015160580947
0.4216070267837797	5.17117760217346
0.421657027617127	3.4733275484445434
0.4217070284504742	1.8535816660820836
0.4217570292838214	1.0712689423944517
0.4218070301171686	1.5952350870363383
0.4218570309505159	3.344066592933019
0.4219070317838631	5.91597925343028
0.4219570326172103	8.484522800101534
0.4220070334505575	10.237257043336754
0.4220570342839048	10.56318101129697
0.422107035117252	9.265737482325092
0.4221570359505992	6.653420551987358
0.4222070367839464	3.4419324924647463
0.4222570376172936	0.5020812832840134
0.4223070384506409	-1.422595919328633
0.4223570392839881	-1.8398561454303168
0.4224070401173353	-0.7777599855150095
0.4224570409506825	1.3028895734025174
0.4225070417840297	3.740102387422315
0.422557042617377	5.734093434660797
0.4226070434507242	6.781259777756455
0.4226570442840714	6.689834003780611
0.4227070451174187	5.645837912171068
0.4227570459507659	4.10435965980605
0.4228070467841131	2.5292802079852814
0.4228570476174603	1.4011006267942634
0.4229070484508075	0.8857365011770438
0.4229570492841548	0.8475375300134642
0.423007050117502	0.9549077872039008
0.4230570509508492	0.9139247182150072
0.4231070517841964	0.3675660058692493
0.4231570526175436	-0.6732852530745232
0.4232070534508909	-2.087286074960605
0.4232570542842381	-3.499712844878532
0.4233070551175853	-4.501526365336467
0.4233570559509325	-4.871794792327823
0.4234070567842797	-4.539631997335958
0.423457057617627	-3.674208316787549
0.4235070584509742	-2.675337265663961
0.4235570592843214	-1.9397160697717597
0.4236070601176687	-1.6819797779644845
0.4236570609510159	-2.013512591533112
0.4237070617843631	-2.7230154287775674
0.4237570626177103	-3.450095824420198
0.4238070634510575	-3.793557572876773
0.4238570642844048	-3.44914621488962
0.423907065117752	-2.3375412433717533
0.4239570659510992	-0.6739693791655137
0.4240070667844464	1.1435429881226704
0.4240570676177936	2.6421801689487885
0.4241070684511409	3.4354337376454733
0.4241570692844881	3.253501135153109
0.4242070701178353	2.2122829254386205
0.4242570709511825	0.5500855529572893
0.4243070717845298	-1.300799218485309
0.424357072617877	-2.908925371872113
0.4244070734512242	-4.053427338396416
0.4244570742845714	-4.575937613739028
0.4245070751179187	-4.641660199354267
0.4245570759512659	-4.437672110829814
0.4246070767846131	-4.202953117999115
0.4246570776179603	-4.152377501033235
0.4247070784513075	-4.300185768811562
0.4247570792846548	-4.52843264805745
0.424807080118002	-4.686950368545192
0.4248570809513492	-4.566964575371046
0.4249070817846964	-4.0928504899512
0.4249570826180436	-3.26824011222219
0.4250070834513909	-2.2177976893814275
0.4250570842847381	-1.1813773213032055
0.4251070851180853	-0.3979418812389358
0.4251570859514326	0.0157047712672435
0.4252070867847798	-0.0605190738411785
0.425257087618127	-0.5374901300266333
0.4253070884514742	-1.333386236318152
0.4253570892848214	-2.3036878570714103
0.4254070901181687	-3.2517810594167784
0.4254570909515159	-4.107160107890879
0.4255070917848631	-4.732155055744693
0.4255570926182103	-5.133570544587058
0.4256070934515575	-5.23286617527237
0.4256570942849048	-4.923276340204488
0.425707095118252	-4.19253040821906
0.4257570959515992	-2.9951295805596576
0.4258070967849464	-1.4386015237049286
0.4258570976182936	0.345519117215269
0.4259070984516409	2.1097231706908297
0.4259570992849881	3.5806775853637967
0.4260071001183353	4.519372532960436
0.4260571009516826	4.854871607632357
0.4261071017850298	4.59553924823034
0.426157102618377	3.8885590267134473
0.4262071034517242	3.032860430663054
0.4262571042850714	2.2594237875106
0.4263071051184187	1.753114571982901
0.4263571059517659	1.5776159596339574
0.4264071067851131	1.6316727763034826
0.4264571076184603	1.7577783803237972
0.4265071084518075	1.7365878767697729
0.4265571092851548	1.490355781581223
0.426607110118502	0.9949515397169104
0.4266571109518492	0.371226681692736
0.4267071117851964	-0.2206915869568212
0.4267571126185437	-0.5454570800962928
0.4268071134518909	-0.566464503182883
0.4268571142852381	-0.2452078439771686
0.4269071151185853	0.1852328257201914
0.4269571159519326	0.5571885191983237
0.4270071167852798	0.6884113171651624
0.427057117618627	0.4940433954174282
0.4271071184519742	0.00688511720102
0.4271571192853214	-0.4973516642293677
0.4272071201186687	-0.7269671505184975
0.4272571209520159	-0.5617994614520048
0.4273071217853631	0.1372267749850818
0.4273571226187103	1.1859881668780514
0.4274071234520575	2.222871523865302
0.4274571242854048	2.9071699313030304
0.427507125118752	2.830276041501661
0.4275571259520992	1.9177956630697397
0.4276071267854465	0.2689537557785969
0.4276571276187937	-1.6471627706896876
0.4277071284521409	-3.3100396939130485
0.4277571292854881	-4.272511543756375
0.4278071301188353	-4.096485226172799
0.4278571309521826	-2.8082002337217897
0.4279071317855298	-0.7177100627892358
0.427957132618877	1.635601570154095
0.4280071334522242	3.704712548470858
0.4280571342855714	4.94226402571529
0.4281071351189187	5.173630102973704
0.4281571359522659	4.558669348306474
0.4282071367856131	3.408117611759749
0.4282571376189603	2.278871567583184
0.4283071384523075	1.5156784543737112
0.4283571392856548	1.3164911440008231
0.428407140119002	1.6383195840779048
0.4284571409523492	2.127847484819801
0.4285071417856965	2.4190253433995603
0.4285571426190437	2.145110308229758
0.4286071434523909	1.2069899251097724
0.4286571442857381	-0.1967105979423997
0.4287071451190853	-1.6520900602587814
0.4287571459524326	-2.690994079758982
0.4288071467857798	-2.855103127555558
0.428857147619127	-1.948358642896076
0.4289071484524742	-0.1351261113988373
0.4289571492858214	2.146561320388937
0.4290071501191687	4.303464224256684
0.4290571509525159	5.750711223000224
0.4291071517858631	6.145722462148016
0.4291571526192103	5.427436719205391
0.4292071534525576	3.7952916698397976
0.4292571542859048	1.718922430730891
0.429307155119252	-0.2733776302739602
0.4293571559525992	-1.791908366086154
0.4294071567859465	-2.6678667169627044
0.4294571576192937	-2.930574619249988
0.4295071584526409	-2.830034812348836
0.4295571592859881	-2.575625089377098
0.4296071601193353	-2.3714861462072228
0.4296571609526826	-2.161194650293813
0.4297071617860298	-1.869423246301027
0.429757162619377	-1.2045443912750695
0.4298071634527242	-0.0843950203000514
0.4298571642860714	1.5830509192951827
0.4299071651194187	3.545944901125916
0.4299571659527659	5.388831260913683
0.4300071667861131	6.684705664859807
0.4300571676194604	7.087359175853871
0.4301071684528076	6.44086022625111
0.4301571692861548	4.901897269237239
0.430207170119502	2.826618997489465
0.4302571709528492	0.7975449061676243
0.4303071717861965	-0.6740381031329913
0.4303571726195437	-1.2938967382046849
0.4304071734528909	-0.9536207466857348
0.4304571742862381	0.0889166444629386
0.4305071751195853	1.4534639683770705
0.4305571759529326	2.7599440207658423
0.4306071767862798	3.6834834352356616
0.430657177619627	4.1676360311480805
0.4307071784529742	4.287129003397849
0.4307571792863214	4.353892519805107
0.4308071801196687	4.574851094079108
0.4308571809530159	5.027176206768215
0.4309071817863631	5.639972722625569
0.4309571826197104	6.2258547221091805
0.4310071834530576	6.399746536001521
0.4310571842864048	5.981415943179932
0.431107185119752	4.938877005483022
0.4311571859530992	3.5230490881679675
0.4312071867864465	2.0935224691444274
0.4312571876197937	1.104966160349435
0.4313071884531409	0.8869477881477114
0.4313571892864881	1.5113855899569546
0.4314071901198353	2.7474581191005285
0.4314571909531826	4.040764372392069
0.4315071917865298	4.871255384186429
0.431557192619877	4.735243703169333
0.4316071934532242	3.472926347095438
0.4316571942865715	1.359995100429758
0.4317071951199187	-1.078261457621407
0.4317571959532659	-3.171343051622089
0.4318071967866131	-4.226550283613131
0.4318571976199604	-3.900960304445828
0.4319071984533076	-2.271773720052734
0.4319571992866548	0.1427969666503798
0.432007200120002	2.666354679865973
0.4320572009533492	4.520774578162395
0.4321072017866965	5.215339042098353
0.4321572026200437	4.67240569466945
0.4322072034533909	3.2327194986345056
0.4322572042867381	1.5199262283093935
0.4323072051200853	0.2907432042432002
0.4323572059534326	0.077399316143669
0.4324072067867798	1.0966111790138302
0.432457207620127	3.0099812526540264
0.4325072084534743	5.243587265067604
0.4325572092868215	7.00841171557275
0.4326072101201687	7.657224350245903
0.4326572109535159	6.864613045439536
0.4327072117868631	4.83083910502778
0.4327572126202104	2.111905420140196
0.4328072134535576	-0.5208575283483718
0.4328572142869048	-2.269446726058641
0.432907215120252	-2.598272403442353
0.4329572159535992	-1.4466904530184284
0.4330072167869465	0.9732495998636282
0.4330572176202937	3.983128176874171
0.4331072184536409	6.8056106285134295
0.4331572192869881	8.81564750760244
0.4332072201203353	9.641005447740376
0.4332572209536826	9.220467931662698
0.4333072217870298	7.852091374581991
0.433357222620377	5.952310897212591
0.4334072234537243	4.008354399367189
0.4334572242870715	2.3899028404186677
0.4335072251204187	1.2279999981444512
0.4335572259537659	0.5634516025250262
0.4336072267871131	0.2309426878254787
0.4336572276204604	0.0639716360976558
0.4337072284538076	-0.0224512941898054
0.4337572292871548	-0.1016124108476471
0.433807230120502	-0.2157518183456999
0.4338572309538492	-0.2331474471697685
0.4339072317871965	-0.2630637437905451
0.4339572326205437	-0.2323997426818606
0.4340072334538909	-0.2657201224598514
0.4340572342872381	-0.4061492755869015
0.4341072351205854	-0.6435800858248776
0.4341572359539326	-0.89950893194767
0.4342072367872798	-0.9119494228847044
0.434257237620627	-0.5859309328305827
0.4343072384539743	0.2838968171958255
0.4343572392873215	1.6216960614048328
0.4344072401206687	3.3045093319191943
0.4344572409540159	4.935797972509528
0.4345072417873631	6.166272834149584
0.4345572426207104	6.588545269349452
0.4346072434540576	6.094009635176796
0.4346572442874048	4.768222700942095
0.434707245120752	2.898530795750873
0.4347572459540992	0.95946982825202
0.4348072467874465	-0.6150029707003938
0.4348572476207937	-1.4584252631841568
0.4349072484541409	-1.502295187569488
0.4349572492874882	-0.8673132096855851
0.4350072501208354	0.1713812573959749
0.4350572509541826	1.1480051596426435
0.4351072517875298	1.7959692616759135
0.435157252620877	1.922843541359765
0.4352072534542243	1.6052611216032997
0.4352572542875715	0.9764238335193876
0.4353072551209187	0.4018062470340507
0.4353572559542659	0.0384255614300655
0.4354072567876131	-0.0231501750528557
0.4354572576209604	0.1771253556896522
0.4355072584543076	0.5027508315740471
0.4355572592876548	0.6996314383555154
0.435607260121002	0.6272010127221811
0.4356572609543492	0.2128485562154959
0.4357072617876965	-0.5365887745646593
0.4357572626210437	-1.420492225154398
0.4358072634543909	-2.2923278333439097
0.4358572642877382	-3.047873117566266
0.4359072651210854	-3.642318490010144
0.4359572659544326	-4.129620942437223
0.4360072667877798	-4.50470216123706
0.436057267621127	-4.806398379798923
0.4361072684544743	-4.918152889252447
0.4361572692878215	-4.690706979677056
0.4362072701211687	-3.8924584034209024
0.4362572709545159	-2.4448267179810577
0.4363072717878631	-0.4131946835224565
0.4363572726212104	1.8793092619861171
0.4364072734545576	4.040980421948855
0.4364572742879048	5.519662955687669
0.4365072751212521	5.915557085759598
0.4365572759545993	5.130589321013047
0.4366072767879465	3.3359372175309416
0.4366572776212937	1.1017768404595776
0.4367072784546409	-0.8838595299184879
0.4367572792879882	-1.9840523990357732
0.4368072801213354	-1.760404011228032
0.4368572809546826	-0.2532409419436126
0.4369072817880298	2.0467263351003373
0.436957282621377	4.459729466390991
0.4370072834547243	6.13796350449411
0.4370572842880715	6.483759356129433
0.4371072851214187	5.300926173486557
0.4371572859547659	2.9540984483734247
0.4372072867881131	0.1052054113104363
0.4372572876214604	-2.3188989300480336
0.4373072884548076	-3.588900417733896
0.4373572892881548	-3.365978064295029
0.4374072901215021	-1.8158482154387168
0.4374572909548493	0.4604681207320014
0.4375072917881965	2.5087482649321338
0.4375572926215437	3.522878857978137
0.4376072934548909	2.9622456024198187
0.4376572942882382	0.9443035801232492
0.4377072951215854	-2.0555348956636883
0.4377572959549326	-5.078506655222338
0.4378072967882798	-7.235268198858491
0.437857297621627	-7.761934880820484
0.4379072984549743	-6.573489757429252
0.4379572992883215	-4.049102795004587
0.4380073001216687	-0.9860110650359544
0.4380573009550159	1.6481119903220205
0.4381073017883631	3.041585230191332
0.4381573026217104	2.895261652338652
0.4382073034550576	1.3766372686960309
0.4382573042884048	-0.8408265900271108
0.4383073051217521	-2.863350466485502
0.4383573059550993	-3.9656060966390783
0.4384073067884465	-3.7164959914613616
0.4384573076217937	-2.19510316248415
0.4385073084551409	0.033038199935409
0.4385573092884882	2.205228263039269
0.4386073101218354	3.518616882101272
0.4386573109551826	3.5444066440056474
0.4387073117885298	2.2916395635769025
0.438757312621877	0.2149645679681342
0.4388073134552243	-1.9400587111450716
0.4388573142885715	-3.342641253808781
0.4389073151219187	-3.551527580517833
0.438957315955266	-2.399669296683244
0.4390073167886132	-0.2380425762653948
0.4390573176219604	2.2775469924874536
0.4391073184553076	4.413368485390044
0.4391573192886548	5.475562103903473
0.4392073201220021	5.335610178466217
0.4392573209553493	4.029368721225638
0.4393073217886965	2.0181999022596213
0.4393573226220437	-0.065524492489233
0.4394073234553909	-1.744301127887488
0.4394573242887382	-2.729757431326314
0.4395073251220854	-2.9659511740712228
0.4395573259554326	-2.72229173518112
0.4396073267887798	-2.3306203305395727
0.439657327622127	-2.0579115861706487
0.4397073284554743	-2.066613146376189
0.4397573292888215	-2.207596270427115
0.4398073301221687	-2.280623746370579
0.439857330955516	-2.027091787637917
0.4399073317888632	-1.324354673422547
0.4399573326222104	-0.1669687307684132
0.4400073334555576	1.1937901464964995
0.4400573342889048	2.4138285957186705
0.4401073351222521	3.217163921406338
0.4401573359555993	3.418499625849152
0.4402073367889465	3.040909053567208
0.4402573376222937	2.273030241391912
0.4403073384556409	1.5602521823183388
0.4403573392889882	1.1528881973807152
0.4404073401223354	1.2238096079923957
0.4404573409556826	1.7846889788032465
0.4405073417890298	2.50910043587052
0.440557342622377	3.134942089424745
0.4406073434557243	3.358763409738845
0.4406573442890715	3.0144863665406474
0.4407073451224187	2.254828886629916
0.440757345955766	1.3218185970752216
0.4408073467891132	0.6471367919258807
0.4408573476224604	0.487490694611883
0.4409073484558076	0.9666032019582268
0.4409573492891548	1.9520391712027108
0.4410073501225021	3.0524088745280573
0.4410573509558493	3.7926953314753904
0.4411073517891965	3.758064081977116
0.4411573526225437	2.775063425562976
0.4412073534558909	1.0132392103462546
0.4412573542892382	-1.1639495271528055
0.4413073551225854	-3.20142751058722
0.4413573559559326	-4.554202403300497
0.4414073567892799	-4.8853037093426845
0.4414573576226271	-4.11082816434401
0.4415073584559743	-2.5481821139665084
0.4415573592893215	-0.5814411947888755
0.4416073601226687	1.223586406516808
0.441657360956016	2.396517298171541
0.4417073617893632	2.776701709819773
0.4417573626227104	2.342477401446262
0.4418073634560576	1.3870294313277705
0.4418573642894048	0.1510742936814763
0.4419073651227521	-0.9550974483688668
0.4419573659560993	-1.8407156576879933
0.4420073667894465	-2.412384231901697
0.4420573676227937	-2.775527305424484
0.4421073684561409	-2.921886679734801
0.4421573692894882	-2.9350660713546555
0.4422073701228354	-2.682892913389459
0.4422573709561826	-2.163861387056228
0.4423073717895299	-1.1902907902067787
0.4423573726228771	0.2012787987641938
0.4424073734562243	1.8412963946007876
0.4424573742895715	3.474966292116693
0.4425073751229187	4.701254364852637
0.442557375956266	5.202612679680871
0.4426073767896132	4.758980694885465
0.4426573776229604	3.5334683844853023
0.4427073784563076	1.7983666659084006
0.4427573792896548	0.0129228537019395
0.4428073801230021	-1.3699032010344956
0.4428573809563493	-1.9758496552759632
0.4429073817896965	-1.7987150647098304
0.4429573826230437	-1.0648752064092943
0.4430073834563909	-0.2844823770223909
0.4430573842897382	0.1573574389739113
0.4431073851230854	-0.1276834744515359
0.4431573859564326	-1.1628742555137588
0.4432073867897799	-2.6741500765762494
0.4432573876231271	-4.237843995305022
0.4433073884564743	-5.306461794065034
0.4433573892898215	-5.446064515324539
0.4434073901231687	-4.565989631581673
0.443457390956516	-2.8745814456296825
0.4435073917898632	-0.9192393271544153
0.4435573926232104	0.751142163276741
0.4436073934565576	1.6147300412442522
0.4436573942899048	1.4647480703634717
0.4437073951232521	0.4016855172345379
0.4437573959565993	-1.115977765856332
0.4438073967899465	-2.547951862941259
0.4438573976232938	-3.269137517162527
0.443907398456641	-3.051552978897147
0.4439573992899882	-1.89025039817146
0.4440074001233354	-0.0909199522863868
0.4440574009566826	1.7819054696499346
0.4441074017900299	3.2241562106293724
0.4441574026233771	3.894170924290018
0.4442074034567243	3.722830869440496
0.4442574042900715	2.8597405007004397
0.4443074051234187	1.7312936702934083
0.444357405956766	0.734559388454769
0.4444074067901132	0.1858057857094387
0.4444574076234604	0.1948855115196925
0.4445074084568076	0.6076097803632472
0.4445574092901548	1.1560614223667671
0.4446074101235021	1.63447857563186
0.4446574109568493	1.863012390834937
0.4447074117901965	1.9040359802861075
0.4447574126235438	1.8814953553409168
0.444807413456891	2.0822818106823724
0.4448574142902382	2.609673700460561
0.4449074151235854	3.494181187548346
0.4449574159569326	4.429843938132808
0.4450074167902799	5.109066116687592
0.4450574176236271	5.138641450059724
0.4451074184569743	4.283694225226816
0.4451574192903215	2.565839405862641
0.4452074201236687	0.3292306569243461
0.445257420957016	-1.9174109505231351
0.4453074217903632	-3.537583589781286
0.4453574226237104	-4.136975161373286
0.4454074234570576	-3.526528549694862
0.4454574242904048	-1.9383684016566824
0.4455074251237521	0.1204911018503068
0.4455574259570993	2.0340842887455293
0.4456074267904465	3.244796747715119
0.4456574276237938	3.479634650653418
0.445707428457141	2.7937848939924863
0.4457574292904882	1.5540155386774803
0.4458074301238354	0.2714746002736133
0.4458574309571826	-0.5672578578118006
0.4459074317905299	-0.7182208778570469
0.4459574326238771	-0.1650142290565652
0.4460074334572243	0.8136877690006092
0.4460574342905715	1.69506125485316
0.4461074351239187	2.2090735560200443
0.446157435957266	2.095349606957161
0.4462074367906132	1.4766206607132282
0.4462574376239604	0.6285638759578464
0.4463074384573077	-0.0356068683185482
0.4463574392906549	-0.1509572976838323
0.4464074401240021	0.3362802538171255
0.4464574409573493	1.2249939002189407
0.4465074417906965	2.080018790145304
0.4465574426240438	2.453366659533727
0.446607443457391	1.9120253367895736
0.4466574442907382	0.3364463319719366
0.4467074451240854	-1.9419975366758635
0.4467574459574326	-4.427104076005651
0.4468074467907799	-6.49070857234174
0.4468574476241271	-7.51847220342372
0.4469074484574743	-7.382500483377127
0.4469574492908215	-6.172581544528524
0.4470074501241687	-4.442871326626588
0.447057450957516	-2.789733018558669
0.4471074517908632	-1.79407477906625
0.4471574526242104	-1.7017741039349912
0.4472074534575577	-2.409664150586887
0.4472574542909049	-3.4724735272712275
0.4473074551242521	-4.255481009447845
0.4473574559575993	-4.262235540033843
0.4474074567909465	-3.259823196268957
0.4474574576242938	-1.5121382166027086
0.447507458457641	0.4201017727288337
0.4475574592909882	1.7704759645788395
0.4476074601243354	1.8864055350403928
0.4476574609576826	0.4403806957991336
0.4477074617910299	-2.3366268744886654
0.4477574626243771	-5.735126780076733
0.4478074634577243	-8.771335990153045
0.4478574642910715	-10.436107544653929
0.4479074651244187	-10.113599113517129
0.447957465957766	-7.6687716373097885
0.4480074667911132	-3.641478786121668
0.4480574676244604	1.010802893068994
0.4481074684578077	5.1954876797357805
0.4481574692911549	7.94109652187203
0.4482074701245021	8.778140795710126
0.4482574709578493	7.756097297785012
0.4483074717911965	5.486362677596979
0.4483574726245438	2.8337563335231875
0.448407473457891	0.6630852685894368
0.4484574742912382	-0.4387557613988745
0.4485074751245854	-0.3449072088196572
0.4485574759579326	0.6410242183998036
0.4486074767912799	1.9120282582701087
0.4486574776246271	2.842490426594304
0.4487074784579743	2.972233447077011
0.4487574792913216	2.1738300537032984
0.4488074801246688	0.7223342188021892
0.448857480958016	-0.8609254750576265
0.4489074817913632	-2.015039463205284
0.4489574826247104	-2.3287231425103725
0.4490074834580577	-1.681872360428721
0.4490574842914049	-0.2482925093752713
0.4491074851247521	1.4831322790641943
0.4491574859580993	3.071974956192936
0.4492074867914465	3.999559658056583
0.4492574876247938	4.1192991696864585
0.449307488458141	3.50920117430912
0.4493574892914882	2.47648894742186
0.4494074901248354	1.4227627091022497
0.4494574909581826	0.6480328871317456
0.4495074917915299	0.3392881618379304
0.4495574926248771	0.4705752252665659
0.4496074934582243	0.810070461230401
0.4496574942915716	1.1566107099153569
0.4497074951249188	1.2834450847191348
0.449757495958266	1.1059628884452424
0.4498074967916132	0.707968695226657
0.4498574976249604	0.2928111223990535
0.4499074984583077	-0.0064625593248164
0.4499574992916549	-0.0847683917344883
0.4500075001250021	0.1486877068475232
0.4500575009583493	0.4947895707007928
0.4501075017916965	0.8094901196480798
0.4501575026250438	0.9666492790830854
0.450207503458391	0.9147951193555216
0.4502575042917382	0.7401551125990395
0.4503075051250854	0.5092048281235942
0.4503575059584326	0.4432100566089152
0.4504075067917799	0.6245942389228201
0.4504575076251271	1.0938967252368408
0.4505075084584743	1.6672380799825652
0.4505575092918216	2.2077713264478414
0.4506075101251688	2.4578979579932074
0.450657510958516	2.3541011759631068
0.4507075117918632	1.90761235595805
0.4507575126252104	1.3232846532774258
0.4508075134585577	0.8031332740599297
0.4508575142919049	0.5895282476884685
0.4509075151252521	0.7460012432116893
0.4509575159585993	1.2659251156834106
0.4510075167919465	1.9745070494827308
0.4510575176252938	2.581157745189672
0.451107518458641	2.9036358455498448
0.4511575192919882	2.8313789945419763
0.4512075201253355	2.4547690722260174
0.4512575209586827	1.9452797390201173
0.4513075217920299	1.652390746800055
0.4513575226253771	1.7424042199207543
0.4514075234587243	2.321608295982904
0.4514575242920716	3.26085548080664
0.4515075251254188	4.311812002161708
0.451557525958766	5.108701933539716
0.4516075267921132	5.416085647374226
0.4516575276254604	5.142253388060241
0.4517075284588077	4.346649807347776
0.4517575292921549	3.399383996395559
0.4518075301255021	2.577138969591424
0.4518575309588493	2.2030357557894207
0.4519075317921965	2.40872776390388
0.4519575326255438	3.031038373196638
0.452007533458891	3.831126730077963
0.4520575342922382	4.377317312029041
0.4521075351255855	4.415912068186232
0.4521575359589327	3.776260066538824
0.4522075367922799	2.6396475215356974
0.4522575376256271	1.3015612822288651
0.4523075384589743	0.1713947204235432
0.4523575392923216	-0.4515904229021848
0.4524075401256688	-0.4414056074590741
0.452457540959016	0.0694975400004586
0.4525075417923632	0.7669256038495076
0.4525575426257104	1.198823143108804
0.4526075434590577	1.0775007724418573
0.4526575442924049	0.3064959224425364
0.4527075451257521	-0.8973039396839309
0.4527575459590993	-2.1636820343903307
0.4528075467924465	-3.020060921292067
0.4528575476257938	-3.1310197853242663
0.452907548459141	-2.48038687313443
0.4529575492924882	-1.276538129911939
0.4530075501258355	-0.0304648195437799
0.4530575509591827	0.6304631596164267
0.4531075517925299	0.3460110658732265
0.4531575526258771	-0.9916800830671908
0.4532075534592243	-3.080876464892796
0.4532575542925716	-5.235563463751405
0.4533075551259188	-6.730481457716193
0.453357555959266	-6.946757327894701
0.4534075567926132	-5.672218453244992
0.4534575576259604	-3.1882042990045503
0.4535075584593077	-0.1993222008955782
0.4535575592926549	2.3551024498870468
0.4536075601260021	3.6104858108768094
0.4536575609593494	3.115921624658936
0.4537075617926966	0.9055873289356862
0.4537575626260438	-2.3846634450313537
0.453807563459391	-5.750942152880329
0.4538575642927382	-8.170466207440636
0.4539075651260855	-8.880662910600975
0.4539575659594327	-7.61669214178638
0.4540075667927799	-4.768876258849805
0.4540575676261271	-1.1484572113433047
0.4541075684594743	2.1580299546415938
0.4541575692928216	4.297427847981151
0.4542075701261688	4.738509331050847
0.454257570959516	3.585373340487215
0.4543075717928632	1.405095373867859
0.4543575726262104	-0.839638982282403
0.4544075734595577	-2.2725807303820287
0.4544575742929049	-2.3330685540559943
0.4545075751262522	-0.90934305188084
0.4545575759595994	1.6241624772450975
0.4546075767929466	4.474770865998215
0.4546575776262938	6.8335456285961005
0.454707578459641	8.018017480969922
0.4547575792929882	7.758580226734759
0.4548075801263355	6.219553267994772
0.4548575809596827	3.98592346706062
0.4549075817930299	1.747547299471018
0.4549575826263771	0.1552283736716085
0.4550075834597243	-0.4323933503394882
0.4550575842930716	0.0768112045053101
0.4551075851264188	1.416402031361975
0.455157585959766	3.130918664698206
0.4552075867931132	4.751029310734693
0.4552575876264605	5.971306434892826
0.4553075884598077	6.636009953953879
0.4553575892931549	6.805674089918702
0.4554075901265021	6.679159185091038
0.4554575909598494	6.41337138975014
0.4555075917931966	6.081997407592588
0.4555575926265438	5.666297789978393
0.455607593459891	5.110849585753557
0.4556575942932382	4.306900973749005
0.4557075951265855	3.2647532161289345
0.4557575959599327	2.1193357475049224
0.4558075967932799	1.0097693980157734
0.4558575976266271	0.1576498514049872
0.4559075984599743	-0.3016989101824636
0.4559575992933216	-0.4843550580202131
0.4560076001266688	-0.5141932038003062
0.456057600960016	-0.753298114379506
0.4561076017933633	-1.401227621170564
0.4561576026267105	-2.596308182041453
0.4562076034600577	-4.237602029447628
0.4562576042934049	-5.966448012083751
0.4563076051267521	-7.239205009032478
0.4563576059600994	-7.605948028771884
0.4564076067934466	-6.729192602754672
0.4564576076267938	-4.68268328830287
0.456507608460141	-1.914998432810092
0.4565576092934882	0.9881437480405996
0.4566076101268355	3.195758081086208
0.4566576109601827	4.12591376672651
0.4567076117935299	3.411400322725897
0.4567576126268771	1.2271947103796337
0.4568076134602243	-1.9270730455976293
0.4568576142935716	-5.380097759275658
0.4569076151269188	-8.355526570504841
0.4569576159602661	-10.291245365474229
0.4570076167936133	-11.00665735906877
0.4570576176269605	-10.606248926703106
0.4571076184603077	-9.502694210168205
0.4571576192936549	-8.169604308628095
0.4572076201270021	-7.038094934046174
0.4572576209603494	-6.258302904819352
0.4573076217936966	-5.824118527057031
0.4573576226270438	-5.498190850063144
0.457407623460391	-4.968440444434978
0.4574576242937382	-4.086405564181052
0.4575076251270855	-2.834209727952578
0.4575576259604327	-1.3780139829381517
0.4576076267937799	-0.087401992109601
0.4576576276271271	0.6366770140548677
0.4577076284604744	0.5811799547656464
0.4577576292938216	-0.3023196575266961
0.4578076301271688	-1.7980394739790957
0.457857630960516	-3.553974903549905
0.4579076317938633	-5.169262572766154
0.4579576326272105	-6.2453533577398455
0.4580076334605577	-6.665838974733804
0.4580576342939049	-6.455284767836337
0.4581076351272521	-5.812533435208269
0.4581576359605994	-4.912818720475318
0.4582076367939466	-4.010372494110193
0.4582576376272938	-3.191747141699748
0.458307638460641	-2.418096558925729
0.4583576392939882	-1.6109697680057242
0.4584076401273355	-0.6563258667631406
0.4584576409606827	0.4235122110933043
0.4585076417940299	1.483715765301373
0.4585576426273772	2.31002608522468
0.4586076434607244	2.664997525567731
0.4586576442940716	2.3641896533649884
0.4587076451274188	1.4021584136075758
0.458757645960766	0.0250511907707819
0.4588076467941133	-1.4848110122681826
0.4588576476274605	-2.694793143585474
0.4589076484608077	-3.3249313484432346
0.4589576492941549	-3.19792273659682
0.4590076501275021	-2.4777075150530874
0.4590576509608494	-1.4295812905210783
0.4591076517941966	-0.498265128552983
0.4591576526275438	-0.1014060725545663
0.459207653460891	-0.4047969593575915
0.4592576542942382	-1.4171026492982088
0.4593076551275855	-2.8998715958906707
0.4593576559609327	-4.454379215886621
0.45940765679428	-5.755081332484716
0.4594576576276272	-6.47720571981653
0.4595076584609744	-6.561432028945235
0.4595576592943216	-6.094183628286408
0.4596076601276688	-5.331679674904846
0.459657660961016	-4.56575287808348
0.4597076617943633	-3.9220546043701328
0.4597576626277105	-3.497396068857344
0.4598076634610577	-3.210372045400843
0.4598576642944049	-2.8596695998532407
0.4599076651277521	-2.378287982735588
0.4599576659610994	-1.699758284642029
0.4600076667944466	-0.9253879884078
0.4600576676277938	-0.2940897611206148
0.460107668461141	-0.0188914430726536
0.4601576692944883	-0.3056059706412328
0.4602076701278355	-1.1250917568885042
0.4602576709611827	-2.3370198931181174
0.4603076717945299	-3.540249087713692
0.4603576726278772	-4.454372647519028
0.4604076734612244	-4.700116764547803
0.4604576742945716	-4.155398719212313
0.4605076751279188	-2.922540159242581
0.460557675961266	-1.2251690274281617
0.4606076767946133	0.5523677945203402
0.4606576776279605	2.044755535323584
0.4607076784613077	3.10208608701325
0.4607576792946549	3.5668317365749265
0.4608076801280021	3.5831250702706234
0.4608576809613494	3.326189398666353
0.4609076817946966	2.9714051254547744
0.4609576826280438	2.661429347119576
0.4610076834613911	2.314113074280898
0.4610576842947383	1.880600129880961
0.4611076851280855	1.222162311662541
0.4611576859614327	0.3265801583717075
0.4612076867947799	-0.7538555037629491
0.4612576876281272	-1.7502911799687366
0.4613076884614744	-2.4817409631848024
0.4613576892948216	-2.682635609815699
0.4614076901281688	-2.2234616181607407
0.461457690961516	-1.2499440718387778
0.4615076917948633	-0.0117659399205504
0.4615576926282105	1.0554158793141477
0.4616076934615577	1.6793065827991644
0.4616576942949049	1.6059689385696
0.4617076951282521	0.9616021666870384
0.4617576959615994	-0.0368493624811454
0.4618076967949466	-0.9221778428283696
0.4618576976282939	-1.3461794099653348
0.4619076984616411	-1.0888494092912588
0.4619576992949883	-0.1792424603430589
0.4620077001283355	1.0644493165103397
0.4620577009616827	2.1941432498643123
0.4621077017950299	2.704661223005889
0.4621577026283772	2.392586900894271
0.4622077034617244	1.2734571157791108
0.4622577042950716	-0.2556407070391565
0.4623077051284188	-1.679093276323274
0.462357705961766	-2.425490278997916
0.4624077067951133	-2.171184152533306
0.4624577076284605	-0.8718807813606726
0.4625077084618077	1.085641498990932
0.4625577092951549	3.044795370819978
0.4626077101285022	4.307927515773843
0.4626577109618494	4.347172931863956
0.4627077117951966	3.043592794001544
0.4627577126285438	0.6276706285900592
0.4628077134618911	-2.220016141624468
0.4628577142952383	-4.708628626135541
0.4629077151285855	-6.155137025560822
0.4629577159619327	-6.15656885257071
0.4630077167952799	-4.904410503868539
0.4630577176286272	-2.916374904859672
0.4631077184619744	-0.9664304838485482
0.4631577192953216	0.1383062090361843
0.4632077201286688	-0.0895553308604732
0.463257720962016	-1.7423264308418978
0.4633077217953633	-4.365016024845368
0.4633577226287105	-7.2490419949116545
0.4634077234620578	-9.55747028683281
0.463457724295405	-10.63753734478411
0.4635077251287522	-10.165059832502608
0.4635577259620994	-8.389650919662042
0.4636077267954466	-5.79860338281005
0.4636577276287938	-3.1477303859526757
0.4637077284621411	-1.0029235469837925
0.4637577292954883	0.2008302912071523
0.4638077301288355	0.4453802488891081
0.4638577309621827	0.0563065717512403
0.4639077317955299	-0.4470449815278228
0.4639577326288772	-0.6088267414912746
0.4640077334622244	-0.1693884138163749
0.4640577342955716	0.7975327720669078
0.4641077351289188	2.000210722820864
0.464157735962266	2.979310818361024
0.4642077367956133	3.313380103342474
0.4642577376289605	2.8491960634999742
0.4643077384623078	1.7116426773795412
0.464357739295655	0.3136997623601136
0.4644077401290022	-0.7642382942328658
0.4644577409623494	-0.9691946119875752
0.4645077417956966	-0.0533771927092342
0.4645577426290438	1.9507954219130537
0.4646077434623911	4.656562538260953
0.4646577442957383	7.444645617663498
0.4647077451290855	9.68584670419425
0.4647577459624327	10.810502262112118
0.4648077467957799	10.671882512625768
0.4648577476291272	9.380979197671984
0.4649077484624744	7.291944566466301
0.4649577492958216	5.001922086580736
0.4650077501291688	2.9630610970449807
0.4650577509625161	1.5100102214883502
0.4651077517958633	0.6707405398342248
0.4651577526292105	0.2435799482720456
0.4652077534625577	-0.0110183078905551
0.465257754295905	-0.4433874633975367
0.4653077551292522	-1.1929294940741484
0.4653577559625994	-2.260804093730489
0.4654077567959466	-3.393908872451012
0.4654577576292938	-4.294946164873384
0.4655077584626411	-4.644819149758337
0.4655577592959883	-4.221759775956668
0.4656077601293355	-3.008789630110824
0.4656577609626827	-1.1870453365684066
0.4657077617960299	0.9299060554905708
0.4657577626293772	2.946805717233766
0.4658077634627244	4.50702899778675
0.4658577642960717	5.3480216850370015
0.4659077651294189	5.384750702881127
0.4659577659627661	4.739078772275391
0.4660077667961133	3.5140688068418995
0.4660577676294605	2.041237104359718
0.4661077684628077	0.5833441478037127
0.466157769296155	-0.6034441305585917
0.4662077701295022	-1.340925605420097
0.4662577709628494	-1.4984812275790929
0.4663077717961966	-1.1054656610295146
0.4663577726295438	-0.2148840497116517
0.4664077734628911	0.9507666610326948
0.4664577742962383	2.1906390697678937
0.4665077751295855	3.278472664303355
0.4665577759629327	3.8940760668661567
0.4666077767962799	3.985009983225481
0.4666577776296272	3.592897934740174
0.4667077784629744	2.800705040283514
0.4667577792963217	1.905400522515198
0.4668077801296689	1.119650209020602
0.4668577809630161	0.7194421213771662
0.4669077817963633	0.7990151166976143
0.4669577826297105	1.268884161473103
0.4670077834630577	1.885275019546757
0.467057784296405	2.3363125641948743
0.4671077851297522	2.321257441792092
0.4671577859630994	1.6527627137898395
0.4672077867964466	0.3176992817229545
0.4672577876297938	-1.5465120323210164
0.4673077884631411	-3.551465685052369
0.4673577892964883	-5.3247195429749326
0.4674077901298355	-6.513685596857759
0.4674577909631827	-6.951687855979429
0.46750779179653	-6.616887293563756
0.4675577926298772	-5.686870108106578
0.4676077934632244	-4.500104949000811
0.4676577942965716	-3.349604005074505
0.4677077951299189	-2.448419943037045
0.4677577959632661	-1.86373316231376
0.4678077967966133	-1.6037051246966858
0.4678577976299605	-1.522766350102122
0.4679077984633077	-1.4135846360949311
0.467957799296655	-1.2029458030950804
0.4680078001300022	-0.909642741526117
0.4680578009633494	-0.5223791470601677
0.4681078017966966	-0.1954471184183883
0.4681578026300438	-0.0001808170900643
0.4682078034633911	0.0360405872996527
0.4682578042967383	0.0048350431424545
0.4683078051300856	0.0584961446987812
0.4683578059634328	0.1973949066948923
0.46840780679678	0.538931313591013
0.4684578076301272	0.9886140857093668
0.4685078084634744	1.2976138007097848
0.4685578092968216	1.2550510141330422
0.4686078101301689	0.6760051665189789
0.4686578109635161	-0.5014313193164434
0.4687078117968633	-2.082825589699654
0.4687578126302105	-3.760823612392568
0.4688078134635577	-5.0753366806753055
0.468857814296905	-5.627727169053998
0.4689078151302522	-5.21145642692788
0.4689578159635994	-3.838375172454639
0.4690078167969466	-1.9119093848964008
0.4690578176302938	0.0815038840453952
0.4691078184636411	1.5075530353237798
0.4691578192969883	1.91704030458122
0.4692078201303356	1.2053830211020924
0.4692578209636828	-0.4561964252305777
0.46930782179703	-2.628041786835545
0.4693578226303772	-4.625928302766364
0.4694078234637244	-5.930567322460289
0.4694578242970716	-6.168499017263345
0.4695078251304189	-5.376932717955565
0.4695578259637661	-3.905953119847197
0.4696078267971133	-2.3153284274737853
0.4696578276304605	-1.2238516692341035
0.4697078284638077	-1.007831244612491
0.469757829297155	-1.7592148381976995
0.4698078301305022	-3.2303271745678086
0.4698578309638494	-4.8025214831315015
0.4699078317971966	-5.874054376899678
0.4699578326305439	-5.889012429708039
0.4700078334638911	-4.6759333890400585
0.4700578342972383	-2.3234837470979475
0.4701078351305855	0.6671496573189057
0.4701578359639328	3.603439089582072
0.47020783679728	5.869779002439918
0.4702578376306272	6.898822185791772
0.4703078384639744	6.614178853609636
0.4703578392973216	5.20244578757773
0.4704078401306689	3.1336014149288114
0.4704578409640161	0.9588060632335512
0.4705078417973633	-0.7619040798191941
0.4705578426307105	-1.6913851868967145
0.4706078434640577	-1.7692788905531516
0.470657844297405	-1.204974239610876
0.4707078451307522	-0.2364616808237181
0.4707578459640995	0.7719939286435284
0.4708078467974467	1.505922903441955
0.4708578476307939	1.8690166536425523
0.4709078484641411	1.878846446849601
0.4709578492974883	1.6344945497801189
0.4710078501308355	1.2457475293121794
0.4710578509641828	0.849150340872654
0.47110785179753	0.4939016808233854
0.4711578526308772	0.1055619101236621
0.4712078534642244	-0.3006221126161352
0.4712578542975716	-0.8062371322614164
0.4713078551309189	-1.3219740971177734
0.4713578559642661	-1.834658600227192
0.4714078567976133	-2.240022022953612
0.4714578576309605	-2.4414058248552792
0.4715078584643077	-2.4540462612130103
0.471557859297655	-2.3448926402272923
0.4716078601310022	-2.222101279392
0.4716578609643495	-2.156235321673644
0.4717078617976967	-2.238169321772685
0.4717578626310439	-2.511440663903392
0.4718078634643911	-2.8380473163661617
0.4718578642977383	-3.0630345465470463
0.4719078651310855	-3.102342206349169
0.4719578659644328	-2.8699490080752703
0.47200786679778	-2.459470836400703
0.4720578676311272	-1.9700499486040184
0.4721078684644744	-1.662801378633652
0.4721578692978216	-1.682550517250047
0.4722078701311689	-2.085553613340831
0.4722578709645161	-2.835833733364418
0.4723078717978633	-3.6969482193641854
0.4723578726312105	-4.367256834807951
0.4724078734645578	-4.587738504418597
0.472457874297905	-4.185551307482395
0.4725078751312522	-3.2195347028342534
0.4725578759645994	-1.9077089942396883
0.4726078767979467	-0.6244172363309982
0.4726578776312939	0.2957560072299867
0.4727078784646411	0.5192759630194232
0.4727578792979883	-0.0148912886646286
0.4728078801313355	-1.0712481028504204
0.4728578809646828	-2.3240460688033617
0.47290788179803	-3.3274324730019025
0.4729578826313772	-3.6175926369886975
0.4730078834647244	-3.081238659255436
0.4730578842980716	-1.7282145765731
0.4731078851314189	0.1026292192691465
0.4731578859647661	1.9624591889030616
0.4732078867981134	3.3129746215162417
0.4732578876314606	3.8077216212104674
0.4733078884648078	3.3251512191704977
0.473357889298155	2.02614131312557
0.4734078901315022	0.2242349290279223
0.4734578909648494	-1.4936903390293867
0.4735078917981967	-2.740606529581905
0.4735578926315439	-3.187257388366252
0.4736078934648911	-2.846908789313852
0.4736578942982383	-1.8785102423156916
0.4737078951315855	-0.6363284009178978
0.4737578959649328	0.4858091030011561
0.47380789679828	1.1793241023211225
0.4738578976316272	1.3606828689628714
0.4739078984649744	1.0379198745475935
0.4739578992983216	0.4641594754704259
0.4740079001316689	-0.0908994294443776
0.4740579009650161	-0.3029927287524713
0.4741079017983634	-0.1459244522513436
0.4741579026317106	0.3852951504671349
0.4742079034650578	1.0647664573415945
0.474257904298405	1.5983762543107067
0.4743079051317522	1.6778064153487209
0.4743579059650994	1.1064153114867974
0.4744079067984467	-0.1608674159545042
0.4744579076317939	-1.968448790628056
0.4745079084651411	-4.022547434614494
0.4745579092984883	-5.918709395658455
0.4746079101318355	-7.310926556744581
0.4746579109651828	-7.889955183117128
0.47470791179853	-7.532177425031608
0.4747579126318772	-6.264614856117406
0.4748079134652244	-4.323541731403981
0.4748579142985717	-1.9775090363523669
0.4749079151319189	0.2534478850220797
0.4749579159652661	2.117707979778139
0.4750079167986133	3.24396854658949
0.4750579176319606	3.546039782670652
0.4751079184653078	2.9295085721498446
0.475157919298655	1.6757214957691369
0.4752079201320022	-0.0448372405026804
0.4752579209653494	-1.85030005103118
0.4753079217986967	-3.4570554052247733
0.4753579226320439	-4.53264972389699
0.4754079234653911	-4.965683146761698
0.4754579242987383	-4.725182506048211
0.4755079251320855	-3.94278948233218
0.4755579259654328	-2.773790104320186
0.47560792679878	-1.507990329605081
0.4756579276321273	-0.3739866196328774
0.4757079284654745	0.4347826638462774
0.4757579292988217	0.8000445198671071
0.4758079301321689	0.733229698528876
0.4758579309655161	0.3394964695371371
0.4759079317988633	-0.2977718311343111
0.4759579326322106	-1.013770439182932
0.4760079334655578	-1.690752332130511
0.476057934298905	-2.2542869193877304
0.4761079351322522	-2.5905148204340094
0.4761579359655994	-2.7172957629887704
0.4762079367989467	-2.6430590632117736
0.4762579376322939	-2.3494783184479475
0.4763079384656411	-1.9639550429008652
0.4763579392989883	-1.5086460389498613
0.4764079401323355	-1.1137583110869669
0.4764579409656828	-0.8024826819827564
0.47650794179903	-0.6389132395045892
0.4765579426323773	-0.6872464684393933
0.4766079434657245	-0.7837041608840851
0.4766579442990717	-0.9476804924670702
0.4767079451324189	-1.0516140615089036
0.4767579459657661	-0.9749692583898426
0.4768079467991133	-0.740050292612516
0.4768579476324606	-0.3671375459343579
0.4769079484658078	0.022948253351225
0.476957949299155	0.2386674674671616
0.4770079501325022	0.1737675862522587
0.4770579509658494	-0.2778584021460052
0.4771079517991967	-1.0288059572767108
0.4771579526325439	-1.905235469418216
0.4772079534658911	-2.570275821840067
0.4772579542992383	-2.7265861375850275
0.4773079551325856	-2.0992817507511035
0.4773579559659328	-0.6863449087814878
0.47740795679928	1.3892589947526988
0.4774579576326273	3.67600316874846
0.4775079584659745	5.67926432619833
0.4775579592993217	6.783344015697318
0.4776079601326689	6.642833944037117
0.4776579609660161	5.0905138082118775
0.4777079617993633	2.412331304825177
0.4777579626327106	-0.9073891265045024
0.4778079634660578	-4.152376595375987
0.477857964299405	-6.624614777201741
0.4779079651327522	-7.825353404787532
0.4779579659660994	-7.613561416279272
0.4780079667994467	-6.222165300806124
0.4780579676327939	-4.136787792550195
0.4781079684661412	-2.0654001778972364
0.4781579692994884	-0.641394906166824
0.4782079701328356	-0.2756177267667595
0.4782579709661828	-1.0199451720396029
0.47830797179953	-2.5845461064333493
0.4783579726328772	-4.473501507955593
0.4784079734662245	-6.094561568536779
0.4784579742995717	-6.947097561438596
0.4785079751329189	-6.847446206023425
0.4785579759662661	-5.8234436482861165
0.4786079767996133	-4.278504929765488
0.4786579776329606	-2.8014907970289644
0.4787079784663078	-1.776202090332662
0.478757979299655	-1.5535150342853328
0.4788079801330022	-2.153278448979968
0.4788579809663494	-3.3713818513960145
0.4789079817996967	-4.681714143905301
0.4789579826330439	-5.7167593007565936
0.4790079834663912	-6.064048141675365
0.4790579842997384	-5.639933549464559
0.4791079851330856	-4.5609830483002805
0.4791579859664328	-3.1576261756133603
0.47920798679978	-1.8451647442797725
0.4792579876331272	-0.9802090994730523
0.4793079884664745	-0.7531362676718092
0.4793579892998217	-1.0595473974960004
0.4794079901331689	-1.708523379789472
0.4794579909665161	-2.251615719099932
0.4795079917998633	-2.417745181150368
0.4795579926332106	-1.9735535003298617
0.4796079934665578	-0.9578247886663044
0.479657994299905	0.4193490711363953
0.4797079951332522	1.8171872845563488
0.4797579959665995	2.818179593815838
0.4798079967999467	3.146566691281849
0.4798579976332939	2.7393837147043074
0.4799079984666412	1.7069343252150937
0.4799579992999884	0.3840720153811132
0.4800080001333356	-0.902320916884344
0.4800580009666828	-1.773055672108006
0.48010800180003	-2.100410131881694
0.4801580026333772	-1.8810745153679904
0.4802080034667245	-1.3503266545693495
0.4802580043000717	-0.7775816319582309
0.4803080051334189	-0.4803573954726104
0.4803580059667661	-0.6385733518614902
0.4804080068001133	-1.2457498514301883
0.4804580076334606	-2.150623157813675
0.4805080084668078	-3.0360583086555897
0.4805580093001551	-3.593635548575385
0.4806080101335023	-3.5841151995860505
0.4806580109668495	-2.974211901171709
0.4807080118001967	-1.8781058784991047
0.4807580126335439	-0.639956999645387
0.4808080134668911	0.3732023448909902
0.4808580143002384	0.8729251310233171
0.4809080151335856	0.6069564948158411
0.4809580159669328	-0.3330139293614905
0.48100801680028	-1.7816526102372936
0.4810580176336272	-3.343043071245864
0.4811080184669745	-4.593750077417905
0.4811580193003217	-5.226332248865264
0.4812080201336689	-5.054339913809237
0.4812580209670161	-4.2131168785285045
0.4813080218003633	-2.951483612593909
0.4813580226337106	-1.6520464645813868
0.4814080234670578	-0.7416983958136423
0.4814580243004051	-0.4721927498367298
0.4815080251337523	-0.9384853885488368
0.4815580259670995	-2.0376290669358164
0.4816080268004467	-3.427237812245693
0.4816580276337939	-4.705022321414045
0.4817080284671411	-5.53039437924488
0.4817580293004884	-5.634471562993198
0.4818080301338356	-4.962762581832115
0.4818580309671828	-3.678128590797462
0.48190803180053	-2.037518864058361
0.4819580326338772	-0.4146252522078899
0.4820080334672245	0.8683363404847027
0.4820580343005717	1.6032997138672107
0.4821080351339189	1.7690896191577232
0.4821580359672662	1.4926907962397222
0.4822080368006134	0.9126563763433356
0.4822580376339606	0.2517930168161085
0.4823080384673078	-0.2496224056716451
0.4823580393006551	-0.6253747626617459
0.4824080401340023	-0.7806188812368913
0.4824580409673495	-0.9119976980085645
0.4825080418006967	-1.0924671045550942
0.4825580426340439	-1.3262556970625483
0.4826080434673911	-1.712314232174584
0.4826580443007384	-2.103796687395249
0.4827080451340856	-2.388680785336909
0.4827580459674328	-2.412856022441089
0.48280804680078	-2.106189754226193
0.4828580476341272	-1.451599182616174
0.4829080484674745	-0.5849584678745929
0.4829580493008217	0.3807779698981851
0.483008050134169	1.2393137838409771
0.4830580509675162	1.8482228754373915
0.4831080518008634	2.147852089346934
0.4831580526342106	2.15184137818538
0.4832080534675578	1.9421210885020312
0.483258054300905	1.6341201323715755
0.4833080551342523	1.396411407980576
0.4833580559675995	1.2316235101374056
0.4834080568009467	1.1455794949108666
0.4834580576342939	1.036929378406744
0.4835080584676411	0.8304120257640003
0.4835580593009884	0.5025541948350186
0.4836080601343356	0.0197170848284632
0.4836580609676828	-0.4709654904801133
0.48370806180103	-0.8412713666267392
0.4837580626343772	-0.8576787904661491
0.4838080634677245	-0.4976424801441622
0.4838580643010717	0.4002068203068423
0.483908065134419	1.699617081401747
0.4839580659677662	3.192162319013234
0.4840080668011134	4.675098025377777
0.4840580676344606	5.868835871681212
0.4841080684678078	6.646338489071341
0.484158069301155	6.896421271623408
0.4842080701345023	6.668679955572924
0.4842580709678495	6.11387143215357
0.4843080718011967	5.44837219888879
0.4843580726345439	4.77326716397584
0.4844080734678911	4.210997871366502
0.4844580743012384	3.761853367274598
0.4845080751345856	3.357882017198242
0.4845580759679328	2.9262464110004776
0.4846080768012801	2.4120175323285045
0.4846580776346273	1.7677532466167143
0.4847080784679745	1.06289368078211
0.4847580793013217	0.4063954916420451
0.484808080134669	-0.0924669354344731
0.4848580809680162	-0.3210580808858195
0.4849080818013634	-0.312547252447386
0.4849580826347106	-0.087576660501395
0.4850080834680578	0.212293066674633
0.485058084301405	0.4455971243712555
0.4851080851347523	0.4333458802500924
0.4851580859680995	0.1062475498330807
0.4852080868014467	-0.4951458656548878
0.4852580876347939	-1.3721957698022949
0.4853080884681411	-2.349899165551256
0.4853580893014884	-3.295452873524636
0.4854080901348356	-4.070495663459356
0.4854580909681829	-4.62284526995197
0.4855080918015301	-4.897176560092621
0.4855580926348773	-4.915579576764968
0.4856080934682245	-4.721406498644476
0.4856580943015717	-4.355580397798455
0.4857080951349189	-3.825230246686275
0.4857580959682662	-3.123124231320227
0.4858080968016134	-2.2670838357106886
0.4858580976349606	-1.295122056141978
0.4859080984683078	-0.2205122548480162
0.485958099301655	0.8761421502089698
0.4860081001350023	1.813572015973992
0.4860581009683495	2.555418554078597
0.4861081018016967	2.997175735713886
0.4861581026350439	3.010599110750362
0.4862081034683911	2.6688877272473457
0.4862581043017384	2.077777090149844
0.4863081051350856	1.3170329632793638
0.4863581059684329	0.5887930405063362
0.4864081068017801	-0.0124689330664004
0.4864581076351273	-0.2992699466040013
0.4865081084684745	-0.2588195290202578
0.4865581093018217	0.1555343135264576
0.4866081101351689	0.9174001171353772
0.4866581109685162	1.890668492449572
0.4867081118018634	2.95662871776971
0.4867581126352106	3.8996506833486695
0.4868081134685578	4.562894957524122
0.486858114301905	4.746575696164774
0.4869081151352523	4.388153367417241
0.4869581159685995	3.385890880521096
0.4870081168019467	1.8749344468872065
0.487058117635294	0.0216152890599615
0.4871081184686412	-1.8808724569216908
0.4871581193019884	-3.5842938834792544
0.4872081201353356	-4.770180764389263
0.4872581209686829	-5.282766165258276
0.4873081218020301	-5.052610585329348
0.4873581226353773	-4.263413457652565
0.4874081234687245	-3.082398263779657
0.4874581243020717	-1.847252845136209
0.4875081251354189	-0.8461949690705803
0.4875581259687662	-0.2892854316497742
0.4876081268021134	-0.2256894841536375
0.4876581276354606	-0.5425113255743264
0.4877081284688078	-1.0681622564990247
0.487758129302155	-1.440234649810347
0.4878081301355023	-1.5167115471216237
0.4878581309688495	-1.0050358273199516
0.4879081318021968	0.0259264015646155
0.487958132635544	1.450829277004923
0.4880081334688912	3.0333324596452584
0.4880581343022384	4.49194851770244
0.4881081351355856	5.5268689236251065
0.4881581359689328	6.0107091390645735
0.4882081368022801	5.8635125968531
0.4882581376356273	5.285205668872813
0.4883081384689745	4.463210264371321
0.4883581393023217	3.698846197177784
0.4884081401356689	3.172802266792764
0.4884581409690162	3.0978183338905625
0.4885081418023634	3.402104280965897
0.4885581426357106	3.94024559516116
0.4886081434690578	4.523928346015444
0.488658144302405	4.800377825701588
0.4887081451357523	4.563578777438137
0.4887581459690995	3.72553833442645
0.4888081468024468	2.253752429731364
0.488858147635794	0.374352543708469
0.4889081484691412	-1.5876985273107025
0.4889581493024884	-3.2776478385075047
0.4890081501358356	-4.282937580948193
0.4890581509691828	-4.397219306521339
0.4891081518025301	-3.600592486267399
0.4891581526358773	-2.101866283370338
0.4892081534692245	-0.3253620963292377
0.4892581543025717	1.2266695657098707
0.4893081551359189	1.9561302193542704
0.4893581559692662	1.533794564688396
0.4894081568026134	-0.1563593785653825
0.4894581576359606	-2.911724388121674
0.4895081584693079	-6.285823273936416
0.4895581593026551	-9.49968387887342
0.4896081601360023	-11.917901171870913
0.4896581609693495	-12.925198578273427
0.4897081618026968	-12.319163297699983
0.489758162636044	-10.218267424874528
0.4898081634693912	-7.101115351797854
0.4898581643027384	-3.678745659692368
0.4899081651360856	-0.7039900040935698
0.4899581659694328	1.2534624687932123
0.4900081668027801	1.9597265832523068
0.4900581676361273	1.502235991657517
0.4901081684694745	0.349106747304266
0.4901581693028217	-0.9151597086454344
0.4902081701361689	-1.6478724333409285
0.4902581709695162	-1.5014604005925147
0.4903081718028634	-0.4423074096938372
0.4903581726362107	1.2579027512237355
0.4904081734695579	3.074005780412233
0.4904581743029051	4.374047604222556
0.4905081751362523	4.765817561740747
0.4905581759695995	4.023708438770589
0.4906081768029467	2.3011875681771983
0.490658177636294	0.0336848619095053
0.4907081784696412	-2.186696105949032
0.4907581793029884	-3.8284983233617393
0.4908081801363356	-4.5988128003577255
0.4908581809696828	-4.440691759729514
0.4909081818030301	-3.609001055653648
0.4909581826363773	-2.575814125972093
0.4910081834697245	-1.7800856483732592
0.4910581843030717	-1.5362826447121165
0.4911081851364189	-1.9620924318744135
0.4911581859697662	-2.8556333600910198
0.4912081868031134	-3.920825943270999
0.4912581876364607	-4.7571094836989545
0.4913081884698079	-5.063572623548248
0.4913581893031551	-4.766630774675721
0.4914081901365023	-4.00509768571158
0.4914581909698495	-3.148028351357649
0.4915081918031967	-2.5460658390872037
0.491558192636544	-2.481386611860031
0.4916081934698912	-3.0550853306571875
0.4916581943032384	-4.181710523947529
0.4917081951365856	-5.555555179710669
0.4917581959699328	-6.822159027724275
0.4918081968032801	-7.703543420657265
0.4918581976366273	-8.065499238541296
0.4919081984699745	-7.905196737595217
0.4919581993033218	-7.442872520770125
0.492008200136669	-6.861716140881802
0.4920582009700162	-6.337442847106893
0.4921082018033634	-5.871929470868096
0.4921582026367107	-5.348617401765719
0.4922082034700579	-4.545529808650658
0.4922582043034051	-3.199643635934112
0.4923082051367523	-1.324500974188616
0.4923582059700995	0.9346723212548236
0.4924082068034467	3.219062105772505
0.492458207636794	5.034675962173661
0.4925082084701412	5.8636428147280215
0.4925582093034884	5.357170998616878
0.4926082101368356	3.5158078033315894
0.4926582109701828	0.6008708965426062
0.4927082118035301	-2.747036548848856
0.4927582126368773	-5.844926756883655
0.4928082134702246	-8.043280466564845
0.4928582143035718	-8.973058212497708
0.492908215136919	-8.555915788258414
0.4929582159702662	-7.050080658895736
0.4930082168036134	-5.008879222381905
0.4930582176369606	-2.984062769377145
0.4931082184703079	-1.4828336821732129
0.4931582193036551	-0.7102607768301911
0.4932082201370023	-0.6023825175529253
0.4932582209703495	-0.9122892629766708
0.4933082218036967	-1.2657621917412882
0.493358222637044	-1.3566509281223234
0.4934082234703912	-1.0669226046146512
0.4934582243037384	-0.4853256860451158
0.4935082251370856	0.2029112286776858
0.4935582259704328	0.583418683107964
0.4936082268037801	0.4397380635360574
0.4936582276371273	-0.336557152471542
0.4937082284704746	-1.5909845967644896
0.4937582293038218	-2.997769923773927
0.493808230137169	-4.141863473404271
0.4938582309705162	-4.57950761762476
0.4939082318038634	-4.092885801479119
0.4939582326372106	-2.6550611319291386
0.4940082334705579	-0.5487033926067534
0.4940582343039051	1.8109168023947229
0.4941082351372523	3.9364878486411694
0.4941582359705995	5.421803899740056
0.4942082368039467	6.040546250526539
0.494258237637294	5.816089811604774
0.4943082384706412	4.937321658417326
0.4943582393039884	3.756341366843347
0.4944082401373357	2.658785722183076
0.4944582409706829	1.916752165200679
0.4945082418040301	1.7222004693011377
0.4945582426373773	2.043381906334353
0.4946082434707246	2.712339721395106
0.4946582443040718	3.4961843410913787
0.494708245137419	4.108667094336955
0.4947582459707662	4.390805545045131
0.4948082468041134	4.214817248324554
0.4948582476374606	3.558695878534044
0.4949082484708079	2.5990824199460207
0.4949582493041551	1.5217171555438984
0.4950082501375023	0.5656411910431433
0.4950582509708495	-0.0813766814861578
0.4951082518041967	-0.3633389437466513
0.495158252637544	-0.2069547530507396
0.4952082534708912	0.2293657236128601
0.4952582543042385	0.7396609564640937
0.4953082551375857	1.070830292339342
0.4953582559709329	0.9768997263485374
0.4954082568042801	0.341087483259503
0.4954582576376273	-0.7702086141663462
0.4955082584709745	-2.242544851161816
0.4955582593043218	-3.715212441625941
0.495608260137669	-4.873278880258852
0.4956582609710162	-5.476708366669694
0.4957082618043634	-5.279628582957481
0.4957582626377106	-4.413491436009777
0.4958082634710579	-3.1676727517698917
0.4958582643044051	-1.9031575200104116
0.4959082651377523	-1.1406150533414827
0.4959582659710995	-1.1713304365813408
0.4960082668044467	-2.058443730549641
0.496058267637794	-3.658004668197377
0.4961082684711412	-5.520562792527826
0.4961582693044885	-7.164811904498768
0.4962082701378357	-8.026714224745442
0.4962582709711829	-7.82295412274085
0.4963082718045301	-6.554853813959847
0.4963582726378773	-4.503298389717203
0.4964082734712245	-2.267510487539939
0.4964582743045718	-0.3852541739342955
0.496508275137919	0.5963874075061163
0.4965582759712662	0.4694352534118626
0.4966082768046134	-0.628523070065187
0.4966582776379606	-2.331404308595915
0.4967082784713079	-4.000258680449456
0.4967582793046551	-5.138878344884048
0.4968082801380023	-5.383843959250188
0.4968582809713496	-4.615951931496019
0.4969082818046968	-3.035680348172652
0.496958282638044	-1.1734934279726357
0.4970082834713912	0.585892870728117
0.4970582843047385	1.7968452937664965
0.4971082851380857	2.34215370817743
0.4971582859714329	2.243001881576271
0.4972082868047801	1.864597673783167
0.4972582876381273	1.549225946232582
0.4973082884714745	1.58202902552959
0.4973582893048218	2.1075180535136715
0.497408290138169	2.971755050817822
0.4974582909715162	3.973890650591296
0.4975082918048634	4.801308824214912
0.4975582926382106	5.193925326261038
0.4976082934715579	5.054359485756845
0.4976582943049051	4.513843063202652
0.4977082951382524	3.7670410139571895
0.4977582959715996	3.15500070244961
0.4978082968049468	2.8450276057636943
0.497858297638294	2.8559805736925963
0.4979082984716412	3.06694585909069
0.4979582993049884	3.2273027364227613
0.4980083001383357	3.059112085853449
0.4980583009716829	2.4461037309124336
0.4981083018050301	1.4897321253618774
0.4981583026383773	0.36102172452805
0.4982083034717245	-0.4771644175505777
0.4982583043050718	-0.7286813289577181
0.498308305138419	-0.1642879312055347
0.4983583059717662	1.1438563023026855
0.4984083068051134	2.923357596369557
0.4984583076384607	4.67379221584824
0.4985083084718079	5.843474604455324
0.4985583093051551	6.155364006837784
0.4986083101385024	5.4616581815475165
0.4986583109718496	3.95728247350355
0.4987083118051968	2.1162261437412413
0.498758312638544	0.3662384507575316
0.4988083134718912	-0.7983767183003555
0.4988583143052384	-1.147595729600687
0.4989083151385857	-0.7497866756864442
0.4989583159719329	0.0408653638575018
0.4990083168052801	0.8668684015225038
0.4990583176386273	1.3433232366763672
0.4991083184719745	1.2828575355102567
0.4991583193053218	0.7206238159764982
0.499208320138669	-0.0019962562490911
0.4992583209720162	-0.5359047800021581
0.4993083218053635	-0.5192824741793031
0.4993583226387107	0.2635757013560371
0.4994083234720579	1.7021276369403644
0.4994583243054051	3.488707414338294
0.4995083251387524	5.171799655189329
0.4995583259720996	6.35855487380369
0.4996083268054468	6.802652449681849
0.499658327638794	6.374229592168861
0.4997083284721412	5.279120763014941
0.4997583293054884	3.831510229394041
0.4998083301388357	2.3417354357682285
0.4998583309721829	1.070032966902814
0.4999083318055301	0.0674435312231602
0.4999583326388773	-0.7295793591258495
0.5000083334722246	-1.4607076499036429
0.5000583343055718	-2.263939564964235
0.5001083351389191	-3.1573825061205807
0.5001583359722662	-3.993310805115702
0.5002083368056135	-4.534695799427039
0.5002583376389607	-4.51537739789679
0.5003083384723079	-3.769361351261985
0.5003583393056551	-2.331366440230143
0.5004083401390024	-0.4637551851309859
0.5004583409723495	1.3652553036137145
0.5005083418056968	2.750136588342099
0.5005583426390441	3.3363297265053347
0.5006083434723912	2.9775849309785167
0.5006583443057385	1.9169001504666303
0.5007083451390857	0.5075205863310484
0.500758345972433	-0.6806053056010698
0.5008083468057801	-1.3177385731214466
0.5008583476391274	-1.1536882841309049
0.5009083484724746	-0.3175807178008805
0.5009583493058218	0.8188717780216652
0.501008350139169	1.743655782293938
0.5010583509725163	2.003092735568152
0.5011083518058634	1.4434458764904103
0.5011583526392107	0.0506943481886717
0.5012083534725579	-1.745749794100573
0.5012583543059052	-3.4197069423283084
0.5013083551392523	-4.34610945828185
0.5013583559725996	-4.2209100387348535
0.5014083568059469	-2.955469018045727
0.501458357639294	-0.8172714419387918
0.5015083584726413	1.6861489590100456
0.5015583593059885	3.9545173763023698
0.5016083601393357	5.505303672797916
0.5016583609726829	6.052065816700117
0.5017083618060302	5.589096968178216
0.5017583626393773	4.393309813578352
0.5018083634727246	2.820709243385373
0.5018583643060718	1.229924094169554
0.501908365139419	-0.1668381811748933
0.5019583659727662	-1.2997027917825927
0.5020083668061135	-2.268993457609019
0.5020583676394607	-3.222202211513766
0.5021083684728079	-4.236650390924672
0.5021583693061552	-5.311425104706026
0.5022083701395024	-6.255490578819986
0.5022583709728496	-6.8644491794270746
0.5023083718061968	-6.881826117872341
0.5023583726395441	-6.252318580020201
0.5024083734728912	-4.998481829537162
0.5024583743062385	-3.4530860490866653
0.5025083751395857	-1.951303384152281
0.502558375972933	-0.862712270292232
0.5026083768062801	-0.4387684141005306
0.5026583776396274	-0.599812955853208
0.5027083784729746	-1.2547612232412038
0.5027583793063218	-2.019796377203944
0.502808380139669	-2.575574567123011
0.5028583809730163	-2.654112239941998
0.5029083818063634	-2.2494935209962805
0.5029583826397107	-1.525451960920237
0.503008383473058	-0.7502884764130244
0.5030583843064051	-0.2551306379074504
0.5031083851397524	-0.1573100254257003
0.5031583859730996	-0.5379620650426117
0.5032083868064469	-1.082962941931843
0.503258387639794	-1.4768108062100438
0.5033083884731413	-1.3628411095071975
0.5033583893064885	-0.5586952256055908
0.5034083901398357	0.9802135109378513
0.5034583909731829	2.959369139311345
0.5035083918065302	4.983504933781893
0.5035583926398773	6.514642907228505
0.5036083934732246	7.221732627891966
0.5036583943065718	6.95160575184704
0.503708395139919	5.793093975113624
0.5037583959732663	4.111123559366979
0.5038083968066135	2.356923219221897
0.5038583976399608	1.0614378892342955
0.5039083984733079	0.5091499477787946
0.5039583993066552	0.8463628720362284
0.5040084001400024	1.9076448413873932
0.5040584009733496	3.446818918616557
0.5041084018066968	5.034002578102898
0.5041584026400441	6.344865478046844
0.5042084034733912	7.119942773558153
0.5042584043067385	7.239771948481948
0.5043084051400857	6.682115802780039
0.504358405973433	5.553537044763977
0.5044084068067801	4.040343327919321
0.5044584076401274	2.3321856559859984
0.5045084084734746	0.6418372741915377
0.5045584093068218	-0.8105706448819571
0.5046084101401691	-1.8871536435985443
0.5046584109735163	-2.3807291339417107
0.5047084118068635	-2.249273478578184
0.5047584126402107	-1.5223803190398222
0.504808413473558	-0.3298358476039496
0.5048584143069051	0.9607674652734786
0.5049084151402524	2.0881632168869118
0.5049584159735996	2.73242306740776
0.5050084168069469	2.7329095682446862
0.505058417640294	2.089531935085661
0.5051084184736413	0.9851117021607751
0.5051584193069885	-0.1932552799692629
0.5052084201403357	-1.0873805840666442
0.5052584209736829	-1.476088215258023
0.5053084218070302	-1.245856424979894
0.5053584226403773	-0.6626894481580148
0.5054084234737246	0.0212789472078353
0.5054584243070719	0.3994553036923376
0.505508425140419	0.1736165659535699
0.5055584259737663	-0.7144026411537758
0.5056084268071135	-1.9624663793925976
0.5056584276404608	-3.1500157415051726
0.5057084284738079	-3.760896793146286
0.5057584293071552	-3.3996190340484533
0.5058084301405024	-1.914269687275968
0.5058584309738496	0.4037761350170542
0.5059084318071968	2.9828317772215494
0.5059584326405441	5.050444951954492
0.5060084334738912	5.956756806323055
0.5060584343072385	5.397519074836976
0.5061084351405857	3.3986402143194665
0.506158435973933	0.5660726837879944
0.5062084368072802	-2.324414205191804
0.5062584376406274	-4.373736717532325
0.5063084384739747	-5.003809372201773
0.5063584393073218	-3.9982085433778223
0.5064084401406691	-1.751382439877579
0.5064584409740163	1.057120736183247
0.5065084418073635	3.4760312614313262
0.5065584426407107	4.846531802394337
0.506608443474058	4.77869835837628
0.5066584443074051	3.382575343519962
0.5067084451407524	1.233888334135492
0.5067584459740996	-0.9324849890773892
0.5068084468074469	-2.3178456541079
0.506858447640794	-2.550082656760503
0.5069084484741413	-1.6787608662867144
0.5069584493074885	-0.1848205175905184
0.5070084501408357	1.2630730777617545
0.507058450974183	1.9228684127603024
0.5071084518075302	1.3907769370363807
0.5071584526408774	-0.3015342244807585
0.5072084534742246	-2.7296172027638725
0.5072584543075719	-5.101035154452707
0.507308455140919	-6.626398709641233
0.5073584559742663	-6.778963081743342
0.5074084568076135	-5.407655912288178
0.5074584576409608	-2.8882171275487662
0.5075084584743079	0.0704166930260504
0.5075584593076552	2.642218821529412
0.5076084601410024	4.1513345556788
0.5076584609743496	4.274862326050871
0.5077084618076968	3.205304411992081
0.5077584626410441	1.417302999586715
0.5078084634743912	-0.3686834358335125
0.5078584643077385	-1.506270273364946
0.5079084651410858	-1.6361131776496685
0.507958465974433	-0.7666266378836891
0.5080084668077802	0.6891402634956111
0.5080584676411274	2.2625797949772464
0.5081084684744747	3.421970723431932
0.5081584693078218	3.835867296859676
0.5082084701411691	3.4951973911518044
0.5082584709745163	2.6515951597133047
0.5083084718078635	1.7439587058002326
0.5083584726412107	1.12441143823174
0.508408473474558	1.0066495946021004
0.5084584743079051	1.3740473805783116
0.5085084751412524	1.8833042544744183
0.5085584759745996	2.265342951252565
0.5086084768079469	2.256633421420923
0.5086584776412941	1.7289663991998503
0.5087084784746413	0.8942036603178514
0.5087584793079886	0.1487338619339545
0.5088084801413357	-0.1551645215190042
0.508858480974683	0.3053553986394881
0.5089084818080302	1.4450545671510402
0.5089584826413774	2.9764731068073904
0.5090084834747246	4.368456885742535
0.5090584843080719	5.001341048878455
0.509108485141419	4.497043583260704
0.5091584859747663	2.733478127970905
0.5092084868081135	0.0188021901858339
0.5092584876414608	-3.0437888270208378
0.5093084884748079	-5.654136323883292
0.5093584893081552	-7.184233952847742
0.5094084901415024	-7.251246174785523
0.5094584909748496	-5.900070847157839
0.5095084918081969	-3.551578316557693
0.5095584926415441	-0.8508983180298091
0.5096084934748913	1.4809330494742836
0.5096584943082385	2.9939863553191577
0.5097084951415858	3.512505910597796
0.509758495974933	3.247827270250239
0.5098084968082802	2.583570617106076
0.5098584976416274	2.1083877138649534
0.5099084984749747	2.194878819105995
0.5099584993083218	2.9809278571634725
0.5100085001416691	4.326366968915062
0.5100585009750163	5.869264686467941
0.5101085018083635	7.117661719251104
0.5101585026417107	7.611998440686601
0.510208503475058	7.1568788044473965
0.5102585043084051	5.840381535495621
0.5103085051417524	3.918960877138165
0.5103585059750997	1.8946135440702556
0.5104085068084468	0.1378776786822894
0.5104585076417941	-0.9581930754507114
0.5105085084751413	-1.3025430209272184
0.5105585093084886	-0.8813684425599942
0.5106085101418357	0.0548937229470715
0.510658510975183	1.282546712302975
0.5107085118085302	2.4497070383912845
0.5107585126418774	3.312194516373521
0.5108085134752246	3.6890231934842257
0.5108585143085719	3.405110174412896
0.510908515141919	2.40190588936432
0.5109585159752663	0.7482604801237507
0.5110085168086135	-1.4438398797729706
0.5110585176419608	-3.958547868633441
0.511108518475308	-6.455457089489251
0.5111585193086552	-8.511645625568516
0.5112085201420025	-9.76949027960798
0.5112585209753496	-10.036972215205363
0.5113085218086969	-9.204556631410606
0.5113585226420441	-7.585801778676716
0.5114085234753913	-5.620258659912546
0.5114585243087385	-3.8748524167985137
0.5115085251420858	-2.9188720871377853
0.5115585259754329	-3.0297215113939058
0.5116085268087802	-4.173114905221322
0.5116585276421274	-5.986270104581413
0.5117085284754747	-7.856812137279199
0.5117585293088218	-9.112050848097695
0.5118085301421691	-9.23183876625883
0.5118585309755163	-8.011438241245711
0.5119085318088635	-5.658164052945849
0.5119585326422108	-2.695457066545196
0.512008533475558	0.1271798055438872
0.5120585343089052	2.1567012838129616
0.5121085351422524	3.055329542821408
0.5121585359755997	2.7435206603812223
0.5122085368089468	1.67984226114574
0.5122585376422941	0.4469642818767108
0.5123085384756413	-0.3220871972896876
0.5123585393089886	-0.1793028734325933
0.5124085401423357	0.990280207788404
0.512458540975683	2.858546145332672
0.5125085418090302	4.898177992867404
0.5125585426423774	6.446655577878038
0.5126085434757246	6.945103724194677
0.5126585443090719	6.236026429577602
0.512708545142419	4.523151139299417
0.5127585459757663	2.216523868573228
0.5128085468091136	-0.0040800684182351
0.5128585476424607	-1.658740134700662
0.512908548475808	-2.379342018443108
0.5129585493091552	-2.2489170739284483
0.5130085501425025	-1.5472555337766725
0.5130585509758496	-0.6908004167831413
0.5131085518091969	-0.1031262064489039
0.5131585526425441	0.0278083347365163
0.5132085534758913	-0.2887750246331682
0.5132585543092385	-0.8394151409333438
0.5133085551425858	-1.2984520389469625
0.5133585559759329	-1.3460892883383893
0.5134085568092802	-0.9639067830275266
0.5134585576426274	-0.2212219859376604
0.5135085584759747	0.4780039128250904
0.5135585593093219	0.8709030995660872
0.5136085601426691	0.6620707037946042
0.5136585609760164	-0.1204374941174167
0.5137085618093635	-1.3508934891998206
0.5137585626427108	-2.607136194821208
0.513808563476058	-3.4531159219806598
0.5138585643094052	-3.634869206598028
0.5139085651427524	-3.0356067888424745
0.5139585659760997	-1.8863162567466585
0.5140085668094468	-0.5395592264186331
0.5140585676427941	0.5749391005761986
0.5141085684761413	1.1548144349451703
0.5141585693094886	1.1406206426469063
0.5142085701428357	0.7703193625095826
0.514258570976183	0.31372242153891
0.5143085718095302	0.2221715358385826
0.5143585726428774	0.6798608034508253
0.5144085734762247	1.7610012994868105
0.5144585743095719	3.173934824589736
0.5145085751429191	4.407475964019057
0.5145585759762663	5.00950372290273
0.5146085768096136	4.692819324740112
0.5146585776429607	3.4335149540710166
0.514708578476308	1.44605038624278
0.5147585793096552	-0.7139566307656116
0.5148085801430025	-2.5115154437512976
0.5148585809763496	-3.523712866836834
0.5149085818096969	-3.668499987113932
0.5149585826430441	-3.089488361537072
0.5150085834763913	-2.14441722591641
0.5150585843097385	-1.4204290073298955
0.5151085851430858	-1.239429622356432
0.5151585859764329	-1.675587014707805
0.5152085868097802	-2.5414506968613138
0.5152585876431275	-3.47515314639983
0.5153085884764746	-3.970266996859218
0.5153585893098219	-3.716999235168221
0.5154085901431691	-2.6869370966202832
0.5154585909765164	-1.1470193623131837
0.5155085918098635	0.441253502802597
0.5155585926432108	1.5448477900217727
0.515608593476558	1.827307097819408
0.5156585943099052	1.2298869261348115
0.5157085951432524	0.0767287285137994
0.5157585959765997	-1.059532886812618
0.5158085968099468	-1.5959646397732454
0.5158585976432941	-1.0565596570086586
0.5159085984766413	0.6087850417824913
0.5159585993099886	3.0647257105921875
0.5160086001433358	5.7392845238907375
0.516058600976683	7.860644034008723
0.5161086018100303	8.841746959426963
0.5161586026433774	8.488881252248955
0.5162086034767247	6.962778545486358
0.5162586043100719	4.826916139802943
0.5163086051434191	2.8509230994802124
0.5163586059767663	1.6444888880454585
0.5164086068101136	1.6006450709693358
0.5164586076434607	2.681485182378637
0.516508608476808	4.452374028273995
0.5165586093101552	6.278934192483677
0.5166086101435025	7.491159782315236
0.5166586109768496	7.793338463608517
0.5167086118101969	7.132644929776265
0.5167586126435441	5.826780084493002
0.5168086134768913	4.403088760502554
0.5168586143102386	3.3968725977159857
0.5169086151435858	3.107750937372995
0.516958615976933	3.4766571222274223
0.5170086168102802	4.211853926112532
0.5170586176436275	4.773005411378297
0.5171086184769746	4.6348562116055465
0.5171586193103219	3.553143403408482
0.5172086201436691	1.6829862801657527
0.5172586209770164	-0.6470707955823689
0.5173086218103635	-2.7775367141753757
0.5173586226437108	-4.119613627550239
0.517408623477058	-4.377397798346991
0.5174586243104052	-3.4923158282310696
0.5175086251437524	-1.883097366526036
0.5175586259770997	-0.1014572529265235
0.5176086268104468	1.1970321351662494
0.5176586276437941	1.6638242752220087
0.5177086284771414	1.176211768469808
0.5177586293104885	0.0654258248255645
0.5178086301438358	-1.159012596153434
0.517858630977183	-1.947431797607455
0.5179086318105303	-1.8980433864435369
0.5179586326438774	-0.9319342100543232
0.5180086334772247	0.6105017861724722
0.5180586343105719	2.242604537849963
0.5181086351439191	3.4082365954200347
0.5181586359772663	3.703378320144756
0.5182086368106136	3.027545828084662
0.5182586376439607	1.648986043865238
0.518308638477308	0.0549232975224131
0.5183586393106552	-1.1671165131416232
0.5184086401440025	-1.4870735901886445
0.5184586409773497	-0.8086621328805088
0.5185086418106969	0.706571675000293
0.5185586426440442	2.5468979103314786
0.5186086434773913	4.1965129665194905
0.5186586443107386	5.125698301619572
0.5187086451440858	5.105497075901709
0.518758645977433	4.210357775304519
0.5188086468107802	2.872962788137305
0.5188586476441275	1.6170667814065158
0.5189086484774746	0.916843133188149
0.5189586493108219	1.0989372978538836
0.5190086501441691	2.140640824067492
0.5190586509775164	3.734023375893202
0.5191086518108635	5.536476561392616
0.5191586526442108	6.979138116709205
0.519208653477558	7.806643322724205
0.5192586543109052	7.883114128195482
0.5193086551442525	7.299761798389437
0.5193586559775997	6.333756023989849
0.519408656810947	5.309344923209789
0.5194586576442941	4.408291445514063
0.5195086584776414	3.7991764456036416
0.5195586593109885	3.4942980696967894
0.5196086601443358	3.3891499558173974
0.519658660977683	3.3784886815286823
0.5197086618110303	3.4690416966121407
0.5197586626443774	3.632769162080585
0.5198086634777247	4.012175975294531
0.5198586643110719	4.5549673038772776
0.5199086651444191	5.298937152378244
0.5199586659777663	6.1064043752562345
0.5200086668111136	6.706116120494827
0.5200586676444608	6.946174879858327
0.520108668477808	6.566634777730031
0.5201586693111553	5.619293224627493
0.5202086701445024	4.142577600972697
0.5202586709778497	2.420661236346727
0.5203086718111969	0.8425069071889473
0.5203586726445442	-0.3823565249573424
0.5204086734778913	-1.0301567434153294
0.5204586743112386	-1.1077426300130393
0.5205086751445858	-0.808102720649343
0.520558675977933	-0.2789389754971573
0.5206086768112802	0.2592950239477066
0.5206586776446275	0.7077072609271533
0.5207086784779746	1.0893422572560376
0.5207586793113219	1.4322192439138204
0.5208086801446691	1.8079973296711729
0.5208586809780164	2.26518909137911
0.5209086818113636	2.6618568203187447
0.5209586826447108	2.777990566000813
0.5210086834780581	2.440394703961464
0.5210586843114052	1.46156740786076
0.5211086851447525	-0.0975568636627651
0.5211586859780997	-1.9878194317095
0.5212086868114469	-3.7616233761831577
0.5212586876447941	-4.922960028025168
0.5213086884781414	-5.128260253016456
0.5213586893114885	-4.187818085834628
0.5214086901448358	-2.335931400313603
0.521458690978183	-0.0132267054250624
0.5215086918115303	2.201176458589757
0.5215586926448774	3.765983712518852
0.5216086934782247	4.345889446076692
0.5216586943115719	4.015739836550912
0.5217086951449191	3.095690276744312
0.5217586959782664	2.1528115732453807
0.5218086968116136	1.675664678218128
0.5218586976449608	1.9741230916584465
0.521908698478308	2.9316837490996663
0.5219586993116553	4.101584816376742
0.5220087001450024	4.871557567493816
0.5220587009783497	4.608327650374019
0.5221087018116969	3.055389168261436
0.5221587026450442	0.3234910405672041
0.5222087034783913	-2.947995288818669
0.5222587043117386	-5.857682029637223
0.5223087051450858	-7.415966411104744
0.522358705978433	-7.03752814880596
0.5224087068117802	-4.571525624438549
0.5224587076451275	-0.5498822864932368
0.5225087084784747	4.053784385308624
0.5225587093118219	8.02618504738203
0.5226087101451692	10.352737568953588
0.5226587109785163	10.48532123952587
0.5227087118118636	8.504739745473593
0.5227587126452108	5.08968126969668
0.5228087134785581	1.3550359165696704
0.5228587143119052	-1.593851113320287
0.5229087151452525	-2.9724954946344955
0.5229587159785997	-2.463182409228125
0.5230087168119469	-0.460986355438215
0.5230587176452941	2.219980660790631
0.5231087184786414	4.691001550338819
0.5231587193119885	6.11348221148702
0.5232087201453358	6.063025314350177
0.523258720978683	4.67496652141509
0.5233087218120303	2.4977848106241263
0.5233587226453775	0.3079152141913233
0.5234087234787247	-1.230059488616873
0.523458724312072	-1.69497514236072
0.5235087251454191	-1.032896611389727
0.5235587259787664	0.2933782164059359
0.5236087268121136	1.7330106913822836
0.5236587276454608	2.7563894714830925
0.523708728478808	2.996702163097511
0.5237587293121553	2.468413239670362
0.5238087301455024	1.4251863018338118
0.5238587309788497	0.3200773151721332
0.5239087318121969	-0.4641298622535581
0.5239587326455442	-0.7470031835725501
0.5240087334788913	-0.5604360140015381
0.5240587343122386	-0.2557300015897003
0.5241087351455858	-0.1725290775856315
0.524158735978933	-0.6537630415084255
0.5242087368122803	-1.8222480329850617
0.5242587376456275	-3.4794019970888783
0.5243087384789747	-5.259861974428757
0.5243587393123219	-6.681379834152479
0.5244087401456692	-7.401336683700723
0.5244587409790163	-7.380407463402156
0.5245087418123636	-6.726082714336161
0.5245587426457108	-5.803707809578907
0.5246087434790581	-5.052579246835191
0.5246587443124052	-4.784064142879856
0.5247087451457525	-5.061887352212873
0.5247587459790997	-5.626419419793315
0.5248087468124469	-6.0803728544479085
0.5248587476457941	-5.913954478540665
0.5249087484791414	-4.875074064898742
0.5249587493124886	-2.908625692789921
0.5250087501458358	-0.4727931493514247
0.5250587509791831	1.917954296223712
0.5251087518125303	3.615346071189915
0.5251587526458775	4.0534627465350255
0.5252087534792247	3.1043795997704877
0.525258754312572	1.0268803979731216
0.5253087551459191	-1.56850960906414
0.5253587559792664	-3.945067341621743
0.5254087568126136	-5.448937259655692
0.5254587576459608	-5.613253367346715
0.525508758479308	-4.501546006482575
0.5255587593126553	-2.450155791111671
0.5256087601460024	-0.0871368600151178
0.5256587609793497	1.9219375122850877
0.5257087618126969	3.156189705696937
0.5257587626460442	3.42790480766689
0.5258087634793914	2.898549966429936
0.5258587643127386	1.9389206981073728
0.5259087651460859	1.051721012526304
0.525958765979433	0.6168273694139312
0.5260087668127803	0.7792992019725578
0.5260587676461275	1.477454533895881
0.5261087684794747	2.3754608697968376
0.5261587693128219	3.21889727597333
0.5262087701461692	3.6896519383735775
0.5262587709795163	3.5950681918291467
0.5263087718128636	3.061260314994069
0.5263587726462108	2.2313987740032544
0.5264087734795581	1.3507774874624014
0.5264587743129052	0.5808031209030472
0.5265087751462525	0.0027721639437969
0.5265587759795997	-0.4480308191054082
0.5266087768129469	-0.8187066744490031
0.5266587776462942	-1.2368714497674749
0.5267087784796414	-1.5920337975153391
0.5267587793129886	-1.89516504392883
0.5268087801463358	-1.9196960449802445
0.5268587809796831	-1.5616299169332413
0.5269087818130302	-0.716054576806362
0.5269587826463775	0.492420040103815
0.5270087834797247	1.855023746908
0.527058784313072	3.031557063019534
0.5271087851464191	3.8270309106302567
0.5271587859797664	4.006491725596721
0.5272087868131136	3.647831969640572
0.5272587876464608	2.920930138139717
0.527308788479808	2.19360768172161
0.5273587893131553	1.6448689083204968
0.5274087901465025	1.516931600250167
0.5274587909798497	1.6796788634390474
0.527508791813197	1.9247742516721065
0.5275587926465442	1.987516706638814
0.5276087934798914	1.5344536051518876
0.5276587943132386	0.4957100250762626
0.5277087951465859	-0.9087841185169466
0.527758795979933	-2.3497274982046363
0.5278087968132803	-3.2961408914090904
0.5278587976466275	-3.40528740936126
0.5279087984799747	-2.4716042227350927
0.5279587993133219	-0.5780367660430711
0.5280088001466692	1.7985696913344198
0.5280588009800163	4.008008627287691
0.5281088018133636	5.49650388013124
0.5281588026467108	5.845075189111971
0.528208803480058	4.98628074058544
0.5282588043134053	3.200303789952491
0.5283088051467525	1.0751830363136792
0.5283588059800998	-0.824453388965485
0.5284088068134469	-1.9712562624642844
0.5284588076467942	-2.1689009500737604
0.5285088084801414	-1.5301363046772178
0.5285588093134886	-0.4715371765365408
0.5286088101468358	0.4411217703861817
0.5286588109801831	0.8281565948008104
0.5287088118135302	0.5038236759595255
0.5287588126468775	-0.5321343629411537
0.5288088134802247	-1.7879052682292351
0.528858814313572	-2.7953055340778743
0.5289088151469191	-3.1098042175637834
0.5289588159802664	-2.5925664476456136
0.5290088168136136	-1.1863505025134486
0.5290588176469608	0.6467996855580763
0.5291088184803081	2.433715081047541
0.5291588193136553	3.644080799398532
0.5292088201470025	3.947940457035703
0.5292588209803497	3.3408542374011527
0.529308821813697	1.9387504206859811
0.5293588226470441	0.2086649109331131
0.5294088234803914	-1.4302082125495863
0.5294588243137386	-2.616051626523849
0.5295088251470859	-3.1416130761139787
0.529558825980433	-3.071354674716778
0.5296088268137803	-2.5064314732186666
0.5296588276471275	-1.70181599629045
0.5297088284804747	-0.8008572791405456
0.5297588293138219	0.023421534824277
0.5298088301471692	0.8153135220919658
0.5298588309805164	1.5776748321859002
0.5299088318138636	2.298541249789356
0.5299588326472109	2.98118242323177
0.530008833480558	3.467012750131725
0.5300588343139053	3.626550873260062
0.5301088351472525	3.3980232799189825
0.5301588359805998	2.820566199155503
0.5302088368139469	2.0077077564421786
0.5302588376472942	1.224465574895457
0.5303088384806414	0.7750792824454068
0.5303588393139886	0.764076777171575
0.5304088401473358	1.1800506602353793
0.5304588409806831	1.8483274101816904
0.5305088418140302	2.3444508261750463
0.5305588426473775	2.3599965128935514
0.5306088434807247	1.7112456167412864
0.530658844314072	0.3770872717913078
0.5307088451474192	-1.254532206302285
0.5307588459807664	-2.679610132892021
0.5308088468141137	-3.32318491955587
0.5308588476474608	-2.7269806716893603
0.5309088484808081	-0.9170345621498064
0.5309588493141553	1.7991734947909364
0.5310088501475025	4.7686187079501545
0.5310588509808497	7.086640051100154
0.531108851814197	8.059361682064525
0.5311588526475441	7.334548801933718
0.5312088534808914	4.9994609340539
0.5312588543142386	1.6111452539360973
0.5313088551475859	-1.969663370683559
0.531358855980933	-4.769684747061094
0.5314088568142803	-6.123923300325552
0.5314588576476275	-5.816400991619151
0.5315088584809747	-4.061572923697232
0.531558859314322	-1.5074582395927236
0.5316088601476692	1.0432177538502314
0.5316588609810164	2.865410866672391
0.5317088618143636	3.5823513100831748
0.5317588626477109	3.3069297639011594
0.531808863481058	2.3985820120073784
0.5318588643144053	1.4832489124385493
0.5319088651477525	1.165019705562261
0.5319588659810998	1.722350572091938
0.5320088668144469	3.13239589809312
0.5320588676477942	4.973214292468573
0.5321088684811414	6.65143166004226
0.5321588693144886	7.636661486776306
0.5322088701478358	7.631857158848902
0.5322588709811831	6.654779696532456
0.5323088718145303	5.038120711686656
0.5323588726478775	3.3630530751372225
0.5324088734812248	2.208216032791574
0.532458874314572	1.8309843708338
0.5325088751479192	2.2292402545831447
0.5325588759812664	3.11939207420427
0.5326088768146137	4.030208287697029
0.5326588776479608	4.450200846743491
0.5327088784813081	4.168968247030847
0.5327588793146553	3.136003128162573
0.5328088801480025	1.7317106169966026
0.5328588809813497	0.3940772719069182
0.532908881814697	-0.3850557795826163
0.5329588826480441	-0.3398385908525699
0.5330088834813914	0.455899476995631
0.5330588843147386	1.682039556981842
0.5331088851480859	2.789523777341403
0.5331588859814331	3.306621656334096
0.5332088868147803	3.033398257659813
0.5332588876481276	1.9382048788116988
0.5333088884814747	0.4235104996214874
0.533358889314822	-0.9418185663222716
0.5334088901481692	-1.6639972460849335
0.5334588909815164	-1.4009185974627676
0.5335088918148636	-0.2720281527479887
0.5335588926482109	1.3575675803199356
0.533608893481558	2.8737767679102326
0.5336588943149053	3.594066208433796
0.5337088951482525	3.1909829860055563
0.5337588959815998	1.5336133140647727
0.5338088968149469	-0.8918542865059751
0.5338588976482942	-3.4914356821131376
0.5339088984816414	-5.41315919130569
0.5339588993149886	-6.001279373324652
0.5340089001483359	-5.003698453883784
0.5340589009816831	-2.4960450721394487
0.5341089018150303	0.8990866408122227
0.5341589026483775	4.423535396137145
0.5342089034817248	7.314991848627987
0.534258904315072	9.017724484224775
0.5343089051484192	9.272520841964424
0.5343589059817664	8.324005227690945
0.5344089068151137	6.474917064772844
0.5344589076484608	4.328181168124
0.5345089084818081	2.373523863633036
0.5345589093151553	0.8522738797812578
0.5346089101485025	-0.1397211532964152
0.5346589109818497	-0.791033524727754
0.534708911815197	-1.329700987175794
0.5347589126485442	-1.940140288697152
0.5348089134818914	-2.731609896652036
0.5348589143152387	-3.637903708964693
0.5349089151485859	-4.435924451534462
0.5349589159819331	-5.001556731152461
0.5350089168152803	-5.063186786268089
0.5350589176486276	-4.703172566250184
0.5351089184819747	-3.911725766149636
0.535158919315322	-2.9757479241799043
0.5352089201486692	-2.0683296447307638
0.5352589209820164	-1.4276629494017885
0.5353089218153636	-1.1180398606642887
0.5353589226487109	-1.170622307746427
0.535408923482058	-1.4600133616634934
0.5354589243154053	-1.82802636443501
0.5355089251487525	-2.208131846671148
0.5355589259820998	-2.4854626584771933
0.535608926815447	-2.702312094873736
0.5356589276487942	-2.8500074263343524
0.5357089284821415	-2.912642696044138
0.5357589293154886	-2.940092123922708
0.5358089301488359	-2.87810311612525
0.5358589309821831	-2.663268994221247
0.5359089318155303	-2.236854947820696
0.5359589326488775	-1.6402311307637445
0.5360089334822248	-0.95050503718236
0.5360589343155719	-0.1680890576603524
0.5361089351489192	0.5813950613314783
0.5361589359822664	1.2364724474139326
0.5362089368156137	1.817452701744409
0.5362589376489608	2.4199989983446244
0.5363089384823081	3.060746642430505
0.5363589393156553	3.840294452374366
0.5364089401490025	4.69123469369843
0.5364589409823498	5.553763474228048
0.536508941815697	6.23523973743773
0.5365589426490442	6.543643947646384
0.5366089434823914	6.401648760803862
0.5366589443157387	5.750740585452541
0.5367089451490858	4.735224380275609
0.5367589459824331	3.5690808126396094
0.5368089468157803	2.5491085617336084
0.5368589476491276	1.8353033067392772
0.5369089484824747	1.4765490700586343
0.536958949315822	1.3815084072893655
0.5370089501491692	1.3796991016440032
0.5370589509825164	1.1962351136127254
0.5371089518158636	0.670146333799376
0.5371589526492109	-0.1284012790263882
0.5372089534825581	-0.9615555929687348
0.5372589543159053	-1.4732590541648831
0.5373089551492526	-1.2581030066728531
0.5373589559825998	-0.1479440575785742
0.537408956815947	1.9014406178721663
0.5374589576492942	4.531471105142444
0.5375089584826415	7.12520025235284
0.5375589593159886	9.054617243633308
0.5376089601493359	9.71135870430636
0.5376589609826831	8.840396837945773
0.5377089618160303	6.631460078730135
0.5377589626493775	3.606335653119094
0.5378089634827248	0.55568029028735
0.5378589643160719	-1.669433846336202
0.5379089651494192	-2.4960490026944147
0.5379589659827664	-1.7188559521796725
0.5380089668161137	0.3938474091513949
0.5380589676494609	3.1988766519823755
0.5381089684828081	5.938842284145921
0.5381589693161554	7.877966431764038
0.5382089701495025	8.605998340434724
0.5382589709828498	8.08146075850087
0.538308971816197	6.672785860300403
0.5383589726495442	5.017350908773045
0.5384089734828914	3.643118804272669
0.5384589743162387	2.916543509675183
0.5385089751495858	2.913255575866838
0.5385589759829331	3.337475578509577
0.5386089768162803	3.712694917544189
0.5386589776496276	3.553829955336385
0.5387089784829747	2.5854587631060912
0.538758979316322	0.8388351871279276
0.5388089801496693	-1.402103035490564
0.5388589809830164	-3.50671094121172
0.5389089818163637	-4.912594686080736
0.5389589826497109	-5.225984774866166
0.5390089834830581	-4.359230473733684
0.5390589843164053	-2.608294481068557
0.5391089851497526	-0.5165648914185474
0.5391589859830997	1.2744713994475
0.539208986816447	2.248833176147931
0.5392589876497942	2.155741491703108
0.5393089884831415	1.0757718741519593
0.5393589893164886	-0.6070317163704311
0.5394089901498359	-2.3545728841210183
0.5394589909831831	-3.7286433083811854
0.5395089918165303	-4.359100050587726
0.5395589926498775	-4.216120475358228
0.5396089934832248	-3.5154255324401245
0.539658994316572	-2.565625730677779
0.5397089951499192	-1.718572742742022
0.5397589959832665	-1.1320300074966592
0.5398089968166137	-0.8414166962655204
0.5398589976499609	-0.6960147377814762
0.5399089984833081	-0.3938725372652787
0.5399589993166554	0.2093589739286647
0.5400090001500025	1.2138990705924162
0.5400590009833498	2.436281436760724
0.540109001816697	3.655113028367006
0.5401590026500442	4.521053595886615
0.5402090034833914	4.720863842675014
0.5402590043167387	4.2197231829901
0.5403090051500858	3.1779803938911857
0.5403590059834331	1.8449636940325893
0.5404090068167803	0.6043682380113706
0.5404590076501276	-0.2516497038562896
0.5405090084834748	-0.547566934302539
0.540559009316822	-0.2828219619005917
0.5406090101501693	0.2995336494211696
0.5406590109835164	0.8968743167586924
0.5407090118168637	1.2201661332425202
0.5407590126502109	1.1619915430779209
0.5408090134835581	0.7329314776479168
0.5408590143169053	0.1299157292539378
0.5409090151502526	-0.4063238585851848
0.5409590159835997	-0.6974733901422503
0.541009016816947	-0.6494016064038737
0.5410590176502942	-0.3544217465795323
0.5411090184836415	0.0237531382478438
0.5411590193169886	0.2391828783976085
0.5412090201503359	0.1809117500305638
0.5412590209836832	-0.222838293868807
0.5413090218170303	-0.6904773617598393
0.5413590226503776	-1.03863449199433
0.5414090234837248	-0.9692898937120792
0.541459024317072	-0.2916442656414987
0.5415090251504192	0.9548015257371818
0.5415590259837665	2.544707949928562
0.5416090268171136	4.048053205282289
0.5416590276504609	5.101152798922392
0.5417090284838081	5.347607118887319
0.5417590293171554	4.70225324090918
0.5418090301505025	3.322262898985181
0.5418590309838498	1.5868685292244278
0.541909031817197	0.0357318012752986
0.5419590326505442	-0.9557448048856544
0.5420090334838914	-1.0678051978687495
0.5420590343172387	-0.3610250700213975
0.542109035150586	0.9477287454126296
0.5421590359839331	2.440709086133795
0.5422090368172804	3.714504450621525
0.5422590376506276	4.416131742397311
0.5423090384839748	4.407944400203886
0.542359039317322	3.787433433666944
0.5424090401506693	2.834977626376081
0.5424590409840164	1.8634972005459576
0.5425090418173637	1.224215274797921
0.5425590426507109	1.0288601086628346
0.5426090434840581	1.264677767424082
0.5426590443174053	1.748838831241719
0.5427090451507526	2.2793065058787207
0.5427590459840997	2.5947636364175617
0.542809046817447	2.477641573938125
0.5428590476507942	1.9452381323254
0.5429090484841415	1.0575755393060633
0.5429590493174887	0.0005070803248355
0.5430090501508359	-1.0703112882026624
0.5430590509841832	-2.014353615192865
0.5431090518175303	-2.6709225676256896
0.5431590526508776	-3.0561246015941
0.5432090534842248	-3.0558570721625564
0.543259054317572	-2.753835770961998
0.5433090551509192	-2.0602375041577865
0.5433590559842665	-1.083874367027144
0.5434090568176136	0.1983349867014974
0.5434590576509609	1.5705257749282813
0.5435090584843081	2.896927796271637
0.5435590593176554	3.937256915205445
0.5436090601510025	4.48956810815731
0.5436590609843498	4.443503524086071
0.5437090618176971	3.777729435418937
0.5437590626510442	2.667046851394574
0.5438090634843915	1.3553631945177735
0.5438590643177387	0.1578338883437997
0.543909065151086	-0.6301941242501775
0.5439590659844331	-0.8956452336748743
0.5440090668177804	-0.6781310522312679
0.5440590676511275	-0.1927404747019561
0.5441090684844748	0.2446364361849735
0.544159069317822	0.2985239275311754
0.5442090701511693	-0.2489960517377324
0.5442590709845164	-1.391935245661099
0.5443090718178637	-2.908528365596237
0.5443590726512109	-4.493030154248488
0.5444090734845581	-5.659292361698008
0.5444590743179053	-6.07750841519594
0.5445090751512526	-5.576164836474106
0.5445590759845998	-4.24392416842471
0.544609076817947	-2.382231593202878
0.5446590776512943	-0.4573410895960855
0.5447090784846415	0.9993309950007774
0.5447590793179887	1.59685733175023
0.5448090801513359	1.1743208054073122
0.5448590809846832	-0.2315224206292259
0.5449090818180303	-2.348716579890816
0.5449590826513776	-4.699333897312154
0.5450090834847248	-6.850828395454002
0.545059084318072	-8.325632309070114
0.5451090851514192	-8.883065916054765
0.5451590859847665	-8.498693457749255
0.5452090868181136	-7.34218902127031
0.5452590876514609	-5.686509157809116
0.5453090884848081	-3.871907242977567
0.5453590893181554	-2.295836142931239
0.5454090901515026	-1.228838762787464
0.5454590909848498	-0.8246099349983562
0.5455090918181971	-1.0574780203512124
0.5455590926515442	-1.773253234173746
0.5456090934848915	-2.698275178131669
0.5456590943182387	-3.5176215949762573
0.5457090951515859	-3.86912825465453
0.5457590959849331	-3.6189380466684526
0.5458090968182804	-2.7031389641153005
0.5458590976516275	-1.2887040622656805
0.5459090984849748	0.3670766550324547
0.545959099318322	1.7859038298075025
0.5460091001516693	2.63964327142813
0.5460591009850164	2.57056598636974
0.5461091018183637	1.501577802428567
0.546159102651711	-0.2942844512194148
0.5462091034850581	-2.5094665086101
0.5462591043184054	-4.543469310689939
0.5463091051517526	-5.862954935513166
0.5463591059850998	-6.1701974815497245
0.546409106818447	-5.317937399756266
0.5464591076517943	-3.572552011170769
0.5465091084851414	-1.44047237694186
0.5465591093184887	0.4764460002905872
0.5466091101518359	1.636417924228783
0.5466591109851832	1.7134818065818913
0.5467091118185303	0.7696101210054863
0.5467591126518776	-0.8944828915607028
0.5468091134852248	-2.719571870930988
0.546859114318572	-4.071469486216664
0.5469091151519192	-4.516817711585697
0.5469591159852665	-3.8703745496149335
0.5470091168186137	-2.3198126428615504
0.5470591176519609	-0.3287577492593163
0.5471091184853082	1.445862350206172
0.5471591193186554	2.497364750086935
0.5472091201520026	2.551889738014553
0.5472591209853498	1.5953057449929695
0.5473091218186971	0.0105779585646189
0.5473591226520442	-1.5861486470495365
0.5474091234853915	-2.731178210585439
0.5474591243187387	-2.916829363782806
0.5475091251520859	-2.1298558632925246
0.5475591259854331	-0.5580512421050197
0.5476091268187804	1.2997056915051663
0.5476591276521275	2.819463808862416
0.5477091284854748	3.56409463983902
0.547759129318822	3.3276899346141446
0.5478091301521693	2.215881085010667
0.5478591309855165	0.5595511651054694
0.5479091318188637	-0.9991170314809243
0.547959132652211	-2.104984086602641
0.5480091334855581	-2.300315345296825
0.5480591343189054	-1.6641364260420817
0.5481091351522526	-0.3677814956478753
0.5481591359855998	1.10689797960445
0.548209136818947	2.354954293982324
0.5482591376522943	3.0907629384630573
0.5483091384856414	3.1573554137683337
0.5483591393189887	2.69715668804854
0.5484091401523359	2.094988944205549
0.5484591409856832	1.5691240945248108
0.5485091418190303	1.3648267164128605
0.5485591426523776	1.5602060890779952
0.5486091434857249	1.9395977613772195
0.548659144319072	2.231620204576405
0.5487091451524193	2.1167043770134746
0.5487591459857665	1.406209816034925
0.5488091468191137	0.1762566155303288
0.5488591476524609	-1.3638104603157182
0.5489091484858082	-2.809373191437845
0.5489591493191553	-3.7257088681208255
0.5490091501525026	-3.737594690428236
0.5490591509858498	-2.766624164621373
0.5491091518191971	-0.9595035858500532
0.5491591526525442	1.3201511919947746
0.5492091534858915	3.4739651668330347
0.5492591543192387	5.1278112694021605
0.5493091551525859	5.90041586886185
0.5493591559859331	5.72072293913296
0.5494091568192804	4.732045433980037
0.5494591576526276	3.2552861251746905
0.5495091584859748	1.6514146412642638
0.5495591593193221	0.2885394446251402
0.5496091601526693	-0.7079534745474761
0.5496591609860165	-1.275011590587493
0.5497091618193637	-1.5753925921854717
0.549759162652711	-1.7560456667503843
0.5498091634860581	-1.9436826334355932
0.5498591643194054	-2.2128535083869902
0.5499091651527526	-2.431215975468115
0.5499591659860998	-2.506510259494348
0.550009166819447	-2.2608500829064107
0.5500591676527943	-1.588869710906279
0.5501091684861414	-0.583222089301361
0.5501591693194887	0.6331470573319583
0.5502091701528359	1.7068568655852607
0.5502591709861832	2.354803343193233
0.5503091718195304	2.3325347679398982
0.5503591726528776	1.6097425128696417
0.5504091734862249	0.3072691323144556
0.550459174319572	-1.276594109750976
0.5505091751529193	-2.7774410827998306
0.5505591759862665	-3.8080921140928496
0.5506091768196137	-4.104724056463939
0.5506591776529609	-3.6181736641152775
0.5507091784863082	-2.490082669436087
0.5507591793196553	-1.0455968818982
0.5508091801530026	0.3265500451766542
0.5508591809863498	1.364050180587098
0.5509091818196971	1.7814806698972083
0.5509591826530442	1.5557182603743285
0.5510091834863915	0.8515815401368422
0.5510591843197388	-0.0730659016445294
0.5511091851530859	-0.9176327494442654
0.5511591859864332	-1.393629069371857
0.5512091868197804	-1.4057481195693151
0.5512591876531276	-0.970067588095903
0.5513091884864748	-0.2692596404838212
0.5513591893198221	0.4634657396934081
0.5514091901531692	0.9978716741621708
0.5514591909865165	1.2092480898800564
0.5515091918198637	1.0412792000282942
0.551559192653211	0.6750732812732827
0.5516091934865581	0.3173026817839564
0.5516591943199054	0.2734322647602871
0.5517091951532526	0.7260615502264708
0.5517591959865998	1.7491405619596891
0.551809196819947	3.2209031606402303
0.5518591976532943	4.87619489330685
0.5519091984866416	6.341504144559792
0.5519591993199887	7.2247761361263745
0.552009200153336	7.245849047690543
0.5520592009866832	6.407131392017689
0.5521092018200304	4.809978430595974
0.5521592026533776	2.884535311751008
0.5522092034867249	1.0854665915639934
0.552259204320072	-0.1076913239309127
0.5523092051534193	-0.3269237391242469
0.5523592059867665	0.5210918514863341
0.5524092068201137	2.308373843921763
0.5524592076534609	4.599328591981919
0.5525092084868082	6.8826877091629015
0.5525592093201553	8.667210247901274
0.5526092101535026	9.518491026992294
0.5526592109868498	9.284653352302293
0.552709211820197	8.13495730070623
0.5527592126535443	6.403691380890901
0.5528092134868915	4.497909666064711
0.5528592143202388	2.8717781452633298
0.5529092151535859	1.9184386819073571
0.5529592159869332	1.6910952893789457
0.5530092168202804	2.0603223469280243
0.5530592176536276	2.800352660886767
0.5531092184869748	3.5244316322880507
0.5531592193203221	3.925505610830442
0.5532092201536692	3.81774025236142
0.5532592209870165	3.1813153512299763
0.5533092218203637	2.2026350733274773
0.553359222653711	1.0456640438051394
0.5534092234870581	0.0359331720677108
0.5534592243204054	-0.7251290897078643
0.5535092251537527	-1.1117164210911763
0.5535592259870998	-1.2935564937010822
0.5536092268204471	-1.2701775968578306
0.5536592276537943	-1.3332159243482562
0.5537092284871415	-1.509007594982752
0.5537592293204887	-1.8353465164732088
0.553809230153836	-2.2315405420077794
0.5538592309871831	-2.5074507242315027
0.5539092318205304	-2.5938999432499514
0.5539592326538776	-2.3621431807153632
0.5540092334872249	-1.8529837174190045
0.554059234320572	-1.145042749260454
0.5541092351539193	-0.4202190067919499
0.5541592359872665	0.1276678068531203
0.5542092368206137	0.3708844753250859
0.5542592376539609	0.2776921060518733
0.5543092384873082	-0.0890034053894051
0.5543592393206555	-0.5869874415382496
0.5544092401540026	-1.0700236610041691
0.5544592409873499	-1.3334139838624952
0.554509241820697	-1.353208122903092
0.5545592426540443	-1.1057368821421578
0.5546092434873915	-0.7154709084511819
0.5546592443207388	-0.2888128921404797
0.5547092451540859	0.0302428424572217
0.5547592459874332	0.1596704114770197
0.5548092468207804	0.1805006819822809
0.5548592476541276	0.095909576200176
0.5549092484874748	0.0618508416382482
0.5549592493208221	0.205322862751397
0.5550092501541692	0.5424288545482132
0.5550592509875165	1.0475179394833511
0.5551092518208638	1.6162256961137906
0.555159252654211	2.0577678891611195
0.5552092534875582	2.2660813575847545
0.5552592543209054	2.110302592072722
0.5553092551542527	1.628428304798615
0.5553592559875998	0.8833889075269018
0.5554092568209471	0.1171007856565994
0.5554592576542943	-0.5640697620166337
0.5555092584876415	-0.8773148920181933
0.5555592593209887	-0.7737087402233492
0.555609260154336	-0.2529630848136197
0.5556592609876831	0.6183295840405831
0.5557092618210304	1.589031954809355
0.5557592626543776	2.4527814330113538
0.5558092634877249	2.988151345900297
0.555859264321072	3.090037081429858
0.5559092651544193	2.6276548988899786
0.5559592659877666	1.6789843837874046
0.5560092668211137	0.4140013825723669
0.556059267654461	-0.997796765290026
0.5561092684878082	-2.2596120774381725
0.5561592693211554	-3.166473286895253
0.5562092701545026	-3.5146068189807265
0.5562592709878499	-3.234172185440662
0.556309271821197	-2.3280958950205126
0.5563592726545443	-0.9421128050942592
0.5564092734878915	0.7181445865682581
0.5564592743212388	2.326907446921413
0.5565092751545859	3.612249856500717
0.5565592759879332	4.27882764735741
0.5566092768212804	4.158905561836471
0.5566592776546276	3.2104864265420305
0.5567092784879748	1.5829910659641886
0.5567592793213221	-0.4807661570249671
0.5568092801546694	-2.712992692399667
0.5568592809880165	-4.763150454899954
0.5569092818213638	-6.351972342494318
0.556959282654711	-7.317399383258687
0.5570092834880582	-7.620046952061254
0.5570592843214054	-7.397631637476802
0.5571092851547527	-6.851949169614518
0.5571592859880998	-6.185464612316186
0.5572092868214471	-5.576768211556175
0.5572592876547943	-5.197799190789815
0.5573092884881415	-5.011215705741972
0.5573592893214887	-4.899021468756959
0.557409290154836	-4.727993601564172
0.5574592909881831	-4.33026802859194
0.5575092918215304	-3.622213976559583
0.5575592926548777	-2.5980968707417955
0.5576092934882249	-1.3967146073545926
0.5576592943215721	-0.3048633381493675
0.5577092951549193	0.4436519001675645
0.5577592959882666	0.5818066552586832
0.5578092968216137	0.0713639538221792
0.557859297654961	-1.1123694307612289
0.5579092984883082	-2.7720889707929586
0.5579592993216554	-4.458230571020284
0.5580093001550026	-5.876061822879303
0.5580593009883499	-6.60770345413328
0.558109301821697	-6.458905291190441
0.5581593026550443	-5.3458314965163405
0.5582093034883915	-3.502818597052374
0.5582593043217388	-1.2075206093825732
0.5583093051550859	1.1061960802220892
0.5583593059884332	3.03115715390796
0.5584093068217805	4.262245133264362
0.5584593076551276	4.732199355863904
0.5585093084884749	4.458350011300741
0.5585593093218221	3.7105104790829664
0.5586093101551693	2.7764652389783246
0.5586593109885165	1.954024230237996
0.5587093118218638	1.476367606173555
0.558759312655211	1.3416178411040396
0.5588093134885582	1.5164599313982852
0.5588593143219054	1.7572005848366905
0.5589093151552527	1.81831806968678
0.5589593159885998	1.5991020378137626
0.5590093168219471	0.9282284296840662
0.5590593176552943	-0.0491883227468097
0.5591093184886415	-1.196414361348597
0.5591593193219887	-2.2632558261862648
0.559209320155336	-3.029867298325027
0.5592593209886833	-3.302476927484568
0.5593093218220304	-3.105311895866527
0.5593593226553777	-2.4662289258371084
0.5594093234887249	-1.5637899259431878
0.5594593243220721	-0.6540329997528622
0.5595093251554193	0.1534804815080339
0.5595593259887666	0.70125794417809
0.5596093268221137	0.990810078697698
0.559659327655461	1.0318914000968258
0.5597093284888082	0.945807883085268
0.5597593293221554	0.7191130342003422
0.5598093301555026	0.4173436742332457
0.5598593309888499	2.6783535725383167e-05
0.559909331822197	-0.5765954025544406
0.5599593326555443	-1.2811725048274236
0.5600093334888916	-2.08581368474398
0.5600593343222388	-2.8792529786072856
0.560109335155586	-3.5654803507241866
0.5601593359889332	-3.919353155188712
0.5602093368222805	-3.92808803068782
0.5602593376556276	-3.618842331911031
0.5603093384889749	-3.073645307428074
0.5603593393223221	-2.597603976640039
0.5604093401556693	-2.3403889865266674
0.5604593409890165	-2.560427554888794
0.5605093418223638	-3.216294941920587
0.560559342655711	-4.230140645018089
0.5606093434890582	-5.332940814628536
0.5606593443224054	-6.161217037461738
0.5607093451557527	-6.451987782741669
0.5607593459890998	-6.062057079540354
0.5608093468224471	-5.064832852776209
0.5608593476557944	-3.685788551869511
0.5609093484891415	-2.3394139683681194
0.5609593493224888	-1.40405039508356
0.561009350155836	-1.1474218339070752
0.5610593509891832	-1.629014643726812
0.5611093518225304	-2.6864524791564444
0.5611593526558777	-3.92824863321238
0.5612093534892248	-4.905008523500994
0.5612593543225721	-5.276170036671722
0.5613093551559193	-4.854518401538458
0.5613593559892666	-3.708583227330248
0.5614093568226137	-2.157970210767937
0.561459357655961	-0.5817338897829654
0.5615093584893082	0.5760015548545905
0.5615593593226554	1.051175141956992
0.5616093601560026	0.922124612559286
0.5616593609893499	0.4153059869684591
0.5617093618226972	-0.055906447350265
0.5617593626560443	-0.0384984561987207
0.5618093634893916	0.7676183734971529
0.5618593643227388	2.35687898439464
0.561909365156086	4.507418300956616
0.5619593659894332	6.691616923045433
0.5620093668227805	8.303806664894793
0.5620593676561276	8.886917480728272
0.5621093684894749	8.22993242383493
0.5621593693228221	6.388998622623146
0.5622093701561693	3.8376089727832254
0.5622593709895165	1.1735362961149067
0.5623093718228638	-0.9729294516800152
0.5623593726562109	-2.119927706531516
0.5624093734895582	-2.111697434281842
0.5624593743229055	-1.1263079808286451
0.5625093751562527	0.344155585505254
0.5625593759895999	1.751795102643376
0.5626093768229471	2.565303000868566
0.5626593776562944	2.443539088457472
0.5627093784896415	1.375794884792476
0.5627593793229888	-0.3014788712386993
0.562809380156336	-2.1581848905756806
0.5628593809896832	-3.6922948023470745
0.5629093818230304	-4.5443022436810105
0.5629593826563777	-4.520127761179954
0.5630093834897248	-3.814179411009716
0.5630593843230721	-2.8052956243376714
0.5631093851564193	-1.886068134466273
0.5631593859897666	-1.547868736629345
0.5632093868231137	-1.9316664048630792
0.563259387656461	-3.063998690009911
0.5633093884898083	-4.609459053467466
0.5633593893231554	-6.139639377827337
0.5634093901565027	-7.153633246065313
0.5634593909898499	-7.280218965082108
0.5635093918231971	-6.392117824527294
0.5635593926565443	-4.575032636331822
0.5636093934898916	-2.1934353808966622
0.5636593943232387	0.2410251416456272
0.563709395156586	2.185884795166359
0.5637593959899332	3.302758693555585
0.5638093968232805	3.3081176396836063
0.5638593976566276	2.3235103874724747
0.5639093984899749	0.6188559577640773
0.5639593993233221	-1.306968037834297
0.5640094001566693	-3.0175267238995804
0.5640594009900165	-4.082218232409794
0.5641094018233638	-4.236853056190002
0.564159402656711	-3.5578661643660325
0.5642094034900582	-2.23886121577284
0.5642594043234055	-0.6668741942863807
0.5643094051567527	0.700950004469226
0.5643594059900999	1.477380193541005
0.5644094068234471	1.4565577111513488
0.5644594076567944	0.6024094518270555
0.5645094084901415	-0.8341034732286329
0.5645594093234888	-2.4973338027461347
0.564609410156836	-3.9112720429558574
0.5646594109901832	-4.728260789360313
0.5647094118235304	-4.713246676069312
0.5647594126568777	-3.864933099950582
0.5648094134902248	-2.404175515609752
0.5648594143235721	-0.662423204208352
0.5649094151569194	0.880372171077265
0.5649594159902666	1.9147248028746329
0.5650094168236138	2.161138034799229
0.565059417656961	1.6716548349582994
0.5651094184903083	0.5863666146421962
0.5651594193236554	-0.7457170425693216
0.5652094201570027	-2.002279237848464
0.5652594209903499	-2.863502967716034
0.5653094218236971	-3.182721533017808
0.5653594226570443	-2.9258795303500427
0.5654094234903916	-2.180333926039516
0.5654594243237387	-1.1273488836136236
0.565509425157086	0.0273319231271
0.5655594259904332	1.227517944165713
0.5656094268237805	2.387563016000253
0.5656594276571276	3.5291501908391147
0.5657094284904749	4.657098526160755
0.5657594293238222	5.767403904052736
0.5658094301571693	6.783615396679163
0.5658594309905166	7.506774657919156
0.5659094318238638	7.84749965950649
0.565959432657211	7.602794820682711
0.5660094334905582	6.783622253558814
0.5660594343239055	5.448859560660756
0.5661094351572526	3.7782597755198015
0.5661594359905999	2.0151853731280456
0.5662094368239471	0.3823545801794888
0.5662594376572944	-0.9901895668492822
0.5663094384906415	-2.0922922674038373
0.5663594393239888	-2.9616157838329142
0.566409440157336	-3.785412957912359
0.5664594409906832	-4.59792569662909
0.5665094418240304	-5.394910679269038
0.5665594426573777	-6.048869267288918
0.566609443490725	-6.289464564403957
0.5666594443240721	-5.902910703902815
0.5667094451574194	-4.766307302229404
0.5667594459907666	-2.9575688648559737
0.5668094468241138	-0.7812181133871129
0.566859447657461	1.2124031312044423
0.5669094484908083	2.451022811541228
0.5669594493241554	2.442620498022685
0.5670094501575027	0.960405870965802
0.5670594509908499	-1.815391254995987
0.5671094518241971	-5.364199798682968
0.5671594526575443	-8.938616058274667
0.5672094534908916	-11.657238498391155
0.5672594543242387	-12.900172270758707
0.567309455157586	-12.397141766142024
0.5673594559909333	-10.285696249847495
0.5674094568242805	-7.051632535922904
0.5674594576576277	-3.585672349823664
0.5675094584909749	-0.5637844547479601
0.5675594593243222	1.3394241848817117
0.5676094601576693	1.967503589453854
0.5676594609910166	1.4989074790913222
0.5677094618243638	0.4186799808438334
0.567759462657711	-0.6589757386286033
0.5678094634910582	-1.2075046616581493
0.5678594643244055	-0.9579627518866964
0.5679094651577526	0.0363436129673583
0.5679594659910999	1.4484857605739725
0.5680094668244471	2.805821369274697
0.5680594676577944	3.6117492945104623
0.5681094684911415	3.587246324776934
0.5681594693244888	2.7760806535060194
0.5682094701578361	1.3686451264116526
0.5682594709911832	-0.1868176657711142
0.5683094718245305	-1.4908636252494107
0.5683594726578777	-2.2288377155660144
0.568409473491225	-2.3484632318012446
0.5684594743245721	-2.0122794642354376
0.5685094751579194	-1.5165940020651316
0.5685594759912665	-1.2206836214765633
0.5686094768246138	-1.338598688101102
0.568659477657961	-1.897837950768654
0.5687094784913083	-2.8239819148148824
0.5687594793246554	-3.7895719936149015
0.5688094801580027	-4.4796898165762284
0.5688594809913499	-4.717123337353876
0.5689094818246971	-4.356441638296069
0.5689594826580443	-3.560864368493309
0.5690094834913916	-2.5090940483325888
0.5690594843247389	-1.4817115265553555
0.569109485158086	-0.6920215505696821
0.5691594859914333	-0.2338128308237584
0.5692094868247805	-0.0847343817018519
0.5692594876581277	-0.1536680936107363
0.5693094884914749	-0.3415187700456767
0.5693594893248222	-0.5504873835532661
0.5694094901581693	-0.7517146544056137
0.5694594909915166	-1.073481479087711
0.5695094918248638	-1.5754152338897964
0.569559492658211	-2.2139071641346297
0.5696094934915582	-3.0087230057021674
0.5696594943249055	-3.7498905272917713
0.5697094951582526	-4.183135382029413
0.5697594959915999	-4.07071322811954
0.5698094968249472	-3.275258667143783
0.5698594976582944	-1.8476436272083032
0.5699094984916416	0.0306242321860555
0.5699594993249888	2.02454941934302
0.5700095001583361	3.782915534454321
0.5700595009916832	4.950222766725486
0.5701095018250305	5.394316008076763
0.5701595026583777	5.107833204479344
0.570209503491725	4.377784781508634
0.5702595043250721	3.358828992128838
0.5703095051584194	2.3680311513400643
0.5703595059917665	1.6161696134664665
0.5704095068251138	1.0540764619683567
0.570459507658461	0.596250065505886
0.5705095084918083	0.1754364439905673
0.5705595093251554	-0.3800206837710037
0.5706095101585027	-1.0315369040284017
0.57065951099185	-1.6418776601320912
0.5707095118251971	-2.0521583283843947
0.5707595126585444	-2.020348706838748
0.5708095134918916	-1.4807148247052773
0.5708595143252388	-0.4382507782873437
0.570909515158586	0.8930143155262197
0.5709595159919333	2.1629904769706103
0.5710095168252804	3.016677003672156
0.5710595176586277	3.233618235921272
0.5711095184919749	2.7721030978181727
0.5711595193253222	1.8167604825201489
0.5712095201586693	0.7118601734970242
0.5712595209920166	-0.1231887623514579
0.5713095218253638	-0.4331777665999062
0.571359522658711	-0.0396935648171165
0.5714095234920582	0.8916282381936385
0.5714595243254055	2.07196588163501
0.5715095251587528	3.073705141636387
0.5715595259920999	3.5069275144773213
0.5716095268254472	3.1985485994045133
0.5716595276587944	2.190863732993787
0.5717095284921416	0.7545014590938297
0.5717595293254888	-0.6629579325666559
0.5718095301588361	-1.700314894675259
0.5718595309921832	-1.958543103639668
0.5719095318255305	-1.428343537213071
0.5719595326588777	-0.3066618177210568
0.5720095334922249	1.1212563753013278
0.5720595343255721	2.406756009959282
0.5721095351589194	3.2468201495074887
0.5721595359922665	3.4677514962329603
0.5722095368256138	3.1077808990439872
0.5722595376589611	2.344681159894197
0.5723095384923083	1.4412730600661787
0.5723595393256555	0.6864736560447331
0.5724095401590027	0.2100900127159061
0.57245954099235	0.0269389453533497
0.5725095418256971	-0.0119001902822888
0.5725595426590444	-0.034211714385365
0.5726095434923916	-0.1971260491487414
0.5726595443257388	-0.6073633631777133
0.572709545159086	-1.1851998966350448
0.5727595459924333	-1.8000952674321269
0.5728095468257804	-2.360798761171244
0.5728595476591277	-2.649193256509708
0.5729095484924749	-2.619540892392175
0.5729595493258222	-2.326055779965874
0.5730095501591693	-1.8465438072843492
0.5730595509925166	-1.3405127365478935
0.5731095518258639	-0.877137436991829
0.573159552659211	-0.5677902518592015
0.5732095534925583	-0.4630749959036895
0.5732595543259055	-0.4953628203160929
0.5733095551592527	-0.6808764149054753
0.5733595559925999	-1.0078714936337392
0.5734095568259472	-1.478712665677407
0.5734595576592943	-2.1157394168928256
0.5735095584926416	-2.9041768684917613
0.5735595593259888	-3.748752966441382
0.5736095601593361	-4.536667968398259
0.5736595609926832	-5.077592154044438
0.5737095618260305	-5.159495329955615
0.5737595626593777	-4.708338334945754
0.5738095634927249	-3.6848633062697314
0.5738595643260722	-2.2788570644104365
0.5739095651594194	-0.7332375399578682
0.5739595659927667	0.6859500330981647
0.5740095668261138	1.7257197467232723
0.5740595676594611	2.249140037677625
0.5741095684928083	2.283888522002052
0.5741595693261555	2.016303390126576
0.5742095701595027	1.59020690671993
0.57425957099285	1.2398272451298624
0.5743095718261971	1.039601287866336
0.5743595726595444	0.9503453426449834
0.5744095734928916	0.8766833227284695
0.5744595743262388	0.6166307353730289
0.574509575159586	0.0925918105752734
0.5745595759929333	-0.6407603358237466
0.5746095768262804	-1.4117048511800223
0.5746595776596277	-1.9359898204154016
0.574709578492975	-1.8850631580089976
0.5747595793263222	-1.1675976622773254
0.5748095801596694	0.2781323956539663
0.5748595809930166	2.0655930874614525
0.5749095818263639	3.8411925051374864
0.574959582659711	5.087655425534921
0.5750095834930583	5.43956162407345
0.5750595843264055	4.789042081994758
0.5751095851597527	3.316145420404137
0.5751595859930999	1.4482755817625206
0.5752095868264472	-0.2751100736988544
0.5752595876597943	-1.3935694398636362
0.5753095884931416	-1.6783915007164976
0.5753595893264888	-1.2007166809532248
0.5754095901598361	-0.4084459119782755
0.5754595909931832	0.2447227352056834
0.5755095918265305	0.2451085919214867
0.5755595926598778	-0.6657225753302661
0.5756095934932249	-2.3855990685145385
0.5756595943265722	-4.453603751769302
0.5757095951599194	-6.363931399882744
0.5757595959932666	-7.354392130936308
0.5758095968266138	-7.103028332659344
0.5758595976599611	-5.523323495723371
0.5759095984933083	-3.004649825475844
0.5759595993266555	-0.147649002459171
0.5760096001600027	2.2573528177704945
0.57605960099335	3.681406443059655
0.5761096018266971	3.830298315057684
0.5761596026600444	2.863423117586559
0.5762096034933916	1.2305040095660176
0.5762596043267388	-0.4308111855181934
0.5763096051600861	-1.5486671043625857
0.5763596059934333	-1.8421542509470523
0.5764096068267806	-1.306048645622636
0.5764596076601277	-0.3084110113965491
0.576509608493475	0.6745216458549963
0.5765596093268222	1.207827947291903
0.5766096101601694	1.0897638324213723
0.5766596109935166	0.3472153855441433
0.5767096118268639	-0.6016653841660788
0.576759612660211	-1.335015743961714
0.5768096134935583	-1.4337143377985826
0.5768596143269055	-0.7414429541582855
0.5769096151602527	0.5743365989088525
0.5769596159935999	2.0922072691048763
0.5770096168269472	3.259045958813702
0.5770596176602943	3.59028924065799
0.5771096184936416	2.9458812709079254
0.5771596193269889	1.40554982197419
0.5772096201603361	-0.541476777239261
0.5772596209936833	-2.276662974204158
0.5773096218270305	-3.2569979172913985
0.5773596226603778	-3.195597913229558
0.5774096234937249	-2.2364366224515355
0.5774596243270722	-0.840579193618154
0.5775096251604194	0.3691294315581619
0.5775596259937666	0.7429956388282661
0.5776096268271138	-0.0684985512203499
0.5776596276604611	-1.9991394860763596
0.5777096284938082	-4.633740923099707
0.5777596293271555	-7.188150275356154
0.5778096301605027	-8.972910005577344
0.57785963099385	-9.504942741236272
0.5779096318271971	-8.640606974692718
0.5779596326605444	-6.772466735183868
0.5780096334938917	-4.59520486695104
0.5780596343272388	-2.857342652724212
0.5781096351605861	-2.1991004633559164
0.5781596359939333	-2.876756443954716
0.5782096368272805	-4.6031617060385015
0.5782596376606277	-6.819042891992285
0.578309638493975	-8.69274248487859
0.5783596393273222	-9.505299864445286
0.5784096401606694	-8.85289351389176
0.5784596409940166	-6.813170338124936
0.5785096418273639	-3.870370394105279
0.578559642660711	-0.8088834796125424
0.5786096434940583	1.4816250337610808
0.5786596443274055	2.379167012479009
0.5787096451607527	1.57792483169581
0.5787596459941	-0.6864504117212369
0.5788096468274472	-3.897207373210041
0.5788596476607945	-7.278815419099453
0.5789096484941416	-10.076436958184775
0.5789596493274889	-11.711244542149998
0.579009650160836	-11.961254111351776
0.5790596509941833	-10.909635974165129
0.5791096518275305	-8.944431744643506
0.5791596526608778	-6.574293315436344
0.5792096534942249	-4.270758722990001
0.5792596543275722	-2.44107687162513
0.5793096551609194	-1.3158263303110336
0.5793596559942666	-0.9131655198581804
0.5794096568276138	-1.1454262707422278
0.5794596576609611	-1.839842829064048
0.5795096584943082	-2.803591972215425
0.5795596593276555	-3.753105914610625
0.5796096601610028	-4.578570578926454
0.57965966099435	-5.099468426474833
0.5797096618276972	-5.230547734705941
0.5797596626610444	-4.977009288777489
0.5798096634943917	-4.445072191383189
0.5798596643277388	-3.7835095822726448
0.5799096651610861	-3.2020606827109006
0.5799596659944333	-2.9004875050181136
0.5800096668277805	-2.931742801912527
0.5800596676611277	-3.2992332974652285
0.580109668494475	-3.799589813567333
0.5801596693278221	-4.151238071869953
0.5802096701611694	-4.030802696462611
0.5802596709945166	-3.2753651100194654
0.5803096718278639	-1.797876496042281
0.580359672661211	0.1437529566019061
0.5804096734945583	2.2169566092665804
0.5804596743279056	3.8788596986276342
0.5805096751612527	4.716773985671877
0.5805596759946	4.548636235808335
0.5806096768279472	3.4311080211140084
0.5806596776612944	1.6907784974412092
0.5807096784946416	-0.1050365768378572
0.5807596793279889	-1.4184161830281696
0.580809680161336	-1.813363760623662
0.5808596809946833	-1.1813916699081963
0.5809096818280305	0.2985372109166804
0.5809596826613778	2.128117623743212
0.5810096834947249	3.7447542789705706
0.5810596843280722	4.643578143937315
0.5811096851614194	4.541051511222999
0.5811596859947666	3.458698757813353
0.5812096868281139	1.7635186413422246
0.5812596876614611	-0.0411560562456273
0.5813096884948084	-1.4550401718927155
0.5813596893281555	-2.199771012955777
0.5814096901615028	-2.107642774803201
0.58145969099485	-1.4175949010208222
0.5815096918281972	-0.4937840477368282
0.5815596926615444	0.3066288654987965
0.5816096934948917	0.7109075850199768
0.5816596943282388	0.6566885430262666
0.5817096951615861	0.3048954943892712
0.5817596959949333	-0.1155105214189972
0.5818096968282805	-0.3663633519823116
0.5818596976616277	-0.3209720907344425
0.581909698494975	-0.0320313559119989
0.5819596993283221	0.2557362305944023
0.5820097001616694	0.2546892532706347
0.5820597009950167	-0.2484039590888415
0.5821097018283639	-1.2968516684010056
0.5821597026617111	-2.7083195859867315
0.5822097034950583	-4.1159003058918175
0.5822597043284056	-5.108804171527881
0.5823097051617527	-5.3906421783435166
0.5823597059951	-4.806295271151567
0.5824097068284472	-3.59388163977726
0.5824597076617944	-2.1245735117501177
0.5825097084951416	-0.9292987041443184
0.5825597093284889	-0.4024656630290397
0.582609710161836	-0.7529653384649734
0.5826597109951833	-1.867303216781592
0.5827097118285305	-3.3465133474587043
0.5827597126618778	-4.764873818814972
0.5828097134952249	-5.522423757836953
0.5828597143285722	-5.48568318663749
0.5829097151619195	-4.693030271934535
0.5829597159952666	-3.464167837548882
0.5830097168286139	-2.2120777144053885
0.5830597176619611	-1.419301427683879
0.5831097184953083	-1.2596287480960082
0.5831597193286555	-1.6293967880897844
0.5832097201620028	-2.1908191292395784
0.58325972099535	-2.5455502271336776
0.5833097218286972	-2.289290038548264
0.5833597226620444	-1.2113364974275085
0.5834097234953917	0.4569499899207309
0.5834597243287388	2.2859091233603683
0.5835097251620861	3.6404969973050942
0.5835597259954333	4.031598367917959
0.5836097268287805	3.1811685920251302
0.5836597276621278	1.2715559234682687
0.583709728495475	-1.1629960435305526
0.5837597293288223	-3.449289597849225
0.5838097301621694	-4.83160815876508
0.5838597309955167	-4.814878574464558
0.5839097318288639	-3.379899705234904
0.5839597326622111	-0.8762365827283071
0.5840097334955583	1.9895872988814296
0.5840597343289056	4.457636154454075
0.5841097351622527	5.902896218697474
0.5841597359956	6.084629254270838
0.5842097368289472	5.112433061548934
0.5842597376622944	3.4104595635318864
0.5843097384956416	1.6199191416150875
0.5843597393289889	0.2475671809293298
0.584409740162336	-0.4638758974250504
0.5844597409956833	-0.5418717601681243
0.5845097418290306	-0.3113807000619679
0.5845597426623778	-0.1920349798870055
0.584609743495725	-0.550354753900657
0.5846597443290722	-1.5766334267183462
0.5847097451624195	-3.0286081732460937
0.5847597459957666	-4.548652046996366
0.5848097468291139	-5.605434584623337
0.5848597476624611	-5.818662853094963
0.5849097484958083	-4.991879519670843
0.5849597493291555	-3.254616432582346
0.5850097501625028	-1.0891621704661896
0.58505975099585	1.0584466228481704
0.5851097518291972	2.669502681511703
0.5851597526625444	3.449474171301488
0.5852097534958917	3.425705336245552
0.5852597543292388	2.798303538286536
0.5853097551625861	1.927627344616301
0.5853597559959334	1.182227539608875
0.5854097568292805	0.7851422694597976
0.5854597576626278	0.7557662212532841
0.585509758495975	0.9440837036503172
0.5855597593293222	1.1883767184460523
0.5856097601626694	1.3273826754179034
0.5856597609960167	1.402908489923318
0.5857097618293639	1.6024725368896051
0.5857597626627111	2.078282140136317
0.5858097634960583	3.0541816305117213
0.5858597643294056	4.503073365521327
0.5859097651627527	6.236528567910145
0.5859597659961	7.750339824881063
0.5860097668294472	8.595410159754769
0.5860597676627944	8.298372445471633
0.5861097684961417	6.804197929399725
0.5861597693294889	4.296869372292501
0.5862097701628362	1.3435674756863991
0.5862597709961833	-1.2531246890879475
0.5863097718295306	-2.8824917225678264
0.5863597726628778	-3.025105574372074
0.586409773496225	-1.7789959208651005
0.5864597743295722	0.4311927343358599
0.5865097751629195	2.8253659916924
0.5865597759962666	4.57133448463278
0.5866097768296139	5.047339080905103
0.5866597776629611	4.089850605203736
0.5867097784963083	1.9321191666050204
0.5867597793296555	-0.7896733334910083
0.5868097801630028	-3.151954610946184
0.58685978099635	-4.538947291142803
0.5869097818296972	-4.515162715535806
0.5869597826630445	-3.2182504232629427
0.5870097834963917	-1.1305745001023215
0.5870597843297389	0.9889947688446808
0.5871097851630861	2.37549861284057
0.5871597859964334	2.638119007988122
0.5872097868297805	1.7038894428492737
0.5872597876631278	-0.0002046185263779
0.587309788496475	-1.8513368048067196
0.5873597893298222	-3.054211690553025
0.5874097901631694	-3.1783841389881333
0.5874597909965167	-1.9968378819385129
0.5875097918298638	0.2222926893535736
0.5875597926632111	2.9428705088162728
0.5876097934965583	5.4130124823378845
0.5876597943299056	7.1070717353703206
0.5877097951632527	7.721835405332275
0.5877597959966	7.259928188717316
0.5878097968299473	6.056265686798281
0.5878597976632944	4.5710495333582575
0.5879097984966417	3.251099733607904
0.5879597993299889	2.403391543474016
0.5880098001633361	1.9801970374718905
0.5880598009966833	2.0039118769659274
0.5881098018300306	2.0098262857912577
0.5881598026633778	1.871617720357682
0.588209803496725	1.3257603058662757
0.5882598043300722	0.5085564066255688
0.5883098051634195	-0.527667907309835
0.5883598059967666	-1.5399875796333788
0.5884098068301139	-2.365750533198206
0.5884598076634611	-2.9785083517827053
0.5885098084968083	-3.3824808479063964
0.5885598093301556	-3.752646525663306
0.5886098101635028	-4.252067645211149
0.58865981099685	-4.910803257105354
0.5887098118301972	-5.6753003831767055
0.5887598126635445	-6.421908200684307
0.5888098134968917	-6.831595029869942
0.5888598143302389	-6.862363228655724
0.5889098151635861	-6.435460332354889
0.5889598159969334	-5.633143323680271
0.5890098168302805	-4.739274419564544
0.5890598176636278	-3.986044504438111
0.589109818496975	-3.6424335036994298
0.5891598193303222	-3.7560495728895376
0.5892098201636694	-4.269904361981132
0.5892598209970167	-4.918734558455902
0.5893098218303638	-5.459487620383551
0.5893598226637111	-5.577462511326104
0.5894098234970584	-5.231898023814784
0.5894598243304056	-4.3969103912760445
0.5895098251637528	-3.3120565387610337
0.5895598259971	-2.176516237619922
0.5896098268304473	-1.1550262824975746
0.5896598276637944	-0.3708685977442473
0.5897098284971417	0.1917028285827561
0.5897598293304889	0.6565298925675129
0.5898098301638361	1.1837791755295526
0.5898598309971833	1.7693313425809958
0.5899098318305306	2.424396511835753
0.5899598326638777	2.9143432722093703
0.590009833497225	3.100674650880413
0.5900598343305722	2.8421765374005776
0.5901098351639195	2.1787892372001307
0.5901598359972666	1.25341467780206
0.5902098368306139	0.3656300286662187
0.5902598376639612	-0.1509988129328615
0.5903098384973083	-0.0919637084151923
0.5903598393306556	0.4458354051070048
0.5904098401640028	1.2755155131249252
0.59045984099735	1.95317362324071
0.5905098418306972	2.012336835675102
0.5905598426640445	1.1682847289157134
0.5906098434973917	-0.610992526090834
0.5906598443307389	-3.0118781641091723
0.5907098451640861	-5.470028099356329
0.5907598459974334	-7.290648549141934
0.5908098468307805	-7.976538208775509
0.5908598476641278	-7.259241172562026
0.590909848497475	-5.348604238065624
0.5909598493308222	-2.77796028146125
0.5910098501641695	-0.3056670350228823
0.5910598509975167	1.411859062090456
0.591109851830864	1.95857473370574
0.5911598526642111	1.3662701533175616
0.5912098534975584	0.053998221621375
0.5912598543309056	-1.3154711418178593
0.5913098551642528	-2.058053919093481
0.5913598559976	-1.6927272495376435
0.5914098568309473	-0.1794533171977169
0.5914598576642944	2.0398523349399658
0.5915098584976417	4.306785207658253
0.5915598593309889	5.884232051657406
0.5916098601643361	6.256042435727391
0.5916598609976833	5.22265824084564
0.5917098618310306	3.189124920116972
0.5917598626643777	0.7944735041889396
0.591809863497725	-1.198608822589751
0.5918598643310723	-2.0915905302047424
0.5919098651644195	-1.6160076135856642
0.5919598659977667	-0.0180426574423633
0.5920098668311139	2.183604158170753
0.5920598676644612	4.2177400263238605
0.5921098684978083	5.45082132404235
0.5921598693311556	5.563817941270524
0.5922098701645028	4.592549437220165
0.59225987099785	3.0435567627476043
0.5923098718311972	1.4892148217914247
0.5923598726645445	0.4747393583837878
0.5924098734978916	0.2659510570459097
0.5924598743312389	0.7438709842822803
0.5925098751645861	1.4936822492172912
0.5925598759979334	1.8116068791085784
0.5926098768312806	1.226581548760462
0.5926598776646278	-0.4603549685949304
0.5927098784979751	-3.072482134400407
0.5927598793313222	-6.006782104450838
0.5928098801646695	-8.519075794045394
0.5928598809980167	-9.9876481025937
0.592909881831364	-10.053333724651472
0.5929598826647111	-8.854517222877712
0.5930098834980584	-6.85505163424401
0.5930598843314056	-4.797445152875214
0.5931098851647528	-3.431206092488125
0.5931598859981	-3.120619386667788
0.5932098868314473	-3.836668647916013
0.5932598876647944	-5.133963088041306
0.5933098884981417	-6.2710889233863965
0.5933598893314889	-6.611497481361848
0.5934098901648361	-5.695445736701074
0.5934598909981834	-3.605138094127825
0.5935098918315306	-0.8229981030235115
0.5935598926648779	1.8835467330836495
0.593609893498225	3.656879858436343
0.5936598943315723	3.9178901284761167
0.5937098951649195	2.519766394631094
0.5937598959982667	-0.1225676677138815
0.5938098968316139	-3.2928228157561863
0.5938598976649612	-6.036106036091047
0.5939098984983083	-7.598970882787245
0.5939598993316556	-7.510782724052943
0.5940099001650028	-5.9202099156664
0.59405990099835	-3.2624423168290733
0.5941099018316972	-0.2899115871601617
0.5941599026650445	2.217599184726714
0.5942099034983916	3.771125062985844
0.5942599043317389	4.265222145953446
0.5943099051650862	3.8813190076449366
0.5943599059984334	3.08283526882458
0.5944099068317806	2.3290542727823897
0.5944599076651278	1.942367118181044
0.5945099084984751	2.031353025598172
0.5945599093318222	2.412123030954098
0.5946099101651695	2.7228598422962964
0.5946599109985167	2.5847780050293707
0.594709911831864	1.8622830998723183
0.5947599126652111	0.5767232318089776
0.5948099134985584	-1.0015039106179735
0.5948599143319055	-2.4892526203824943
0.5949099151652528	-3.4743929813662
0.5949599159986	-3.6666322305052574
0.5950099168319473	-3.059207314487133
0.5950599176652945	-1.8424086680842928
0.5951099184986417	-0.3744290775635281
0.595159919331989	1.0074085886659754
0.5952099201653361	2.016407214400848
0.5952599209986834	2.513430434241588
0.5953099218320306	2.524307038864644
0.5953599226653778	2.188693217134004
0.595409923498725	1.6233026962314046
0.5954599243320723	1.0027272434869046
0.5955099251654195	0.3469608759257195
0.5955599259987667	-0.3209391904242586
0.5956099268321139	-1.052179352972478
0.5956599276654612	-1.747772624770782
0.5957099284988083	-2.3506173560362478
0.5957599293321556	-2.6247349236998714
0.5958099301655028	-2.4721037102699324
0.59585993099885	-1.791198007244011
0.5959099318321973	-0.6774124217395693
0.5959599326655445	0.6808182981292906
0.5960099334988918	1.90467156820149
0.5960599343322389	2.656499504122817
0.5961099351655862	2.6877485068192977
0.5961599359989334	2.0209669931315752
0.5962099368322806	0.8212803413302256
0.5962599376656278	-0.5364691945868951
0.5963099384989751	-1.6378393819763912
0.5963599393323222	-2.163096385872249
0.5964099401656695	-2.075582651457962
0.5964599409990167	-1.3939467754590442
0.5965099418323639	-0.5750320210048274
0.5965599426657111	0.0465959163106995
0.5966099434990584	0.1645521241137791
0.5966599443324055	-0.3653779558257899
0.5967099451657528	-1.2327667043582773
0.5967599459991001	-2.1626865787421803
0.5968099468324473	-2.706358659987853
0.5968599476657945	-2.49154123568066
0.5969099484991417	-1.4866343823632553
0.596959949332489	0.0437778068981595
0.5970099501658361	1.633729487081315
0.5970599509991834	2.6885656435646084
0.5971099518325306	2.7562042365972093
0.5971599526658778	1.6244315890363807
0.597209953499225	-0.457012094224059
0.5972599543325723	-2.973880899052669
0.5973099551659194	-5.14210353761796
0.5973599559992667	-6.36286090172886
0.5974099568326139	-6.206650481017579
0.5974599576659612	-4.698923092776694
0.5975099584993084	-2.2139873770194507
0.5975599593326556	0.527394980022314
0.5976099601660029	2.7860568112454174
0.59765996099935	4.005058202671993
0.5977099618326973	3.909765315333301
0.5977599626660445	2.677579209540149
0.5978099634993917	0.7217080143596013
0.5978599643327389	-1.3114496978544217
0.5979099651660862	-2.8566503631835323
0.5979599659994334	-3.5806115999022854
0.5980099668327806	-3.384749854433628
0.5980599676661278	-2.467558768852093
0.5981099684994751	-1.138034174562925
0.5981599693328222	0.1833903684133187
0.5982099701661695	1.352134371765071
0.5982599709995167	2.215778961104957
0.5983099718328639	2.8647818896951724
0.5983599726662112	3.411730107037568
0.5984099734995584	3.943291031585368
0.5984599743329057	4.438564674822358
0.5985099751662528	4.801468346813973
0.5985599759996001	4.790152390826501
0.5986099768329473	4.335631034939281
0.5986599776662945	3.3815974900195966
0.5987099784996417	2.076457481757272
0.598759979332989	0.755350882289832
0.5988099801663361	-0.2930500288628868
0.5988599809996834	-0.8761184891510579
0.5989099818330306	-0.8988608302747114
0.5989599826663778	-0.5232138004758986
0.599009983499725	-0.1232570417662402
0.5990599843330723	0.0109376328680975
0.5991099851664194	-0.4409880018652585
0.5991599859997667	-1.4985545540023195
0.599209986833114	-2.8040255527222446
0.5992599876664612	-4.02240749760639
0.5993099884998084	-4.636046748786341
0.5993599893331556	-4.37455338278106
0.5994099901665029	-3.176324793745961
0.59945999099985	-1.389788672787744
0.5995099918331973	0.366833180868913
0.5995599926665445	1.4701524613631314
0.5996099934998917	1.2962391855853612
0.5996599943332389	-0.2326932198975648
0.5997099951665862	-2.9243473274038365
0.5997599959999333	-6.123211162204425
0.5998099968332806	-8.988815929110377
0.5998599976666278	-10.766169609985203
0.5999099984999751	-11.018342856462134
0.5999599993333223	-9.698428207314372
0.6000100001666695	-7.272498885854433
0.6000600010000168	-4.5043700734849805
0.6001100018333639	-2.1538905062761087
0.6001600026667112	-0.8553572391702534
0.6002100035000584	-0.8569525404651895
0.6002600043334057	-1.8752718651120976
0.6003100051667528	-3.3545100274419166
0.6003600060001001	-4.5849837536085225
0.6004100068334473	-4.972959578628674
0.6004600076667945	-4.198803506349511
0.6005100085001417	-2.356129135310229
0.600560009333489	0.1305028548683466
0.6006100101668361	2.649892469644362
0.6006600110001834	4.699602265735532
0.6007100118335306	5.847138708612483
0.6007600126668778	6.038139386463499
0.6008100135002251	5.42065863522958
0.6008600143335723	4.373824266570247
0.6009100151669196	3.233261286312188
0.6009600160002667	2.1820559560076465
0.601010016833614	1.303826399816047
0.6010600176669612	0.4671045601551777
0.6011100185003084	-0.4541260836198421
0.6011600193336556	-1.4723888073941815
0.6012100201670029	-2.453344790674855
0.60126002100035	-3.178432281751607
0.6013100218336973	-3.266072101542012
0.6013600226670445	-2.4730121098181748
0.6014100235003917	-0.7169663070964335
0.6014600243337389	1.6956285985576451
0.6015100251670862	4.251922545581002
0.6015600260004333	6.329168121309606
0.6016100268337806	7.378233859314657
0.6016600276671279	7.067130406250849
0.6017100285004751	5.540668098351524
0.6017600293338223	3.18038010574214
0.6018100301671695	0.6980970970288198
0.6018600310005168	-1.2499417118529554
0.6019100318338639	-2.246299119179577
0.6019600326672112	-2.243356204161659
0.6020100335005584	-1.5484268878844645
0.6020600343339056	-0.7368179742727422
0.6021100351672528	-0.4299440956274639
0.6021600360006001	-0.9926081701944734
0.6022100368339472	-2.4316435863220374
0.6022600376672945	-4.332105088567857
0.6023100385006417	-6.003309969604554
0.602360039333989	-6.705697082123996
0.6024100401673362	-5.888406958197154
0.6024600410006834	-3.4903966448133805
0.6025100418340307	0.0538484822652472
0.6025600426673778	3.930510257875071
0.6026100435007251	7.180193218363902
0.6026600443340723	8.89299742836384
0.6027100451674196	8.689140997341202
0.6027600460007667	6.589129704784522
0.602810046834114	3.303739953945689
0.6028600476674612	-0.3454851505263639
0.6029100485008084	-3.331214001413348
0.6029600493341556	-5.063106072324512
0.6030100501675029	-5.192660815073095
0.60306005100085	-4.033105171048808
0.6031100518341973	-2.2232609913122925
0.6031600526675445	-0.4643281769506719
0.6032100535008917	0.6350925239377971
0.603260054334239	0.7409616763555068
0.6033100551675862	-0.0447871924179373
0.6033600560009335	-1.253112100746837
0.6034100568342806	-2.3423812073367247
0.6034600576676279	-2.8466355911328565
0.603510058500975	-2.4305707236251743
0.6035600593343223	-1.2288608804541623
0.6036100601676695	0.414388941684763
0.6036600610010168	2.004116025090352
0.6037100618343639	3.0472733001040577
0.6037600626677112	3.2887331413266025
0.6038100635010584	2.74612556478242
0.6038600643344056	1.637185160142642
0.6039100651677528	0.4432640947486549
0.6039600660011001	-0.4762331430762485
0.6040100668344472	-0.7953521590728603
0.6040600676677945	-0.4761895404147183
0.6041100685011418	0.3566357103378473
0.604160069334489	1.390640003209023
0.6042100701678362	2.3107847791051954
0.6042600710011834	2.8691502825739352
0.6043100718345307	2.999756156166999
0.6043600726678778	2.779348977710326
0.6044100735012251	2.357809412157641
0.6044600743345723	2.019116029259944
0.6045100751679195	1.8924969367167097
0.6045600760012667	2.106937068705097
0.604610076834614	2.600086309172399
0.6046600776679611	3.260120810634274
0.6047100785013084	3.9883341591172914
0.6047600793346556	4.635812997526706
0.6048100801680029	5.193306727923021
0.6048600810013501	5.536155614472278
0.6049100818346973	5.722693714977619
0.6049600826680446	5.716517492746247
0.6050100835013917	5.498151697563186
0.605060084334739	5.05023081521768
0.6051100851680862	4.402296484786246
0.6051600860014335	3.659657136753912
0.6052100868347806	2.9406970468795657
0.6052600876681279	2.4408508530522512
0.605310088501475	2.246741897541707
0.6053600893348223	2.4439226692879306
0.6054100901681695	2.9667827501602897
0.6054600910015168	3.573599005775532
0.6055100918348639	4.038500261082094
0.6055600926682112	4.104347277347028
0.6056100935015584	3.6102392045392335
0.6056600943349056	2.579393871932566
0.6057100951682529	1.2732582008961268
0.6057600960016001	0.0534571375673851
0.6058100968349474	-0.7561514670872403
0.6058600976682945	-0.8174738122860863
0.6059100985016418	-0.1554955851187663
0.605960099334989	1.0381815076095946
0.6060101001683362	2.3761157916788944
0.6060601010016834	3.3390960756136248
0.6061101018350307	3.5662676722421374
0.6061601026683778	2.93312271964646
0.6062101035017251	1.4651245462901157
0.6062601043350723	-0.3560701788571626
0.6063101051684195	-2.0916853697637485
0.6063601060017667	-3.232676292094542
0.606410106835114	-3.550735228809065
0.6064601076684611	-3.0438124905000885
0.6065101085018084	-1.972242194016028
0.6065601093351557	-0.8047067799550529
0.6066101101685029	-0.0218472985176332
0.6066601110018501	0.1578287797380477
0.6067101118351973	-0.2819486048452712
0.6067601126685446	-1.1257642494539155
0.6068101135018917	-1.8697340294874008
0.606860114335239	-2.17806341558626
0.6069101151685862	-1.7615280524177708
0.6069601160019334	-0.6226907254444849
0.6070101168352806	0.8773247277097299
0.6070601176686279	2.2702183682139263
0.607110118501975	3.141692658962417
0.6071601193353223	3.204535222849931
0.6072101201686695	2.438789766771553
0.6072601210020168	1.1773152904006838
0.607310121835364	-0.0422706465562553
0.6073601226687112	-0.748273214600877
0.6074101235020585	-0.531615558403347
0.6074601243354056	0.6358902640148106
0.6075101251687529	2.4296271984844937
0.6075601260021001	4.326342313709557
0.6076101268354474	5.829500907327808
0.6076601276687945	6.500611696235406
0.6077101285021418	6.262249098346959
0.607760129335489	5.392478667054903
0.6078101301688362	4.355323285766384
0.6078601310021834	3.6923376341062064
0.6079101318355307	3.759354974076477
0.6079601326688778	4.584236875655927
0.6080101335022251	5.858569377687093
0.6080601343355723	7.027973491027917
0.6081101351689195	7.419802017973123
0.6081601360022668	6.634667161288521
0.608210136835614	4.563226078725384
0.6082601376689613	1.5715647193525726
0.6083101385023084	-1.6660562091086053
0.6083601393356557	-4.2668728884231095
0.6084101401690029	-5.566272003254189
0.6084601410023501	-5.244956924895624
0.6085101418356973	-3.409878371449224
0.6085601426690446	-0.6644775467613593
0.6086101435023917	2.167738377144345
0.608660144335739	4.228672888788544
0.6087101451690862	5.0015816263844215
0.6087601460024334	4.277035012749523
0.6088101468357806	2.435580153753535
0.6088601476691279	0.1156770324782237
0.6089101485024752	-1.9477137406962468
0.6089601493358223	-3.2320428834826536
0.6090101501691696	-3.442966766610056
0.6090601510025168	-2.667916339391628
0.609110151835864	-1.4442940177400512
0.6091601526692112	-0.237702039728803
0.6092101535025585	0.4572237665727753
0.6092601543359056	0.4261504286588422
0.6093101551692529	-0.2063262712025839
0.6093601560026001	-1.103396063375278
0.6094101568359473	-1.7584678610050977
0.6094601576692945	-1.7909652415072173
0.6095101585026418	-1.0152826562217565
0.609560159335989	0.4506129472562004
0.6096101601693362	2.2807871258182235
0.6096601610026834	4.011483369598777
0.6097101618360307	5.209078403492563
0.6097601626693779	5.735780654212541
0.6098101635027251	5.623464312282632
0.6098601643360724	5.100799622813908
0.6099101651694195	4.545501610601878
0.6099601660027668	4.242818500699844
0.610010166836114	4.2635435283298575
0.6100601676694613	4.5396565952662735
0.6101101685028084	4.759705576561819
0.6101601693361557	4.554660133950308
0.6102101701695029	3.728070795110132
0.6102601710028501	2.16307726806798
0.6103101718361973	0.0837496053953625
0.6103601726695446	-2.162434425806846
0.6104101735028917	-4.101908052782088
0.610460174336239	-5.36755908847063
0.6105101751695862	-5.765004220742102
0.6105601760029334	-5.346997414406629
0.6106101768362807	-4.386622732874052
0.6106601776696279	-3.266241552742386
0.6107101785029752	-2.328959506733181
0.6107601793363223	-1.7921827499149887
0.6108101801696696	-1.6724285243798402
0.6108601810030168	-1.8750014551701215
0.610910181836364	-2.142087291124523
0.6109601826697112	-2.218317893049188
0.6110101835030585	-1.9841136069740148
0.6110601843364056	-1.4984864808023888
0.6111101851697529	-0.9801129879932304
0.6111601860031001	-0.6199389563666822
0.6112101868364473	-0.6753208713527649
0.6112601876697945	-1.217426937889743
0.6113101885031418	-2.2057668512958952
0.6113601893364891	-3.3867234102685595
0.6114101901698362	-4.502672679466872
0.6114601910031835	-5.246215093488193
0.6115101918365307	-5.447849615044875
0.6115601926698779	-5.070914326234494
0.6116101935032251	-4.132077520195679
0.6116601943365724	-2.815597142072772
0.6117101951699195	-1.3280854120879797
0.6117601960032668	0.1954737240425687
0.611810196836614	1.6614814194594487
0.6118601976699612	2.8990671903104324
0.6119101985033084	3.902312861836669
0.6119601993366557	4.488172776509289
0.6120102001700028	4.512910367736567
0.6120602010033501	3.855952699458282
0.6121102018366973	2.4120296171979536
0.6121602026700446	0.2572378388368876
0.6122102035033918	-2.3295408268827504
0.612260204336739	-4.998626506834651
0.6123102051700863	-7.224676443857165
0.6123602060034334	-8.554461721354919
0.6124102068367807	-8.787548810085429
0.6124602076701279	-7.881467346860788
0.6125102085034752	-6.189735078307824
0.6125602093368223	-4.188456737726751
0.6126102101701696	-2.495994823675179
0.6126602110035168	-1.6502847962970018
0.612710211836864	-1.8793600902680352
0.6127602126702112	-3.104794091099344
0.6128102135035585	-4.929571130316804
0.6128602143369056	-6.822880806985211
0.6129102151702529	-8.15064349628542
0.6129602160036001	-8.511061113488406
0.6130102168369473	-7.759040816617754
0.6130602176702946	-6.03314940882488
0.6131102185036418	-3.784945969083832
0.613160219336989	-1.5240160453166085
0.6132102201703362	0.2637325859348032
0.6132602210036835	1.3219615986903657
0.6133102218370307	1.645215248243323
0.6133602226703779	1.4814424486696112
0.6134102235037251	1.1417072156696766
0.6134602243370724	1.107173665276637
0.6135102251704195	1.4763970643108697
0.6135602260037668	2.37399467409802
0.613610226837114	3.606844769216688
0.6136602276704612	4.86245407871274
0.6137102285038084	5.75863387098982
0.6137602293371557	6.120167601965403
0.613810230170503	5.821011123055242
0.6138602310038501	5.001302785796701
0.6139102318371974	3.868216142369263
0.6139602326705446	2.766305622998016
0.6140102335038918	1.939431994942775
0.614060234337239	1.602565527346666
0.6141102351705863	1.79977422575914
0.6141602360039334	2.440663507569952
0.6142102368372807	3.403365887027075
0.6142602376706279	4.421801558499897
0.6143102385039751	5.331310417126045
0.6143602393373223	5.908645553191264
0.6144102401706696	5.977172365021114
0.6144602410040167	5.436362886704719
0.614510241837364	4.265660512636053
0.6145602426707112	2.3959778419412854
0.6146102435040585	0.0947060215139451
0.6146602443374057	-2.4392160031384185
0.6147102451707529	-4.8385746928995
0.6147602460041002	-6.707118853688351
0.6148102468374473	-7.762952136507661
0.6148602476707946	-7.758299969743636
0.6149102485041418	-6.70367391166736
0.614960249337489	-4.928306395489045
0.6150102501708362	-2.794217951846318
0.6150602510041835	-0.8308168177507529
0.6151102518375307	0.5471890331899607
0.6151602526708779	1.0555349806657128
0.6152102535042251	0.7360124547419311
0.6152602543375724	-0.181049896920588
0.6153102551709195	-1.2295948892760566
0.6153602560042668	-2.0142006615427026
0.615410256837614	-2.204752144431797
0.6154602576709612	-1.6674150827828045
0.6155102585043085	-0.5400057561955135
0.6155602593376557	0.7826035687820813
0.615610260171003	1.959908363731752
0.6156602610043501	2.62421462151457
0.6157102618376974	2.62175255523826
0.6157602626710446	2.1243484692385173
0.6158102635043918	1.4026165279833034
0.615860264337739	0.8711836810773265
0.6159102651710863	0.8439409416752972
0.6159602660044334	1.42028802578486
0.6160102668377807	2.493427855901404
0.6160602676711279	3.692647493428433
0.6161102685044751	4.6349452089354255
0.6161602693378223	4.920083956587539
0.6162102701711696	4.387078624893188
0.6162602710045169	3.15092870427236
0.616310271837864	1.5128009997982803
0.6163602726712113	-0.035703609423946
0.6164102735045585	-1.0576447715963877
0.6164602743379057	-1.2712967666376704
0.6165102751712529	-0.7148105116767622
0.6165602760046002	0.3557680436143117
0.6166102768379473	1.5726958705329384
0.6166602776712946	2.47360400639216
0.6167102785046418	2.69845477248896
0.616760279337989	2.2761985161681584
0.6168102801713362	1.3061699770642878
0.6168602810046835	0.1939923581858188
0.6169102818380306	-0.6646648485336683
0.6169602826713779	-1.0286687652578772
0.6170102835047251	-0.8010618672251159
0.6170602843380724	-0.1058753188359956
0.6171102851714196	0.6764678199696269
0.6171602860047668	1.2487701623014962
0.6172102868381141	1.3342965247617733
0.6172602876714612	0.9190247040886744
0.6173102885048085	0.2037151847792925
0.6173602893381557	-0.5379321597386821
0.617410290171503	-0.9558333288116678
0.6174602910048501	-0.7904418675478342
0.6175102918381974	-0.0750462447791844
0.6175602926715446	1.0182647965657752
0.6176102935048918	2.1173968008812
0.617660294338239	2.844124400058768
0.6177102951715863	2.908655178879226
0.6177602960049334	2.3477929171117
0.6178102968382807	1.3077227045519828
0.6178602976716279	0.2389588490792241
0.6179102985049751	-0.4627077675394321
0.6179602993383224	-0.4355564858729146
0.6180103001716696	0.3308359562030537
0.6180603010050169	1.627633647644852
0.618110301838364	3.00428771393054
0.6181603026717113	4.009286748182275
0.6182103035050585	4.227744784626497
0.6182603043384057	3.5279834485831283
0.6183103051717529	2.072906562338414
0.6183603060051002	0.2734677216149478
0.6184103068384473	-1.3536123517147096
0.6184603076717946	-2.2959180533665275
0.6185103085051418	-2.320684796038372
0.618560309338489	-1.5626896610513592
0.6186103101718362	-0.27095066839788
0.6186603110051835	1.0222131330634645
0.6187103118385308	1.8274659882015587
0.6187603126718779	1.8680854219926069
0.6188103135052252	1.1777367887729395
0.6188603143385724	0.085447572208361
0.6189103151719196	-0.9080362803433804
0.6189603160052668	-1.2090106948780568
0.6190103168386141	-0.5106200268190989
0.6190603176719612	1.2724644162300467
0.6191103185053085	3.760996363667843
0.6191603193386557	6.434649901498572
0.619210320172003	8.521902444210573
0.6192603210053501	9.463553152181928
0.6193103218386974	8.967442346366028
0.6193603226720445	7.173829378425685
0.6194103235053918	4.511598859975355
0.619460324338739	1.7278370420925606
0.6195103251720863	-0.4147905658353666
0.6195603260054335	-1.3591750143594612
0.6196103268387807	-0.8304889060041398
0.619660327672128	1.053809871767264
0.6197103285054751	3.7126687679806976
0.6197603293388224	6.575251903968543
0.6198103301721696	8.907220314934877
0.6198603310055169	10.222999695755703
0.619910331838864	10.31626693879212
0.6199603326722113	9.332693662417173
0.6200103335055585	7.662138151639868
0.6200603343389057	5.8938550768707225
0.6201103351722529	4.473933238267766
0.6201603360056002	3.8520510179225633
0.6202103368389473	4.094724873579319
0.6202603376722946	5.064304459813551
0.6203103385056418	6.372476805195525
0.620360339338989	7.572729357667276
0.6204103401723363	8.260451146757829
0.6204603410056835	8.13076885554968
0.6205103418390308	7.122935652289722
0.6205603426723779	5.410538909703556
0.6206103435057252	3.3595446067878374
0.6206603443390724	1.403583719475342
0.6207103451724196	-0.0318887384685015
0.6207603460057668	-0.6644430293092964
0.6208103468391141	-0.4358671117079528
0.6208603476724612	0.5607186880263141
0.6209103485058085	1.9386602700068865
0.6209603493391557	3.2878198270235304
0.621010350172503	4.125198503959735
0.6210603510058501	4.1903289956502405
0.6211103518391974	3.2850176529654886
0.6211603526725447	1.6191427076702456
0.6212103535058918	-0.538070729095401
0.6212603543392391	-2.7011840403996064
0.6213103551725863	-4.423292471353048
0.6213603560059335	-5.375803149433153
0.6214103568392807	-5.41163219624471
0.621460357672628	-4.693864518045879
0.6215103585059751	-3.47645168577236
0.6215603593393224	-2.1945066706166267
0.6216103601726696	-1.2432079047720168
0.6216603610060168	-0.8726770405482688
0.621710361839364	-1.2629805323781351
0.6217603626727113	-2.163844980645224
0.6218103635060584	-3.3478662742183296
0.6218603643394057	-4.504587719230708
0.6219103651727529	-5.284789223743943
0.6219603660061002	-5.558545918809807
0.6220103668394474	-5.298748881032343
0.6220603676727946	-4.687520036142412
0.6221103685061419	-3.904444875114904
0.622160369339489	-3.25084954113561
0.6222103701728363	-2.798030006810204
0.6222603710061835	-2.593277035974647
0.6223103718395308	-2.542175906128106
0.6223603726728779	-2.43165086868043
0.6224103735062252	-2.1539227118502
0.6224603743395724	-1.5820614283917405
0.6225103751729196	-0.737424497959313
0.6225603760062668	0.302887608201313
0.6226103768396141	1.3351466526439162
0.6226603776729612	2.2075249341467416
0.6227103785063085	2.876507030900017
0.6227603793396557	3.300594042289355
0.6228103801730029	3.5492970190179705
0.6228603810063502	3.744119038742011
0.6229103818396974	3.9546002997269385
0.6229603826730447	4.151781498877964
0.6230103835063918	4.237554791888582
0.6230603843397391	4.039283198163706
0.6231103851730863	3.4787100145439416
0.6231603860064335	2.4871575007872453
0.6232103868397807	1.1901030092333125
0.623260387673128	-0.1827678549649666
0.6233103885064751	-1.2579420604561131
0.6233603893398224	-1.6839976676259492
0.6234103901731696	-1.217454853705833
0.6234603910065168	0.1100827767120826
0.623510391839864	2.1478421003470363
0.6235603926732113	4.388811612162888
0.6236103935065586	6.385373979876954
0.6236603943399057	7.604242622091365
0.623710395173253	7.810746632835718
0.6237603960066002	6.8834737161438815
0.6238103968399474	5.203606788594663
0.6238603976732946	3.089659076024893
0.6239103985066419	1.147610963799364
0.623960399339989	-0.2820498017034353
0.6240104001733363	-0.9160207387306036
0.6240604010066835	-0.7789907646087295
0.6241104018400307	-0.1078294889994151
0.6241604026733779	0.7452468317662995
0.6242104035067252	1.380290199879596
0.6242604043400724	1.657828099847433
0.6243104051734196	1.4856741921544885
0.6243604060067668	1.0343734908937965
0.6244104068401141	0.552628618734323
0.6244604076734613	0.3653626668574289
0.6245104085068085	0.5848086583992771
0.6245604093401558	1.230379944347344
0.6246104101735029	2.1941314341246314
0.6246604110068502	3.1485482823177056
0.6247104118401974	3.824763586449351
0.6247604126735447	4.003513503638974
0.6248104135068918	3.643181373785039
0.6248604143402391	2.8474222616362885
0.6249104151735863	1.829387052648626
0.6249604160069335	0.9262518359150664
0.6250104168402807	0.3280779844090766
0.625060417673628	0.1675726374596159
0.6251104185069751	0.4226367404439179
0.6251604193403224	0.9219583445902076
0.6252104201736696	1.4268359028819602
0.6252604210070168	1.7032049494078665
0.6253104218403641	1.6223820908870026
0.6253604226737113	1.2045616107572723
0.6254104235070586	0.5174584712549309
0.6254604243404057	-0.2563601400047937
0.625510425173753	-0.9046052096233872
0.6255604260071002	-1.330464770300208
0.6256104268404474	-1.4552420918354532
0.6256604276737946	-1.3525712178730602
0.6257104285071419	-1.1097910120500003
0.625760429340489	-0.7749534672757123
0.6258104301738363	-0.4531899805052845
0.6258604310071835	-0.1145130643790058
0.6259104318405307	0.314603407662486
0.6259604326738779	0.8323626962259245
0.6260104335072252	1.560832836807725
0.6260604343405725	2.4500313345608737
0.6261104351739196	3.381081828626628
0.6261604360072669	4.208786403748008
0.6262104368406141	4.7111436167043
0.6262604376739613	4.766466769118577
0.6263104385073085	4.23175906072634
0.6263604393406558	3.27603738269112
0.6264104401740029	1.972477044749065
0.6264604410073502	0.5771541974891541
0.6265104418406974	-0.6588193126156072
0.6265604426740446	-1.45240214413637
0.6266104435073918	-1.7647639384430067
0.6266604443407391	-1.4728882435158608
0.6267104451740863	-0.669857269660465
0.6267604460074335	0.4391856729149361
0.6268104468407807	1.6560654701057778
0.626860447674128	2.8431280253005604
0.6269104485074752	3.7737021577440815
0.6269604493408224	4.373422837946349
0.6270104501741697	4.571854357053727
0.6270604510075168	4.371172836000845
0.6271104518408641	3.799337726029754
0.6271604526742113	2.9879508989719845
0.6272104535075586	1.964782378213796
0.6272604543409057	0.8795435683187706
0.627310455174253	-0.1485627299332909
0.6273604560076002	-0.993347762335846
0.6274104568409474	-1.5502944306578383
0.6274604576742946	-1.823642232678712
0.6275104585076419	-1.8192471497402487
0.627560459340989	-1.588280745192796
0.6276104601743363	-1.3144071964202997
0.6276604610076836	-1.091650552067109
0.6277104618410307	-1.047431843929686
0.627760462674378	-1.2434884056587232
0.6278104635077252	-1.6515890421626045
0.6278604643410725	-2.1599994844128028
0.6279104651744196	-2.6100967050143504
0.6279604660077669	-2.825700183689285
0.6280104668411141	-2.7454884600212406
0.6280604676744613	-2.3060442235352183
0.6281104685078085	-1.5309220140098296
0.6281604693411558	-0.6022804366643186
0.6282104701745029	0.2873150320954569
0.6282604710078502	0.958370411428959
0.6283104718411974	1.2910504226542132
0.6283604726745446	1.193774293787877
0.6284104735078918	0.7579807758586776
0.6284604743412391	0.1288052214228995
0.6285104751745864	-0.563557295438768
0.6285604760079335	-1.1406681613162513
0.6286104768412808	-1.4547532655744249
0.628660477674628	-1.522875801044539
0.6287104785079752	-1.383731248485255
0.6287604793413224	-1.121363779829439
0.6288104801746697	-0.8925115641450126
0.6288604810080168	-0.7902056595866539
0.6289104818413641	-0.780915183368314
0.6289604826747113	-0.813371633441264
0.6290104835080585	-0.6894073134842598
0.6290604843414057	-0.3248537415783334
0.629110485174753	0.4277765613740174
0.6291604860081002	1.5908445920593022
0.6292104868414474	3.032355633436701
0.6292604876747946	4.586753495931432
0.6293104885081419	5.963255159113311
0.6293604893414891	6.840953826007229
0.6294104901748363	7.007524322165885
0.6294604910081836	6.468936840590055
0.6295104918415307	5.242428309946581
0.629560492674878	3.633505413163389
0.6296104935082252	1.973524386088262
0.6296604943415725	0.7006769433287205
0.6297104951749196	0.0533634138527889
0.6297604960082669	0.1718695937706728
0.629810496841614	1.0161399091761103
0.6298604976749613	2.351974905404891
0.6299104985083085	3.9008565569606737
0.6299604993416558	5.2885320087190095
0.6300105001750029	6.290727610213418
0.6300605010083502	6.783258091959943
0.6301105018416975	6.774600385425016
0.6301605026750446	6.365462385553271
0.6302105035083919	5.798469698132425
0.6302605043417391	5.148933526232635
0.6303105051750864	4.57194328320894
0.6303605060084335	3.964761855727813
0.6304105068417808	3.248489573886273
0.630460507675128	2.30215342963361
0.6305105085084752	1.0089249903512116
0.6305605093418224	-0.5012571115112439
0.6306105101751697	-2.06384150248114
0.6306605110085168	-3.3552678839327155
0.6307105118418641	-4.06084050118216
0.6307605126752113	-3.9043936215482935
0.6308105135085585	-2.824648372948386
0.6308605143419057	-0.9583169950178942
0.630910515175253	1.2683421619101796
0.6309605160086003	3.328647414362817
0.6310105168419474	4.71274434950947
0.6310605176752947	5.004703619132603
0.6311105185086419	4.085324596285027
0.6311605193419891	2.121832474172604
0.6312105201753363	-0.4542014561508664
0.6312605210086836	-3.0334789725877185
0.6313105218420307	-5.05276958579097
0.631360522675378	-6.041614492584734
0.6314105235087252	-5.8522296581367526
0.6314605243420724	-4.712033467105903
0.6315105251754196	-2.9308457506750707
0.6315605260087669	-1.0685326698234727
0.631610526842114	0.369340248606989
0.6316605276754613	1.1043614382653109
0.6317105285088085	1.0467279885428724
0.6317605293421558	0.4072074205969378
0.631810530175503	-0.4323945442827375
0.6318605310088502	-1.1249601006794676
0.6319105318421975	-1.317390784349305
0.6319605326755446	-0.922969926720506
0.6320105335088919	0.0018857340907695
0.6320605343422391	1.0345193476527896
0.6321105351755864	1.8697771285051223
0.6321605360089335	2.1105793821278183
0.6322105368422808	1.523691710851673
0.632260537675628	0.1641078804409959
0.6323105385089752	-1.7240158322777153
0.6323605393423224	-3.806731722719732
0.6324105401756697	-5.592946780871234
0.6324605410090168	-6.727391382121644
0.6325105418423641	-7.040400799132802
0.6325605426757114	-6.569439465976424
0.6326105435090585	-5.470975257886791
0.6326605443424058	-4.144281806187163
0.632710545175753	-2.932472045930017
0.6327605460091003	-2.109570790871352
0.6328105468424474	-1.808633747333603
0.6328605476757947	-2.0192411535932084
0.6329105485091419	-2.538400092112176
0.6329605493424891	-3.154317096319976
0.6330105501758363	-3.601106015685166
0.6330605510091836	-3.686308485784658
0.6331105518425307	-3.3281992872118904
0.633160552675878	-2.5753049268548143
0.6332105535092252	-1.5398134635992924
0.6332605543425724	-0.419301731874968
0.6333105551759196	0.6687208843690018
0.6333605560092669	1.531614458737693
0.6334105568426142	2.1038960412957777
0.6334605576759613	2.3845882252604538
0.6335105585093086	2.325375494741869
0.6335605593426558	2.028806877135969
0.633610560176003	1.5295407469509064
0.6336605610093502	0.9207305858643616
0.6337105618426975	0.2968843547643934
0.6337605626760446	-0.1940310658291179
0.6338105635093919	-0.4695668029726944
0.6338605643427391	-0.4203444289591508
0.6339105651760863	0.058229594118783
0.6339605660094335	0.945631727508904
0.6340105668427808	2.225487045263047
0.634060567676128	3.668388547555157
0.6341105685094752	5.044649009694912
0.6341605693428224	6.059090534929493
0.6342105701761697	6.479336576142808
0.6342605710095169	6.146114763738706
0.6343105718428641	5.046313755121294
0.6343605726762114	3.3214155995063823
0.6344105735095585	1.317564288083946
0.6344605743429058	-0.6288346185696883
0.634510575176253	-2.1360946230952678
0.6345605760096003	-2.9331456063653527
0.6346105768429474	-3.006487590063442
0.6346605776762947	-2.4279077614699824
0.6347105785096419	-1.53459700169264
0.6347605793429891	-0.7742280123341574
0.6348105801763363	-0.4372121153415232
0.6348605810096836	-0.7498766709238678
0.6349105818430307	-1.7058917141584429
0.634960582676378	-3.006847463297766
0.6350105835097253	-4.267067245805845
0.6350605843430724	-4.979060062912686
0.6351105851764197	-4.700670226773765
0.6351605860097669	-3.269512889033825
0.6352105868431142	-0.826872879374343
0.6352605876764613	2.1874944135081664
0.6353105885098086	5.151137962670845
0.6353605893431558	7.387498632524734
0.635410590176503	8.395663878467847
0.6354605910098502	7.927901998770263
0.6355105918431975	6.194061567950467
0.6355605926765446	3.67519773048466
0.6356105935098919	1.0133344528755217
0.6356605943432391	-1.0466844538708613
0.6357105951765863	-2.0141806024204048
0.6357605960099335	-1.759120597117057
0.6358105968432808	-0.4287481810229793
0.6358605976766281	1.3977495202796442
0.6359105985099752	3.0943747789658667
0.6359605993433225	4.028704642826643
0.6360106001766697	3.955575056540608
0.6360606010100169	2.8262509125948547
0.6361106018433641	1.0675503636995545
0.6361606026767114	-0.7304980256241135
0.6362106035100585	-1.9630167154575089
0.6362606043434058	-2.1297274352455857
0.636310605176753	-1.1277656954520778
0.6363606060101002	0.7794870967228646
0.6364106068434474	3.026115138979041
0.6364606076767947	4.957236396935384
0.6365106085101419	5.904932018708501
0.6365606093434891	5.505045273500489
0.6366106101768363	3.774141988404183
0.6366606110101836	1.0686213362755028
0.6367106118435308	-1.9846363675082443
0.636760612676878	-4.652080736517358
0.6368106135102253	-6.416760285576635
0.6368606143435724	-6.972213964356251
0.6369106151769197	-6.3185132501619705
0.6369606160102669	-4.827811587071575
0.6370106168436142	-2.954423914370441
0.6370606176769613	-1.1493573895797524
0.6371106185103086	0.2008904694811147
0.6371606193436558	1.0530942635245717
0.637210620177003	1.4711430697084191
0.6372606210103502	1.7781699463215617
0.6373106218436975	2.18634524204797
0.6373606226770446	2.958840099909532
0.6374106235103919	4.0403559453758096
0.6374606243437392	5.284032036645092
0.6375106251770863	6.409745169733612
0.6375606260104336	7.150986646609217
0.6376106268437808	7.278717118272772
0.6376606276771281	6.813717297268963
0.6377106285104752	5.815564873605717
0.6377606293438225	4.5634382249871885
0.6378106301771697	3.3848003649046694
0.6378606310105169	2.4404703161474006
0.6379106318438641	1.8994528449614068
0.6379606326772114	1.7567959706761629
0.6380106335105585	1.8621869060640532
0.6380606343439058	2.067372068664462
0.638110635177253	2.2689444667927066
0.6381606360106002	2.3629362862084493
0.6382106368439474	2.352384213408224
0.6382606376772947	2.340219331630209
0.638310638510642	2.363102152168163
0.6383606393439891	2.482043441694381
0.6384106401773364	2.661689548459439
0.6384606410106836	2.8553566512432824
0.6385106418440308	2.946670409935406
0.638560642677378	2.76120852059895
0.6386106435107253	2.354517495070879
0.6386606443440724	1.700999539696027
0.6387106451774197	0.9468899202686756
0.6387606460107669	0.2112942308750213
0.6388106468441141	-0.3976822946338547
0.6388606476774613	-0.7986895535147456
0.6389106485108086	-1.011342506530185
0.6389606493441558	-1.0672512888412904
0.639010650177503	-1.1003936625827926
0.6390606510108502	-1.0746766213417418
0.6391106518441975	-0.9974045454573686
0.6391606526775447	-0.7691850147386617
0.6392106535108919	-0.2220791865564951
0.6392606543442392	0.690276696674401
0.6393106551775863	1.9968748389435669
0.6393606560109336	3.535738310003556
0.6394106568442808	5.100222969169269
0.639460657677628	6.375463104158248
0.6395106585109752	7.096690511073232
0.6395606593443225	7.039170291209363
0.6396106601776697	6.198716444900034
0.6396606610110169	4.8030717185716485
0.6397106618443641	3.1349628343107705
0.6397606626777114	1.5825184192485993
0.6398106635110585	0.5026515698584897
0.6398606643444058	0.0892518701247749
0.6399106651777531	0.3756433386411947
0.6399606660111002	1.2397884351959068
0.6400106668444475	2.3249188760867305
0.6400606676777947	3.402586536371912
0.640110668511142	4.219658677307878
0.6401606693444891	4.554464921334731
0.6402106701778364	4.503385193325347
0.6402606710111836	4.1542361256113685
0.6403106718445308	3.686036465694248
0.640360672677878	3.267888287193879
0.6404106735112253	2.8889381290862977
0.6404606743445724	2.6758139680815343
0.6405106751779197	2.4556174115075
0.6405606760112669	2.208821687287497
0.6406106768446141	1.837748867051184
0.6406606776779613	1.307413222210884
0.6407106785113086	0.7274725288867135
0.6407606793446559	0.1533749814681734
0.640810680178003	-0.1850079918492158
0.6408606810113503	-0.2775444828099247
0.6409106818446975	-0.0339250123097022
0.6409606826780447	0.5515164302263595
0.6410106835113919	1.375920279909984
0.6410606843447392	2.396774081462373
0.6411106851780863	3.456902224413564
0.6411606860114336	4.4748096094297205
0.6412106868447808	5.372380857593808
0.641260687678128	6.052853870260012
0.6413106885114752	6.423752423262471
0.6413606893448225	6.401721583619474
0.6414106901781697	5.922127330695748
0.6414606910115169	4.99510704369626
0.6415106918448641	3.700908659753321
0.6415606926782114	2.242269346092304
0.6416106935115586	0.8279317998980128
0.6416606943449058	-0.2154616606735372
0.6417106951782531	-0.6367691486236507
0.6417606960116002	-0.3646247729774712
0.6418106968449475	0.5341538305863383
0.6418606976782947	1.8179066236807264
0.641910698511642	3.1347949752978543
0.6419606993449891	4.0520488696057
0.6420107001783364	4.273699452498251
0.6420607010116836	3.5883963703403863
0.6421107018450308	2.111620350320363
0.642160702678378	0.1454265581219549
0.6422107035117253	-1.9095585634469496
0.6422607043450724	-3.552290004358042
0.6423107051784197	-4.490530162432764
0.642360706011767	-4.523488254178675
0.6424107068451141	-3.740114109133036
0.6424607076784614	-2.3813935935901105
0.6425107085118086	-0.8482811156294467
0.6425607093451559	0.4871926558252044
0.642610710178503	1.3581878988511926
0.6426607110118503	1.5994135456785483
0.6427107118451975	1.2837018038186885
0.6427607126785447	0.5296133814641028
0.6428107135118919	-0.4546307450006364
0.6428607143452392	-1.4620900177381833
0.6429107151785863	-2.2989656767436584
0.6429607160119336	-2.925338992857472
0.6430107168452808	-3.296727346794136
0.643060717678628	-3.4275391393217336
0.6431107185119752	-3.336260597266843
0.6431607193453225	-3.0093015446035105
0.6432107201786698	-2.4847472151446404
0.6432607210120169	-1.7403474591369252
0.6433107218453642	-0.8359191284092641
0.6433607226787114	0.1198112679494093
0.6434107235120586	1.048662798724718
0.6434607243454058	1.8315898622218807
0.6435107251787531	2.4032751965272654
0.6435607260121002	2.778813948897863
0.6436107268454475	2.972280722023629
0.6436607276787947	3.0696198784102693
0.643710728512142	3.1109959838117662
0.6437607293454891	3.055305373600531
0.6438107301788364	2.840882873300826
0.6438607310121836	2.322885607571468
0.6439107318455308	1.3346648048815786
0.6439607326788781	-0.094354374935574
0.6440107335122253	-1.9261330618064445
0.6440607343455725	-3.9058810693091655
0.6441107351789197	-5.556472847440421
0.644160736012267	-6.56199349333277
0.6442107368456141	-6.54196851549372
0.6442607376789614	-5.447699236922523
0.6443107385123086	-3.430584986805743
0.6443607393456559	-0.8892635158844876
0.644410740179003	1.566548917835253
0.6444607410123503	3.409825930405028
0.6445107418456975	4.204789270680107
0.6445607426790447	3.849826904728562
0.6446107435123919	2.597634447872122
0.6446607443457392	0.8259073227500834
0.6447107451790863	-0.8717946879959575
0.6447607460124336	-2.0615383875074533
0.6448107468457809	-2.4798752540332925
0.644860747679128	-2.1573326277011287
0.6449107485124753	-1.427655568340401
0.6449607493458225	-0.7177634156805196
0.6450107501791698	-0.3803815635615634
0.6450607510125169	-0.6749119900360214
0.6451107518458642	-1.5654565052886236
0.6451607526792114	-2.737408596736252
0.6452107535125586	-3.811710568796273
0.6452607543459058	-4.354289191453412
0.6453107551792531	-4.191775744765283
0.6453607560126002	-3.3536644652545093
0.6454107568459475	-2.1562187580574035
0.6454607576792947	-1.0044295891762711
0.645510758512642	-0.3274989097482502
0.6455607593459891	-0.2929188623768154
0.6456107601793364	-0.8748002027935876
0.6456607610126837	-1.7729708154764103
0.6457107618460308	-2.5061087116426246
0.6457607626793781	-2.6462348500536303
0.6458107635127253	-2.0557788086170405
0.6458607643460725	-0.8022347929794749
0.6459107651794197	0.6619081420883527
0.645960766012767	1.77250727585625
0.6460107668461141	1.9441320476423896
0.6460607676794614	0.8502034829905402
0.6461107685128086	-1.414056851194785
0.6461607693461558	-4.41212065355824
0.646210770179503	-7.39382409871143
0.6462607710128503	-9.528960780560055
0.6463107718461975	-10.210996370138565
0.6463607726795447	-9.209431059057708
0.646410773512892	-6.788889601620592
0.6464607743462392	-3.617641366555676
0.6465107751795864	-0.4466835244213688
0.6465607760129336	1.8436144461240167
0.6466107768462809	2.85578205507936
0.646660777679628	2.570794232190265
0.6467107785129753	1.3142544585927751
0.6467607793463225	-0.2445157549638762
0.6468107801796698	-1.4246033645550038
0.6468607810130169	-1.777973132666545
0.6469107818463642	-1.1578011891776818
0.6469607826797114	0.1680353647242599
0.6470107835130586	1.6004721087640512
0.6470607843464058	2.58657945281427
0.6471107851797531	2.580849927138309
0.6471607860131002	1.461777666453719
0.6472107868464475	-0.4811332650237749
0.6472607876797948	-2.7368185591346696
0.6473107885131419	-4.596960341746215
0.6473607893464892	-5.45689110326926
0.6474107901798364	-5.056494082172129
0.6474607910131837	-3.397985319696501
0.6475107918465308	-0.8988934286387139
0.6475607926798781	1.7916401205255734
0.6476107935132253	4.017709371301359
0.6476607943465725	5.3015390617501605
0.6477107951799197	5.405352598802789
0.647760796013267	4.466459612613509
0.6478107968466141	2.803529013866206
0.6478607976799614	0.9167507606103048
0.6479107985133086	-0.7652066885352131
0.6479607993466558	-1.9224112922456351
0.648010800180003	-2.428965478702928
0.6480608010133503	-2.3442731207598104
0.6481108018466976	-1.8716580682520656
0.6481608026800447	-1.229770023418755
0.648210803513392	-0.540074912337053
0.6482608043467392	0.0798783521916244
0.6483108051800864	0.5911810572467592
0.6483608060134336	1.067934635072744
0.6484108068467809	1.379092191994526
0.648460807680128	1.523555538919116
0.6485108085134753	1.4323413547329185
0.6485608093468225	1.1068782590042896
0.6486108101801698	0.4838159201458722
0.6486608110135169	-0.3448991611141488
0.6487108118468642	-1.2037603643374613
0.6487608126802114	-1.9302247261635808
0.6488108135135586	-2.390947692526016
0.6488608143469059	-2.433154223693472
0.6489108151802531	-2.1038758222307186
0.6489608160136003	-1.533338846076283
0.6490108168469475	-0.8289286542230476
0.6490608176802948	-0.2403599496901212
0.6491108185136419	0.1749249549982041
0.6491608193469892	0.3501974902444766
0.6492108201803364	0.4009194047083749
0.6492608210136837	0.3779715595011318
0.6493108218470308	0.3856947046598377
0.6493608226803781	0.4778579477671179
0.6494108235137253	0.5951771667127822
0.6494608243470725	0.6885923420023525
0.6495108251804197	0.6590051856125677
0.649560826013767	0.3950079734553137
0.6496108268471141	-0.0892248485324884
0.6496608276804614	-0.6337775808905424
0.6497108285138087	-1.15521118034102
0.6497608293471558	-1.4656648257752427
0.6498108301805031	-1.473610730023164
0.6498608310138503	-1.1913990165027657
0.6499108318471976	-0.6685999605282745
0.6499608326805447	-0.1288009683516401
0.650010833513892	0.3252901094120571
0.6500608343472392	0.5967083983484713
0.6501108351805864	0.6570344636770578
0.6501608360139336	0.6145516801287333
0.6502108368472809	0.6229542006845411
0.650260837680628	0.7639328170541912
0.6503108385139753	1.1005030050393625
0.6503608393473225	1.4711924064034072
0.6504108401806697	1.7504743082693417
0.6504608410140169	1.7364197438912972
0.6505108418473642	1.2823295791716145
0.6505608426807115	0.3944834117424378
0.6506108435140586	-0.7707390818614464
0.6506608443474059	-1.8777800290573412
0.6507108451807531	-2.679029679990657
0.6507608460141003	-2.8928266759755696
0.6508108468474475	-2.4765121851493914
0.6508608476807948	-1.6039173264036266
0.6509108485141419	-0.6152736682927056
0.6509608493474892	0.1151068840830207
0.6510108501808364	0.2998196766384363
0.6510608510141837	-0.2065737204828637
0.6511108518475308	-1.2187129252972353
0.6511608526808781	-2.412787280692504
0.6512108535142253	-3.361569630454691
0.6512608543475725	-3.6046189173349528
0.6513108551809198	-3.034631944143252
0.651360856014267	-1.7695008222049822
0.6514108568476142	-0.200873767572337
0.6514608576809614	1.1950495993705816
0.6515108585143087	1.946744589901988
0.6515608593476558	1.816003302965632
0.6516108601810031	0.9008006066763052
0.6516608610143503	-0.381384655960812
0.6517108618476976	-1.5209066252652947
0.6517608626810447	-1.931105457467662
0.651810863514392	-1.3240693517934794
0.6518608643477392	0.3037032738560657
0.6519108651810864	2.497672216895335
0.6519608660144336	4.657064676477082
0.6520108668477809	6.058071894442975
0.652060867681128	6.337130306915059
0.6521108685144753	5.307479507041734
0.6521608693478226	3.339900538420881
0.6522108701811697	1.1077615321145329
0.652260871014517	-0.676420062899326
0.6523108718478642	-1.4307537101227907
0.6523608726812115	-0.8911045881851777
0.6524108735145586	0.7444576252611533
0.6524608743479059	2.9074745160980138
0.6525108751812531	4.86022831247655
0.6525608760146003	5.919213151676635
0.6526108768479475	5.736932938751421
0.6526608776812948	4.425737715995823
0.6527108785146419	2.449891844193125
0.6527608793479892	0.5164936894294159
0.6528108801813364	-0.6677384152646005
0.6528608810146836	-0.6520180312471339
0.6529108818480308	0.6173503104351025
0.6529608826813781	2.6795601103052187
0.6530108835147254	4.862278308983587
0.6530608843480725	6.428841166061485
0.6531108851814198	6.784789043166798
0.653160886014767	5.747816026968894
0.6532108868481142	3.490692886939041
0.6532608876814614	0.6527799508061992
0.6533108885148087	-2.042338458088637
0.6533608893481558	-3.9271974697336223
0.6534108901815031	-4.592260702304948
0.6534608910148503	-3.969435284728531
0.6535108918481976	-2.369747938729321
0.6535608926815447	-0.2459679303732966
0.653610893514892	1.806186599230144
0.6536608943482392	3.4161366480287287
0.6537108951815864	4.35165669063269
0.6537608960149337	4.630916852320405
0.6538108968482809	4.411880081259822
0.6538608976816281	3.929037384540021
0.6539108985149753	3.3563050200312965
0.6539608993483226	2.6907037452086584
0.6540109001816697	2.005783274985027
0.654060901015017	1.2265335050186723
0.6541109018483642	0.3358433876946733
0.6541609026817115	-0.5378221023471983
0.6542109035150586	-1.2642960278440112
0.6542609043484059	-1.7265330572483548
0.654310905181753	-1.7471088287434582
0.6543609060151003	-1.4319311525084892
0.6544109068484475	-0.9549320647383306
0.6544609076817948	-0.6325832127714552
0.6545109085151419	-0.7812709210295548
0.6545609093484892	-1.535860151671332
0.6546109101818365	-2.874495794733728
0.6546609110151836	-4.471518251186824
0.6547109118485309	-5.883667283358778
0.6547609126818781	-6.620059802442237
0.6548109135152254	-6.398219418651858
0.6548609143485725	-5.137268532547576
0.6549109151819198	-3.188351931887817
0.654960916015267	-1.124388072543445
0.6550109168486142	0.3975155509617286
0.6550609176819614	0.8739723235550754
0.6551109185153087	0.1054183609845464
0.6551609193486558	-1.7116918914177717
0.6552109201820031	-4.022318227922132
0.6552609210153503	-6.069813532161682
0.6553109218486975	-7.119085346305338
0.6553609226820447	-6.831277580474361
0.655410923515392	-5.180139594528585
0.6554609243487393	-2.6244250532131463
0.6555109251820864	0.1115036035935332
0.6555609260154337	2.237719254461452
0.6556109268487809	3.1705324907319308
0.6556609276821281	2.722099429844995
0.6557109285154753	1.1498156993006892
0.6557609293488226	-0.8834694844114238
0.6558109301821697	-2.6842865045358995
0.655860931015517	-3.534698850308137
0.6559109318488642	-3.100543004889404
0.6559609326822115	-1.4580911934342242
0.6560109335155586	0.9653614601508904
0.6560609343489059	3.4831514110047506
0.656110935182253	5.444925558087689
0.6561609360156003	6.434297411078001
0.6562109368489476	6.203873608620595
0.6562609376822948	5.010143163814004
0.656310938515642	3.2862859205846995
0.6563609393489892	1.446806015115941
0.6564109401823365	-0.0120451662359816
0.6564609410156836	-0.9531177317228708
0.6565109418490309	-1.3071383881724057
0.6565609426823781	-1.3136508162291607
0.6566109435157254	-1.1449895583284166
0.6566609443490725	-1.009389210807398
0.6567109451824198	-0.9703885649271372
0.656760946015767	-0.9758420055111764
0.6568109468491142	-0.878837200383503
0.6568609476824614	-0.6623774818332803
0.6569109485158087	-0.3146330834070143
0.6569609493491558	0.0071584439738653
0.6570109501825031	0.1145328495278712
0.6570609510158504	-0.186867138530094
0.6571109518491975	-0.9704515721790996
0.6571609526825448	-2.099663222921444
0.657210953515892	-3.3391706643350525
0.6572609543492393	-4.261505550931293
0.6573109551825864	-4.553307240168353
0.6573609560159337	-3.9976160223445514
0.6574109568492809	-2.6375565729499755
0.6574609576826281	-0.7829955617197245
0.6575109585159753	1.13117753539175
0.6575609593493226	2.6893688851685624
0.6576109601826697	3.4635475118474823
0.657660961016017	3.3671585226108047
0.6577109618493642	2.5350316362689287
0.6577609626827114	1.3187871340942774
0.6578109635160586	0.115681366099565
0.6578609643494059	-0.7601005715849558
0.6579109651827532	-1.1136921926817425
0.6579609660161003	-1.007631349543768
0.6580109668494476	-0.6882838627903045
0.6580609676827948	-0.488519092326059
0.658110968516142	-0.5534809302996746
0.6581609693494892	-0.984871712332412
0.6582109701828365	-1.6355441504211847
0.6582609710161836	-2.224275504749273
0.6583109718495309	-2.3986675210229262
0.6583609726828781	-1.9038023837193725
0.6584109735162254	-0.7073243639702711
0.6584609743495725	1.0399064146090469
0.6585109751829198	2.962410741483968
0.658560976016267	4.653199215602474
0.6586109768496142	5.687395239778776
0.6586609776829615	5.916475803775234
0.6587109785163087	5.344275767760413
0.6587609793496559	4.105934948534426
0.6588109801830031	2.5908438591273963
0.6588609810163504	1.0278506129164362
0.6589109818496975	-0.3035735267956764
0.6589609826830448	-1.2408502569134758
0.659010983516392	-1.837577585495818
0.6590609843497393	-2.109528762621552
0.6591109851830864	-2.019897252634305
0.6591609860164337	-1.5878236894302744
0.6592109868497809	-0.7905533222149684
0.6592609876831281	0.5164149211272719
0.6593109885164753	2.184425522255016
0.6593609893498226	4.125989929465888
0.6594109901831697	5.991034447127931
0.659460991016517	7.424855065793692
0.6595109918498643	8.101292270503654
0.6595609926832114	7.84708669947954
0.6596109935165587	6.612011667424943
0.6596609943499059	4.777415865414471
0.6597109951832532	2.734615817051539
0.6597609960166003	0.9532740691080858
0.6598109968499476	-0.159028984961809
0.6598609976832948	-0.5753725250573947
0.659910998516642	-0.358351357461719
0.6599609993499892	0.085664905035947
0.6600110001833365	0.3551206815766315
0.6600610010166836	0.1465949839817945
0.6601110018500309	-0.6497575962315928
0.6601610026833781	-1.8274839166712973
0.6602110035167253	-3.121775015434108
0.6602610043500725	-4.04691691565333
0.6603110051834198	-4.30052145534129
0.6603610060167671	-3.90520058419302
0.6604110068501142	-3.0947612968992093
0.6604610076834615	-2.3273710889825936
0.6605110085168087	-2.094716185671873
0.6605610093501559	-2.7032757837258234
0.6606110101835031	-4.191932926061141
0.6606610110168504	-6.197220695917799
0.6607110118501975	-8.12677975678329
0.6607610126835448	-9.286286832870305
0.660811013516892	-9.153243620412116
0.6608610143502393	-7.607840379580041
0.6609110151835864	-5.042467600410867
0.6609610160169337	-2.127796648795705
0.6610110168502809	0.2903351358376435
0.6610610176836281	1.4069131842328089
0.6611110185169754	0.8897738936105195
0.6611610193503226	-1.0765372655255008
0.6612110201836698	-3.8790084279243446
0.661261021017017	-6.515685903830539
0.6613110218503643	-8.189985914309263
0.6613610226837114	-8.246884596114487
0.6614110235170587	-6.664612965389503
0.6614610243504059	-3.913578556552681
0.6615110251837532	-0.8528992048281403
0.6615610260171003	1.6171975219717942
0.6616110268504476	2.819511008950041
0.6616610276837948	2.540265017948704
0.661711028517142	1.099548142869145
0.6617610293504892	-0.7550466647583344
0.6618110301838365	-2.20334781115368
0.6618610310171836	-2.543395659910888
0.6619110318505309	-1.53977855549154
0.6619610326838782	0.5818899487921356
0.6620110335172253	3.088948831010403
0.6620610343505726	5.16644564925686
0.6621110351839198	6.032893205921799
0.6621610360172671	5.3025654346426485
0.6622110368506142	3.199758449345435
0.6622610376839615	0.3404453680607677
0.6623110385173087	-2.427529574574715
0.6623610393506559	-4.190061297040567
0.6624110401840031	-4.486960976582624
0.6624610410173504	-3.178981855152225
0.6625110418506975	-0.7690449843333435
0.6625610426840448	2.026587527564206
0.662611043517392	4.363165379108393
0.6626610443507392	5.635105115232803
0.6627110451840865	5.712501623372786
0.6627610460174337	4.766749091049999
0.662811046850781	3.352263762492706
0.6628610476841281	2.161638711142636
0.6629110485174754	1.6496839619469892
0.6629610493508226	1.988659511208154
0.6630110501841698	3.092702356412145
0.663061051017517	4.454467280618356
0.6631110518508643	5.595066491275714
0.6631610526842114	6.023199655010762
0.6632110535175587	5.662865928189389
0.6632610543509059	4.666262543147781
0.6633110551842532	3.4211966505381213
0.6633610560176003	2.3855993912255773
0.6634110568509476	1.8766442278533335
0.6634610576842948	2.0287216133700814
0.663511058517642	2.586999185844538
0.6635610593509893	3.16358127414575
0.6636110601843365	3.3852483524666472
0.6636610610176837	2.852755014263352
0.6637110618510309	1.5385742309014443
0.6637610626843782	-0.3236869039307893
0.6638110635177253	-2.3468364253226306
0.6638610643510726	-4.003033700979542
0.6639110651844198	-4.950247652256284
0.663961066017767	-5.039986947842651
0.6640110668511142	-4.434125146381679
0.6640610676844615	-3.51775465336148
0.6641110685178087	-2.7428904854599745
0.6641610693511559	-2.5271337085274226
0.6642110701845031	-3.0214468843075903
0.6642610710178504	-4.205257509017126
0.6643110718511975	-5.803852431495795
0.6643610726845448	-7.388262032188363
0.6644110735178921	-8.614276176380972
0.6644610743512392	-9.297129156817924
0.6645110751845865	-9.324765562745648
0.6645610760179337	-8.852825953514468
0.664611076851281	-8.089035895869374
0.6646610776846281	-7.255923915414484
0.6647110785179754	-6.423159817819718
0.6647610793513226	-5.634944060895712
0.6648110801846698	-4.8283424126399535
0.664861081018017	-3.9928251615096046
0.6649110818513643	-3.098312546069112
0.6649610826847114	-2.2462788496678274
0.6650110835180587	-1.585918588165519
0.6650610843514059	-1.257752440527851
0.6651110851847531	-1.3407985337939408
0.6651610860181004	-1.7740037367728172
0.6652110868514476	-2.399799359523258
0.6652610876847949	-2.937118186194951
0.665311088518142	-3.085125592432521
0.6653610893514893	-2.7638711580802293
0.6654110901848365	-1.8954739725442569
0.6654610910181837	-0.7692113094457173
0.6655110918515309	0.3343242411697454
0.6655610926848782	1.0608277341227297
0.6656110935182253	1.2194324921388016
0.6656610943515726	0.8216643695702575
0.6657110951849198	0.0351896058730524
0.665761096018267	-0.7483805364115238
0.6658110968516142	-1.182664961786368
0.6658610976849615	-1.1391869639731036
0.6659110985183087	-0.5580338113754466
0.6659610993516559	0.2466807774718968
0.6660111001850032	0.8310200314329854
0.6660611010183504	0.7545805126359681
0.6661111018516976	-0.2111173055067102
0.6661611026850448	-2.089876470345915
0.6662111035183921	-4.563895524327694
0.6662611043517392	-7.16387145160467
0.6663111051850865	-9.222419778846238
0.6663611060184337	-10.316041871149023
0.666411106851781	-10.224524075001144
0.6664611076851281	-9.044003123166137
0.6665111085184754	-7.156203807000094
0.6665611093518226	-5.104974230926606
0.6666111101851698	-3.336707239742929
0.666661111018517	-2.146378011342533
0.6667111118518643	-1.561725675169043
0.6667611126852114	-1.4743147307866913
0.6668111135185587	-1.5382380952547043
0.666861114351906	-1.5286375987094485
0.6669111151852531	-1.348835663625547
0.6669611160186004	-1.021798474136432
0.6670111168519476	-0.8319531858067428
0.6670611176852949	-1.022229723719826
0.667111118518642	-1.6980828761613398
0.6671611193519893	-2.829163834953987
0.6672111201853365	-4.165132315641706
0.6672611210186837	-5.292724440286802
0.6673111218520309	-5.812570223547473
0.6673611226853782	-5.525075209539345
0.6674111235187253	-4.4330239570167285
0.6674611243520726	-2.9034215856668624
0.6675111251854198	-1.3772935293604986
0.667561126018767	-0.302959024261102
0.6676111268521143	-0.0503043043480099
0.6676611276854615	-0.5242281991429618
0.6677111285188088	-1.4470268401319406
0.6677611293521559	-2.2907625728208174
0.6678111301855032	-2.569155435428185
0.6678611310188504	-1.9319594758765384
0.6679111318521976	-0.4882348067415399
0.6679611326855448	1.4749677960213092
0.6680111335188921	3.1673411914586977
0.6680611343522392	3.913621281485716
0.6681111351855865	3.2743224523649275
0.6681611360189337	1.1295771102428571
0.668211136852281	-2.095922043908717
0.6682611376856281	-5.678575877206638
0.6683111385189754	-8.598567482280549
0.6683611393523226	-10.11922071908463
0.6684111401856698	-9.82345122845581
0.6684611410190171	-7.793412137790732
0.6685111418523643	-4.597827199365556
0.6685611426857115	-1.103759600200087
0.6686111435190587	1.8400376785872892
0.668661144352406	3.5998098481585807
0.6687111451857531	4.012095345727848
0.6687611460191004	3.2773967924497844
0.6688111468524476	2.0535318102893223
0.6688611476857949	0.8850365734540613
0.668911148519142	0.4339039094679756
0.6689611493524893	0.823579047669075
0.6690111501858365	1.9826661489483823
0.6690611510191837	3.4577800484106693
0.6691111518525309	4.740627479321276
0.6691611526858782	5.402016964843282
0.6692111535192253	5.267398576642656
0.6692611543525726	4.368903484921647
0.6693111551859199	3.089066109539396
0.669361156019267	1.8326252715382396
0.6694111568526143	0.9681844441357406
0.6694611576859615	0.6293452956427621
0.6695111585193088	0.7322381149974679
0.6695611593526559	1.0871375334054174
0.6696111601860032	1.3698701594342342
0.6696611610193504	1.423702643833615
0.6697111618526976	1.1914114543437109
0.6697611626860448	0.7639136519527888
0.6698111635193921	0.4141059405615612
0.6698611643527392	0.297354266696597
0.6699111651860865	0.4852765447394228
0.6699611660194337	0.8491139269025915
0.670011166852781	1.133590491461705
0.6700611676861282	1.0368928746994266
0.6701111685194754	0.3833473624355389
0.6701611693528227	-0.7988771538327343
0.6702111701861698	-2.3328383442823446
0.6702611710195171	-3.769382451046482
0.6703111718528643	-4.652413023127283
0.6703611726862115	-4.753460044762193
0.6704111735195587	-4.093062874095068
0.670461174352906	-2.9620823746913447
0.6705111751862531	-1.9327571367148533
0.6705611760196004	-1.566306741631646
0.6706111768529476	-2.2782605819929413
0.6706611776862949	-4.100228504651144
0.670711178519642	-6.634751040306331
0.6707611793529893	-9.184261662964111
0.6708111801863365	-10.884996377354298
0.6708611810196837	-11.13705256916544
0.670911181853031	-9.604162203474662
0.6709611826863782	-6.563435997233609
0.6710111835197254	-2.710972454344001
0.6710611843530726	1.04561605776211
0.6711111851864199	3.796340471551921
0.671161186019767	4.928387086742521
0.6712111868531143	4.375346473905578
0.6712611876864615	2.52840693800751
0.6713111885198088	0.1518870195584704
0.6713611893531559	-1.904025996816253
0.6714111901865032	-2.99762660639672
0.6714611910198504	-2.88262031700408
0.6715111918531976	-1.7816682878937329
0.6715611926865448	-0.2180847906450712
0.6716111935198921	1.085372141664366
0.6716611943532392	1.65193525600693
0.6717111951865865	1.2362635447316686
0.6717611960199338	0.1179561621477816
0.671811196853281	-1.213767847349504
0.6718611976866282	-2.0459237905088825
0.6719111985199754	-1.8566405485601685
0.6719611993533227	-0.4247191324770346
0.6720112001866698	2.016107421517196
0.6720612010200171	4.843830752898617
0.6721112018533643	7.289859916941213
0.6721612026867115	8.69630454002841
0.6722112035200587	8.64830392256794
0.672261204353406	7.200308805492728
0.6723112051867531	4.822270979687092
0.6723612060201004	2.150149743107288
0.6724112068534476	-0.07813967464518
0.6724612076867948	-1.342826513578807
0.6725112085201421	-1.4615835488155948
0.6725612093534893	-0.6812620991790859
0.6726112101868366	0.6387480873051297
0.6726612110201837	1.8673856464333507
0.672711211853531	2.612438020372444
0.6727612126868782	2.7065883351344837
0.6728112135202254	2.21144472113669
0.6728612143535726	1.391233677823513
0.6729112151869199	0.6624257650371711
0.672961216020267	0.2182380490493016
0.6730112168536143	0.3186463867159098
0.6730612176869615	0.7739139550659389
0.6731112185203088	1.4222506944011424
0.6731612193536559	1.978219337907528
0.6732112201870032	2.2731516268958054
0.6732612210203504	2.258243441235396
0.6733112218536976	2.0145487427696818
0.6733612226870449	1.7125125904116412
0.6734112235203921	1.5481618499260086
0.6734612243537393	1.60401555855204
0.6735112251870865	1.842298016778755
0.6735612260204338	2.158890680944271
0.6736112268537809	2.3121913680021846
0.6736612276871282	2.274931356237172
0.6737112285204754	1.972674953329201
0.6737612293538227	1.5253734631118137
0.6738112301871698	1.1381723128372063
0.6738612310205171	1.0241087918463927
0.6739112318538643	1.310796118980326
0.6739612326872115	1.969469704350548
0.6740112335205587	2.8429784497965
0.674061234353906	3.656504789138352
0.6741112351872531	4.162233050978624
0.6741612360206004	4.148476874651942
0.6742112368539477	3.692455758716919
0.6742612376872948	2.919275784977405
0.6743112385206421	2.09851863951642
0.6743612393539893	1.4596339533685998
0.6744112401873366	1.2094745711512769
0.6744612410206837	1.2511667538306428
0.674511241854031	1.499069892949343
0.6745612426873782	1.563101880437652
0.6746112435207254	1.183636085891964
0.6746612443540726	0.2737264934259295
0.6747112451874199	-1.1249565372414396
0.674761246020767	-2.796208552875447
0.6748112468541143	-4.254745883067821
0.6748612476874615	-5.15840106429635
0.6749112485208087	-5.212052757385067
0.674961249354156	-4.42836498380255
0.6750112501875032	-2.961587724033518
0.6750612510208505	-1.1515358584112687
0.6751112518541976	0.5566141482659432
0.6751612526875449	1.7919972337423475
0.6752112535208921	2.3449002905601803
0.6752612543542393	2.167125147687195
0.6753112551875865	1.4074372258036023
0.6753612560209338	0.2501664164567914
0.6754112568542809	-1.1120454947529872
0.6754612576876282	-2.544886234578031
0.6755112585209754	-3.939356085500944
0.6755612593543227	-5.193051845107911
0.6756112601876698	-6.265537128887753
0.6756612610210171	-6.93389433385941
0.6757112618543643	-6.990165117904259
0.6757612626877115	-6.208497929217801
0.6758112635210588	-4.510896974045533
0.675861264354406	-1.97484743954774
0.6759112651877532	0.970673044451561
0.6759612660211004	3.835253528252277
0.6760112668544477	5.975524173908675
0.6760612676877948	6.874300582521205
0.6761112685211421	6.281443414004292
0.6761612693544893	4.342672407721535
0.6762112701878366	1.6252577468105072
0.6762612710211837	-1.2340078269335837
0.676311271854531	-3.431279346969553
0.6763612726878782	-4.471011779980191
0.6764112735212254	-4.309013024677826
0.6764612743545726	-3.1868007192912167
0.6765112751879199	-1.833636532905472
0.676561276021267	-0.9446203333610796
0.6766112768546143	-1.111663307326765
0.6766612776879616	-2.452352553572664
0.6767112785213087	-4.720031777481978
0.676761279354656	-7.12854335746596
0.6768112801880032	-8.862780424661151
0.6768612810213505	-9.234248799161186
0.6769112818546976	-7.889966462226434
0.6769612826880449	-5.112479496919218
0.6770112835213921	-1.665546591884285
0.6770612843547393	1.5056728336665584
0.6771112851880865	3.357030318168876
0.6771612860214338	3.352561636424965
0.6772112868547809	1.4430378447509729
0.6772612876881282	-1.8260315759894732
0.6773112885214754	-5.394049265708063
0.6773612893548226	-8.20372179388398
0.6774112901881699	-9.44892726888371
0.6774612910215171	-8.737546239647724
0.6775112918548644	-6.309614792922223
0.6775612926882115	-2.935625565431732
0.6776112935215588	0.3230305896095978
0.677661294354906	2.596209238760222
0.6777112951882532	3.3575487857987394
0.6777612960216004	2.5330713236941875
0.6778112968549477	0.631339749541814
0.6778612976882948	-1.5523743995862258
0.6779112985216421	-3.2043473544289207
0.6779612993549893	-3.75992519566363
0.6780113001883366	-3.044928332993743
0.6780613010216837	-1.3377935338759035
0.678111301855031	0.7838717527612107
0.6781613026883782	2.6489188862391675
0.6782113035217254	3.736436512803562
0.6782613043550727	3.963060361038415
0.6783113051884199	3.404857766673953
0.6783613060217671	2.461127800515797
0.6784113068551143	1.6405436579849637
0.6784613076884616	1.2204387452398602
0.6785113085218087	1.2370941086938485
0.678561309355156	1.4813563737381017
0.6786113101885032	1.542943128863063
0.6786613110218505	1.0722469964688637
0.6787113118551976	-0.2302028960415781
0.6787613126885449	-2.275546094284348
0.6788113135218921	-4.638496284814689
0.6788613143552393	-6.864724132775794
0.6789113151885865	-8.357011667958771
0.6789613160219338	-8.770847134691836
0.679011316855281	-8.054615856695978
0.6790613176886282	-6.473542986966735
0.6791113185219755	-4.564419774073871
0.6791613193553226	-2.8519665588357475
0.6792113201886699	-1.7839985694026943
0.6792613210220171	-1.5215855087776833
0.6793113218553644	-1.917315090193112
0.6793613226887115	-2.6796659847742257
0.6794113235220588	-3.329360985417697
0.679461324355406	-3.544438051158038
0.6795113251887532	-3.246907839941765
0.6795613260221004	-2.5040641443546914
0.6796113268554477	-1.702278345922127
0.6796613276887948	-1.1487334900016823
0.6797113285221421	-1.2071229758842197
0.6797613293554893	-1.8958257727413237
0.6798113301888365	-3.045158980362615
0.6798613310221838	-4.348268102230879
0.679911331855531	-5.429090825439904
0.6799613326888783	-5.917757463728175
0.6800113335222254	-5.668937014481956
0.6800613343555727	-4.771941188366644
0.6801113351889199	-3.473857088761765
0.6801613360222671	-2.0891662429599465
0.6802113368556143	-0.8954020120136575
0.6802613376889616	-0.0517306333187872
0.6803113385223087	0.4373381887403064
0.680361339355656	0.7046918759686688
0.6804113401890032	0.8283375944224247
0.6804613410223505	0.9955878542544898
0.6805113418556976	1.1298542201279158
0.6805613426890449	1.1979010003847146
0.680611343522392	1.0490881095945728
0.6806613443557393	0.5262292952784404
0.6807113451890866	-0.3364139952200069
0.6807613460224338	-1.4426853106300168
0.680811346855781	-2.572487693698225
0.6808613476891282	-3.450687747083502
0.6809113485224755	-3.890684546184074
0.6809613493558226	-3.835070568071659
0.6810113501891699	-3.364431695150122
0.6810613510225171	-2.741338414454837
0.6811113518558644	-2.222671782074497
0.6811613526892115	-2.0432493113393746
0.6812113535225588	-2.2108897410515604
0.681261354355906	-2.6038030276146324
0.6813113551892532	-2.997383304769895
0.6813613560226004	-3.050640806310372
0.6814113568559477	-2.5738853293956527
0.6814613576892949	-1.52142371587134
0.6815113585226421	-0.0938798960395372
0.6815613593559894	1.3778413098638578
0.6816113601893365	2.4310317604827034
0.6816613610226838	2.7260989982710067
0.681711361856031	2.1584980677847647
0.6817613626893783	0.8095268387507173
0.6818113635227254	-0.9664831844970394
0.6818613643560727	-2.7569321270727185
0.6819113651894199	-4.11044343431003
0.6819613660227671	-4.7473880353761455
0.6820113668561143	-4.671591639423008
0.6820613676894616	-4.037250666130397
0.6821113685228087	-3.151997608096664
0.682161369356156	-2.2925542156773693
0.6822113701895032	-1.74366123561169
0.6822613710228504	-1.5662187634760358
0.6823113718561977	-1.6076988676464703
0.6823613726895449	-1.71927186770199
0.6824113735228922	-1.7128349506948133
0.6824613743562393	-1.526872366394398
0.6825113751895866	-1.203487356683533
0.6825613760229338	-0.8718864805583246
0.682611376856281	-0.7837119207363785
0.6826613776896282	-1.0326687906132297
0.6827113785229755	-1.6757581698165225
0.6827613793563226	-2.5327477933992166
0.6828113801896699	-3.355840443677217
0.6828613810230171	-3.797415010878126
0.6829113818563644	-3.702392955890256
0.6829613826897115	-3.0044281807104056
0.6830113835230588	-1.911010014536221
0.683061384356406	-0.7292109541861069
0.6831113851897532	0.2223453437501207
0.6831613860231005	0.6522975152406374
0.6832113868564477	0.5336880927597123
0.6832613876897949	-0.0661359825806542
0.6833113885231421	-0.7483531014510394
0.6833613893564894	-1.2554244682314917
0.6834113901898365	-1.239194154981996
0.6834613910231838	-0.7107442952596187
0.683511391856531	0.2538988196611195
0.6835613926898783	1.273146023169513
0.6836113935232254	2.0067202980489136
0.6836613943565727	2.152720763583241
0.6837113951899199	1.6115393629662391
0.6837613960232671	0.4735021120509644
0.6838113968566143	-0.886493404146367
0.6838613976899616	-2.050615436038023
0.6839113985233088	-2.6515392534446507
0.683961399356656	-2.565234537473414
0.6840114001900033	-1.809523105314296
0.6840614010233504	-0.7156244656309344
0.6841114018566977	0.4302998777164086
0.6841614026900449	1.1865284202808473
0.6842114035233922	1.3985594638985657
0.6842614043567393	1.0990355411925083
0.6843114051900866	0.4397044289907341
0.6843614060234338	-0.1733492245170432
0.684411406856781	-0.5338507342078456
0.6844614076901282	-0.4433738699562897
0.6845114085234755	-0.015104915100453
0.6845614093568226	0.5457806152131063
0.6846114101901699	0.9743149278248192
0.6846614110235171	0.97496426475625
0.6847114118568643	0.4867007742288213
0.6847614126902116	-0.3901464301211375
0.6848114135235588	-1.3581240357429374
0.6848614143569061	-2.0791414445930028
0.6849114151902532	-2.220388219262293
0.6849614160236005	-1.6766298142688076
0.6850114168569477	-0.5744353191275177
0.6850614176902949	0.8370754317893658
0.6851114185236421	2.2105193536861103
0.6851614193569894	3.157147866546606
0.6852114201903365	3.5594679897942254
0.6852614210236838	3.398911533410051
0.685311421857031	2.909937659366493
0.6853614226903783	2.3727500815782268
0.6854114235237254	2.0103134127163877
0.6854614243570727	1.9142781318683837
0.6855114251904199	2.0214749129502905
0.6855614260237671	2.0209352733357804
0.6856114268571144	1.6739466757109125
0.6856614276904616	0.7440292219133524
0.6857114285238088	-0.759827709661618
0.685761429357156	-2.619837177639373
0.6858114301905033	-4.4651236201391145
0.6858614310238504	-5.8260445554144455
0.6859114318571977	-6.424574569627265
0.6859614326905449	-6.108603110915369
0.6860114335238922	-5.023654975508486
0.6860614343572393	-3.61325054497552
0.6861114351905866	-2.330842328375128
0.6861614360239338	-1.528260677115422
0.686211436857281	-1.43930961688844
0.6862614376906282	-2.01339937094438
0.6863114385239755	-2.903349377184914
0.6863614393573227	-3.7424989462802
0.6864114401906699	-4.132608734902891
0.6864614410240172	-3.961165120920034
0.6865114418573643	-3.274555468328922
0.6865614426907116	-2.4452651343528244
0.6866114435240588	-1.744415250097341
0.6866614443574061	-1.5600314834096398
0.6867114451907532	-1.936922121700923
0.6867614460241005	-2.656628871655218
0.6868114468574477	-3.2667704441592798
0.6868614476907949	-3.3126593176945893
0.6869114485241421	-2.454359258080503
0.6869614493574894	-0.6020443358628361
0.6870114501908365	1.9726925448565136
0.6870614510241838	4.624245148046905
0.687111451857531	6.659824494419822
0.6871614526908782	7.453198348898496
0.6872114535242255	6.746858337719974
0.6872614543575727	4.672964194493109
0.68731145519092	1.850531178453754
0.6873614560242671	-0.9188582360430932
0.6874114568576144	-2.716249467625953
0.6874614576909616	-3.0235622019864823
0.6875114585243088	-1.652319615429368
0.687561459357656	0.9635828099840776
0.6876114601910033	4.068933828913428
0.6876614610243504	6.715613104745857
0.6877114618576977	8.07797987253119
0.6877614626910449	7.740221798182609
0.6878114635243922	5.754878059050882
0.6878614643577393	2.6149066043023126
0.6879114651910866	-0.859829349606208
0.6879614660244338	-3.8185355157487546
0.688011466857781	-5.689032020724227
0.6880614676911283	-6.185128763954822
0.6881114685244755	-5.618490723139455
0.6881614693578227	-4.4556086703378766
0.6882114701911699	-3.3417352092305324
0.6882614710245172	-2.911627312618318
0.6883114718578643	-3.3107844815126986
0.6883614726912116	-4.509670963372837
0.6884114735245588	-6.041099262800817
0.6884614743579061	-7.358486032642998
0.6885114751912532	-7.907452219882504
0.6885614760246005	-7.308254454384462
0.6886114768579477	-5.607810257905408
0.6886614776912949	-3.082794257852598
0.6887114785246421	-0.2961396358973729
0.6887614793579894	2.1286917208061515
0.6888114801913366	3.7226843263221454
0.6888614810246838	4.184104695798515
0.6889114818580311	3.5280254386010754
0.6889614826913782	1.9688786545680748
0.6890114835247255	-0.0498937396760093
0.6890614843580727	-2.014454992149712
0.68911148519142	-3.533911819665552
0.6891614860247671	-4.279322853701159
0.6892114868581144	-4.207264925681262
0.6892614876914616	-3.333435016421051
0.6893114885248088	-1.8774698676856103
0.689361489358156	-0.0861383434310828
0.6894114901915033	1.6989322123033013
0.6894614910248504	3.182240415032582
0.6895114918581977	4.102244610700865
0.6895614926915449	4.391577775323689
0.6896114935248921	3.952352380527187
0.6896614943582394	2.852791314156286
0.6897114951915866	1.3051710220421662
0.6897614960249339	-0.40888726755312
0.689811496858281	-1.9939250547523013
0.6898614976916283	-3.161464095346592
0.6899114985249755	-3.7559910448344582
0.6899614993583227	-3.7428830739927648
0.6900115001916699	-3.269695905006833
0.6900615010250172	-2.539464689725482
0.6901115018583643	-1.817742019963141
0.6901615026917116	-1.4305650663242604
0.6902115035250588	-1.4781444507025254
0.690261504358406	-2.010747215176388
0.6903115051917532	-2.886276376546924
0.6903615060251005	-3.86642197317064
0.6904115068584477	-4.7046989054209565
0.6904615076917949	-5.220750678880955
0.6905115085251422	-5.269773712541445
0.6905615093584894	-4.864924298522177
0.6906115101918366	-4.021967218557286
0.6906615110251838	-2.9728241608523507
0.6907115118585311	-1.7833858343711402
0.6907615126918782	-0.6086104704833133
0.6908115135252255	0.5344988101770334
0.6908615143585727	1.5794811534426991
0.69091151519192	2.508621666732588
0.6909615160252671	3.2975891959241967
0.6910115168586144	3.975869362475693
0.6910615176919616	4.453836498524836
0.6911115185253088	4.692602927069941
0.691161519358656	4.778650229484739
0.6912115201920033	4.740375820078541
0.6912615210253505	4.692543388918615
0.6913115218586977	4.766952552417861
0.691361522692045	4.9303704188401705
0.6914115235253921	5.199452582942429
0.6914615243587394	5.427923929747326
0.6915115251920866	5.462268081474465
0.6915615260254339	5.147222840666509
0.691611526858781	4.427747234507477
0.6916615276921283	3.3710755094281195
0.6917115285254755	2.159273338636757
0.6917615293588227	1.1928508615159406
0.6918115301921699	0.6744391091363513
0.6918615310255172	0.836687516232862
0.6919115318588643	1.6135219395823286
0.6919615326922116	2.769170553182304
0.6920115335255588	3.849147013766197
0.692061534358906	4.380960683382463
0.6921115351922533	4.029109678102975
0.6921615360256005	2.651440905701852
0.6922115368589478	0.4632377915768893
0.6922615376922949	-2.0326510455890103
0.6923115385256422	-4.203800050693303
0.6923615393589894	-5.507615347397555
0.6924115401923366	-5.545342706391541
0.6924615410256838	-4.27592464925744
0.6925115418590311	-2.1148501673053586
0.6925615426923782	0.2745231992331881
0.6926115435257255	2.2038583819905573
0.6926615443590727	3.045580456812191
0.69271154519242	2.5444347907663416
0.6927615460257671	0.8232876209570391
0.6928115468591144	-1.5550377911823468
0.6928615476924616	-3.932004995486309
0.6929115485258088	-5.541238081115021
0.6929615493591561	-5.9728755785481225
0.6930115501925033	-5.049924477163888
0.6930615510258505	-3.2060049743384127
0.6931115518591977	-0.8479300146041411
0.693161552692545	1.3468847410511748
0.6932115535258921	2.8309153160088973
0.6932615543592394	3.363466033032738
0.6933115551925866	3.1122879781480326
0.6933615560259339	2.3597453089629568
0.693411556859281	1.6588313511524666
0.6934615576926283	1.4256051342761975
0.6935115585259755	1.774234855419404
0.6935615593593227	2.6271864288474376
0.6936115601926699	3.590492138839528
0.6936615610260172	4.127091802348612
0.6937115618593644	3.848003773018848
0.6937615626927116	2.5510896342217086
0.6938115635260589	0.3599817105330104
0.693861564359406	-2.3093843598606743
0.6939115651927533	-4.7926941811123545
0.6939615660261005	-6.4984565049072005
0.6940115668594478	-7.004709898476805
0.6940615676927949	-6.208389358784261
0.6941115685261422	-4.382572300626768
0.6941615693594894	-1.9483190465296516
0.6942115701928366	0.4006763587271726
0.6942615710261838	2.1749914654825613
0.6943115718595311	2.974135934713689
0.6943615726928782	2.829926496830856
0.6944115735262255	1.876815548915121
0.6944615743595727	0.5235002696444004
0.69451157519292	-0.8121296468303947
0.6945615760262672	-1.81364701115769
0.6946115768596144	-2.3663276492785914
0.6946615776929617	-2.4469105318025117
0.6947115785263088	-2.279384220345407
0.6947615793596561	-2.010543995374601
0.6948115801930033	-1.833023352067036
0.6948615810263505	-1.793728774251148
0.6949115818596977	-1.8516609841253853
0.694961582693045	-1.8761937358568423
0.6950115835263921	-1.7203660403889467
0.6950615843597394	-1.2792048275585994
0.6951115851930866	-0.5623282647489092
0.6951615860264339	0.4163472328730689
0.695211586859781	1.4633349868315768
0.6952615876931283	2.459123846791612
0.6953115885264755	3.313736365957825
0.6953615893598227	3.9508838431223303
0.69541159019317	4.340243008480639
0.6954615910265172	4.546242530847535
0.6955115918598644	4.5799662708835625
0.6955615926932116	4.409926297442888
0.6956115935265589	4.100040967458928
0.695661594359906	3.6185332884981207
0.6957115951932533	3.012384968425576
0.6957615960266005	2.363716551376951
0.6958115968599478	1.7751251356331534
0.6958615976932949	1.4216082877862333
0.6959115985266422	1.3923693413349345
0.6959615993599894	1.7586019411391494
0.6960116001933366	2.404470136081489
0.6960616010266838	3.1483118544074906
0.6961116018600311	3.7956278622918407
0.6961616026933783	3.9996650286769393
0.6962116035267255	3.667813222379881
0.6962616043600728	2.764426296969333
0.69631160519342	1.4022035715666403
0.6963616060267672	-0.1493588710108815
0.6964116068601144	-1.5286883008686023
0.6964616076934617	-2.485533874035177
0.6965116085268088	-2.831891525281455
0.6965616093601561	-2.5763245963670336
0.6966116101935033	-1.8620758019895784
0.6966616110268505	-1.0022276768863398
0.6967116118601977	-0.3686185844328
0.696761612693545	-0.1113895951500087
0.6968116135268921	-0.4500241260094542
0.6968616143602394	-1.2281643504101334
0.6969116151935866	-2.329258759476025
0.6969616160269339	-3.3927742896675377
0.6970116168602811	-4.20722302657023
0.6970616176936283	-4.525458498908683
0.6971116185269756	-4.336975839157128
0.6971616193603227	-3.7072331778326406
0.69721162019367	-2.851457519213987
0.6972616210270172	-2.0089453803312822
0.6973116218603644	-1.3591215926039568
0.6973616226937116	-1.007883202825684
0.6974116235270589	-1.0357110510333811
0.697461624360406	-1.340051756568749
0.6975116251937533	-1.75593997100562
0.6975616260271005	-2.160948128035485
0.6976116268604478	-2.392397403974052
0.6976616276937949	-2.3657024348309017
0.6977116285271422	-2.1010371434225323
0.6977616293604895	-1.5508623338672587
0.6978116301938366	-0.8265066595563627
0.6978616310271839	0.044569810187105
0.6979116318605311	0.930804787911417
0.6979616326938783	1.7317147168052482
0.6980116335272255	2.360834202587064
0.6980616343605728	2.702648011995782
0.6981116351939199	2.7936498495819886
0.6981616360272672	2.4777822457016176
0.6982116368606144	1.8610232079397109
0.6982616376939617	0.9970275918831144
0.6983116385273088	0.0346883776570238
0.6983616393606561	-0.8657705445859466
0.6984116401940033	-1.616959452659882
0.6984616410273505	-2.0786583753766577
0.6985116418606977	-2.212398458999598
0.698561642694045	-2.072295325822781
0.6986116435273922	-1.809235821014263
0.6986616443607394	-1.5221162246462148
0.6987116451940867	-1.3871708594408756
0.6987616460274338	-1.5019255399992846
0.6988116468607811	-1.9176203492404105
0.6988616476941283	-2.5945121783195844
0.6989116485274756	-3.4353749804873464
0.6989616493608227	-4.30553192811303
0.69901165019417	-5.068204970856929
0.6990616510275172	-5.597165302912654
0.6991116518608644	-5.817833699217858
0.6991616526942116	-5.768484810909282
0.6992116535275589	-5.454024423095936
0.699261654360906	-4.970057582528143
0.6993116551942533	-4.388114422324964
0.6993616560276005	-3.884072805914736
0.6994116568609478	-3.4823643527102046
0.699461657694295	-3.2703568773566234
0.6995116585276422	-3.2695227337193167
0.6995616593609895	-3.4067600310663635
0.6996116601943366	-3.6682404207176975
0.6996616610276839	-3.858582568055121
0.6997116618610311	-3.958591791402461
0.6997616626943783	-3.8702484470044807
0.6998116635277255	-3.590153344009252
0.6998616643610728	-3.133965643524311
0.6999116651944199	-2.6507975934119363
0.6999616660277672	-2.298758445293409
0.7000116668611144	-2.2331717844899064
0.7000616676944617	-2.4059822171224803
0.7001116685278088	-2.9155023401079725
0.7001616693611561	-3.580120502849291
0.7002116701945034	-4.186292146533571
0.7002616710278505	-4.496247855522883
0.7003116718611978	-4.289482093531299
0.700361672694545	-3.544972027366288
0.7004116735278922	-2.298867579329756
0.7004616743612394	-0.7866634244579216
0.7005116751945867	0.6659463762336946
0.7005616760279338	1.6397663912447442
0.7006116768612811	1.9378372267363424
0.7006616776946283	1.3959000162596416
0.7007116785279756	0.0804428659408042
0.7007616793613227	-1.7127196085787024
0.70081168019467	-3.662353553576812
0.7008616810280172	-5.325238988801785
0.7009116818613644	-6.38932473804444
0.7009616826947116	-6.7229162238752815
0.7010116835280589	-6.358557774966481
0.7010616843614061	-5.438547995974244
0.7011116851947533	-4.289266837077754
0.7011616860281006	-3.123003809514225
0.7012116868614477	-2.097838800360463
0.701261687694795	-1.3298081740670904
0.7013116885281422	-0.6970394954675291
0.7013616893614895	-0.1182078229904659
0.7014116901948366	0.5702776332518026
0.7014616910281839	1.41584155685734
0.7015116918615311	2.374150225187876
0.7015616926948783	3.3401270897088526
0.7016116935282255	4.169592399284747
0.7016616943615728	4.707999332598871
0.7017116951949199	4.929238202674456
0.7017616960282672	4.883507893624471
0.7018116968616144	4.698449955689932
0.7018616976949617	4.526011138347871
0.7019116985283089	4.503581441081785
0.7019616993616561	4.690041133263914
0.7020117001950034	4.984078297204939
0.7020617010283505	5.150591745155904
0.7021117018616978	5.045019025151944
0.702161702695045	4.57008473409626
0.7022117035283922	3.633174422328645
0.7022617043617394	2.459966728632561
0.7023117051950867	1.3486645739471
0.7023617060284338	0.5920584854758196
0.7024117068617811	0.628436358950984
0.7024617076951283	1.3970525190659702
0.7025117085284756	2.9110792079121035
0.7025617093618227	4.787313056906173
0.70261171019517	6.53941365226095
0.7026617110285173	7.637927669785696
0.7027117118618644	7.717274827055838
0.7027617126952117	6.608509596043195
0.7028117135285589	4.474021752206373
0.7028617143619061	1.7109624975605446
0.7029117151952533	-1.154582556452493
0.7029617160286006	-3.5267593051001
0.7030117168619477	-5.123680529611878
0.703061717695295	-5.7745162331126325
0.7031117185286422	-5.643659002354855
0.7031617193619895	-5.127469058405795
0.7032117201953366	-4.6193184857003065
0.7032617210286839	-4.5294279901384105
0.7033117218620311	-4.9410051252272895
0.7033617226953783	-5.762718536726358
0.7034117235287255	-6.637637935460641
0.7034617243620728	-7.094497750013431
0.70351172519542	-6.77392573274814
0.7035617260287672	-5.378293601465416
0.7036117268621145	-3.115034106398677
0.7036617276954616	-0.3074977049738128
0.7037117285288089	2.433569583848921
0.7037617293621561	4.388355201595918
0.7038117301955034	5.081665951600948
0.7038617310288505	4.251135417761251
0.7039117318621978	2.0349106371132826
0.703961732695545	-1.096127072190094
0.7040117335288922	-4.385775733310624
0.7040617343622394	-7.0545159780228985
0.7041117351955867	-8.547217020319037
0.7041617360289338	-8.5308854704255
0.7042117368622811	-7.043243345197316
0.7042617376956283	-4.486617523297514
0.7043117385289756	-1.5230471474515943
0.7043617393623228	1.2187487481218473
0.70441174019567	3.2009951595183117
0.7044617410290173	4.157018569814492
0.7045117418623644	4.117196930496424
0.7045617426957117	3.3538501495070907
0.7046117435290589	2.3015255225404987
0.7046617443624061	1.4397912029702908
0.7047117451957533	1.0660361885500622
0.7047617460291006	1.2541615931182757
0.7048117468624477	1.8622631200942852
0.704861747695795	2.6663267645522137
0.7049117485291422	3.290906165061811
0.7049617493624895	3.5000536709385783
0.7050117501958366	3.2486266763985663
0.7050617510291839	2.6451123517087844
0.7051117518625312	1.9255494468818528
0.7051617526958783	1.3966246579774702
0.7052117535292256	1.3873046232112525
0.7052617543625728	1.9650063157057809
0.70531175519592	3.040944984292193
0.7053617560292672	4.355009382725863
0.7054117568626145	5.504022287242203
0.7054617576959616	6.163298831610238
0.7055117585293089	6.134285765837512
0.7055617593626561	5.40785260951869
0.7056117601960034	4.1757391450666335
0.7056617610293505	2.7600472883423315
0.7057117618626978	1.6452044628774392
0.705761762696045	1.0836983271290903
0.7058117635293922	1.2532728562850122
0.7058617643627394	2.134365110547603
0.7059117651960867	3.44859808342284
0.705961766029434	4.822624059375414
0.7060117668627811	5.882861856890247
0.7060617676961284	6.394854582781359
0.7061117685294755	6.207265584912426
0.7061617693628228	5.395218672080715
0.70621177019617	4.233796693741796
0.7062617710295173	2.963195288899645
0.7063117718628644	1.88420210122964
0.7063617726962117	1.1222013905394803
0.7064117735295589	0.7130182282185339
0.7064617743629061	0.5522053894845094
0.7065117751962533	0.5728485096568947
0.7065617760296006	0.5942781840550201
0.7066117768629477	0.6039910792123078
0.706661777696295	0.6303107269340495
0.7067117785296422	0.7273342189093949
0.7067617793629895	1.125445259701504
0.7068117801963367	1.7878795279793127
0.7068617810296839	2.722727180235367
0.7069117818630312	3.75112181416793
0.7069617826963783	4.710586300405669
0.7070117835297256	5.364089218450187
0.7070617843630728	5.51546283538641
0.70711178519642	5.106569211331243
0.7071617860297672	4.271620279201961
0.7072117868631145	3.209822556755514
0.7072617876964616	2.139919333007291
0.7073117885298089	1.3385783290952171
0.7073617893631561	0.9711719478191858
0.7074117901965034	1.0270157061776204
0.7074617910298505	1.3858261916087646
0.7075117918631978	1.9116912238636183
0.7075617926965451	2.423012219753575
0.7076117935298922	2.767741985279517
0.7076617943632395	2.9708521303085007
0.7077117951965867	3.0165510080762528
0.7077617960299339	3.0821837652585886
0.7078117968632811	3.233193816294669
0.7078617976966284	3.50827745460268
0.7079117985299755	3.763686272196723
0.7079617993633228	3.912800063853359
0.70801180019667	3.732633309526927
0.7080618010300173	3.089743425696347
0.7081118018633644	1.924134676025421
0.7081618026967117	0.4070110782809286
0.7082118035300589	-1.1862509313149887
0.7082618043634061	-2.5345721695958567
0.7083118051967533	-3.237994209610884
0.7083618060301006	-3.133233503710852
0.7084118068634478	-2.1767001779112856
0.708461807696795	-0.5390752673099202
0.7085118085301423	1.3788484649852868
0.7085618093634894	3.197513579548372
0.7086118101968367	4.413197175840132
0.7086618110301839	4.858625993666861
0.7087118118635312	4.417603679637272
0.7087618126968783	3.306194358563169
0.7088118135302256	1.8724581720643936
0.7088618143635728	0.5315756092367564
0.70891181519692	-0.3078696211756689
0.7089618160302672	-0.4336308455696817
0.7090118168636145	0.1701383619753025
0.7090618176969616	1.2767075534932433
0.7091118185303089	2.5623783862583265
0.7091618193636561	3.5892519547965525
0.7092118201970034	4.02851419266146
0.7092618210303506	3.6891010914519726
0.7093118218636978	2.546828484637848
0.7093618226970451	0.8467360005124368
0.7094118235303922	-1.0737631184230432
0.7094618243637395	-2.8113402276693003
0.7095118251970867	-3.980971627343786
0.7095618260304339	-4.3451672205365295
0.7096118268637811	-3.928544973602389
0.7096618276971284	-2.743878447525026
0.7097118285304755	-1.2499604034712566
0.7097618293638228	0.1729995902051074
0.70981183019717	1.145729975972416
0.7098618310305173	1.364820375547784
0.7099118318638644	0.7069883319729277
0.7099618326972117	-0.7386355536272181
0.710011833530559	-2.6523700166994404
0.7100618343639061	-4.6929388328085455
0.7101118351972534	-6.445483752092945
0.7101618360306006	-7.590561884722204
0.7102118368639478	-7.966004882672422
0.710261837697295	-7.634755133539892
0.7103118385306423	-6.7699396997727
0.7103618393639894	-5.728272242017065
0.7104118401973367	-4.8873479048139385
0.7104618410306839	-4.385884374132462
0.7105118418640312	-4.391967939474402
0.7105618426973783	-4.697816680563573
0.7106118435307256	-5.036661354866848
0.7106618443640728	-5.036792330634293
0.71071184519742	-4.348554424619721
0.7107618460307672	-2.7495636301963438
0.7108118468641145	-0.3427788963880864
0.7108618476974617	2.6480171662553262
0.7109118485308089	5.70652716599809
0.7109618493641562	8.306262765960257
0.7110118501975033	9.960380011381472
0.7110618510308506	10.373192121600766
0.7111118518641978	9.500290274525028
0.7111618526975451	7.581114051522594
0.7112118535308922	5.050262165434277
0.7112618543642395	2.4601954980372884
0.7113118551975867	0.3498729282340171
0.7113618560309339	-0.8940490446804612
0.7114118568642811	-1.1746030941401622
0.7114618576976284	-0.4336567939948275
0.7115118585309755	0.9473677718818844
0.7115618593643228	2.6915879449238296
0.71161186019767	4.347589666993044
0.7116618610310173	5.637928800225357
0.7117118618643645	6.3278374770603545
0.7117618626977117	6.38985267343462
0.711811863531059	5.917442873078358
0.7118618643644061	5.014191824655639
0.7119118651977534	3.899808934312978
0.7119618660311006	2.73651989297622
0.7120118668644478	1.7080303207709155
0.712061867697795	0.84871748410835
0.7121118685311423	0.2039042303949206
0.7121618693644894	-0.2873110127753751
0.7122118701978367	-0.7392338682709103
0.7122618710311839	-1.236063484372913
0.7123118718645312	-1.8737085046362407
0.7123618726978783	-2.719869896179792
0.7124118735312256	-3.681521860146613
0.7124618743645729	-4.669077468683389
0.71251187519792	-5.496745939518011
0.7125618760312673	-5.956215798771936
0.7126118768646145	-5.793613068372941
0.7126618776979617	-4.928804485958456
0.7127118785313089	-3.405358809325493
0.7127618793646562	-1.401349188766238
0.7128118801980033	0.8219593852203357
0.7128618810313506	2.8247393857220837
0.7129118818646978	4.344523825388114
0.7129618826980451	5.066112993169155
0.7130118835313922	4.993130646524095
0.7130618843647395	4.241268823324929
0.7131118851980867	3.1396997164845675
0.7131618860314339	2.01625602230047
0.7132118868647811	1.1955629550704507
0.7132618876981284	0.8496107805876237
0.7133118885314756	0.9577068460003012
0.7133618893648228	1.370331623967294
0.7134118901981701	1.7580990661703395
0.7134618910315172	1.876036760200092
0.7135118918648645	1.5532128885821164
0.7135618926982117	0.7969102407616105
0.713611893531559	-0.2521167500449489
0.7136618943649061	-1.2820475820516986
0.7137118951982534	-1.9950662896834968
0.7137618960316006	-2.250269611634497
0.7138118968649478	-1.9664577394884848
0.713861897698295	-1.329688698570758
0.7139118985316423	-0.6213211500391697
0.7139618993649894	-0.1614320271966037
0.7140119001983367	-0.2117654836947768
0.714061901031684	-0.8071339772152928
0.7141119018650312	-1.7757543757931464
0.7141619026983784	-2.857184793704607
0.7142119035317256	-3.71661278649485
0.7142619043650729	-4.031745488322092
0.71431190519842	-3.825247216156336
0.7143619060317673	-3.162020056333668
0.7144119068651145	-2.2990584427370147
0.7144619076984617	-1.6368737851177548
0.7145119085318089	-1.3903564924049585
0.7145619093651562	-1.6837558277975568
0.7146119101985033	-2.4075650994218254
0.7146619110318506	-3.2528522670459923
0.7147119118651978	-3.8412446458227993
0.714761912698545	-3.826725300717499
0.7148119135318922	-3.1059828926572663
0.7148619143652395	-1.785505619531239
0.7149119151985868	-0.1379170301128603
0.7149619160319339	1.4163295863253935
0.7150119168652812	2.454562618614948
0.7150619176986284	2.8502114223147896
0.7151119185319756	2.551092225109996
0.7151619193653228	1.90690818179855
0.7152119201986701	1.3253153612168425
0.7152619210320172	1.146589677660133
0.7153119218653645	1.6073177860147871
0.7153619226987117	2.6994181513463413
0.715411923532059	4.125022223534539
0.7154619243654061	5.353971875249043
0.7155119251987534	6.024937625222921
0.7155619260321006	5.719293701084483
0.7156119268654478	4.386356455977916
0.715661927698795	2.291071928445386
0.7157119285321423	-0.1379948310539803
0.7157619293654895	-2.3098228288673197
0.7158119301988367	-3.777945087437456
0.715861931032184	-4.277621997849328
0.7159119318655311	-3.8300538378568727
0.7159619326988784	-2.7862088047556464
0.7160119335322256	-1.479469474308024
0.7160619343655729	-0.4429173653361687
0.71611193519892	0.1730548354639522
0.7161619360322673	0.2398136347228658
0.7162119368656145	-0.0338937998014624
0.7162619376989617	-0.3697208039455235
0.7163119385323089	-0.4357041965951864
0.7163619393656562	-0.156458024100044
0.7164119401990033	0.4090332996757245
0.7164619410323506	1.109493949870838
0.7165119418656979	1.5392154964641818
0.716561942699045	1.47350154050496
0.7166119435323923	0.8014217280772803
0.7166619443657395	-0.3554756208949904
0.7167119451990868	-1.6407338624102203
0.7167619460324339	-2.6094790628355606
0.7168119468657812	-2.790171853251909
0.7168619476991284	-2.0017119365421854
0.7169119485324756	-0.216368625712662
0.7169619493658228	2.2047095004579007
0.7170119501991701	4.787491185925592
0.7170619510325172	6.936396954703777
0.7171119518658645	8.230017717949144
0.7171619526992117	8.465301915823115
0.717211953532559	7.713541379143516
0.7172619543659061	6.335070051850321
0.7173119551992534	4.789952710561952
0.7173619560326007	3.505841603413528
0.7174119568659478	2.813089997461556
0.7174619576992951	2.8002749189599214
0.7175119585326423	3.279798783068499
0.7175619593659895	3.9932987920375873
0.7176119601993367	4.600411801961854
0.717661961032684	4.819089736649388
0.7177119618660311	4.579571858459914
0.7177619626993784	3.927069101362615
0.7178119635327256	3.0912933624652825
0.7178619643660729	2.351620344393235
0.71791196519942	1.9056918153346232
0.7179619660327673	1.8163304348299525
0.7180119668661145	2.1494266832420057
0.7180619676994617	2.6398498288892167
0.7181119685328089	3.0383190235910607
0.7181619693661562	3.15015726921114
0.7182119701995034	2.781219865866169
0.7182619710328506	1.8875398908854328
0.7183119718661979	0.5452394105033609
0.718361972699545	-0.992984971830832
0.7184119735328923	-2.5509269639332914
0.7184619743662395	-3.874315332141189
0.7185119751995868	-4.691383558906511
0.7185619760329339	-4.966219013052235
0.7186119768662812	-4.669211819615154
0.7186619776996284	-3.895326868475703
0.7187119785329756	-2.83632886845117
0.7187619793663228	-1.7383547397495356
0.7188119801996701	-0.7905805382218207
0.7188619810330172	-0.2665819678261478
0.7189119818663645	-0.20752368185288
0.7189619826997118	-0.612038121171594
0.719011983533059	-1.336594823608818
0.7190619843664062	-2.165534068886179
0.7191119851997534	-2.8004769589742446
0.7191619860331007	-3.0487886709323
0.7192119868664478	-2.738981225215777
0.7192619876997951	-1.998937149921604
0.7193119885331423	-0.9196186944737808
0.7193619893664895	0.1313825187747375
0.7194119901998367	0.9129747270826054
0.719461991033184	1.1328130134817118
0.7195119918665311	0.7800157537652862
0.7195619926998784	-0.0822400586816254
0.7196119935332256	-1.134255480178635
0.7196619943665729	-2.0915818164474107
0.71971199519992	-2.601615992050175
0.7197619960332673	-2.499293228379287
0.7198119968666146	-1.784212834328504
0.7198619976999617	-0.7068739958123568
0.719911998533309	0.4658802159207262
0.7199619993666562	1.4358563067002377
0.7200120002000034	2.022515786249918
0.7200620010333506	2.201019666177123
0.7201120018666979	2.204553351693521
0.720162002700045	2.2552155116887063
0.7202120035333923	2.635747123515751
0.7202620043667395	3.399639637840102
0.7203120052000868	4.437895364214022
0.7203620060334339	5.45995727749529
0.7204120068667812	5.993974761045464
0.7204620077001284	5.607136266915453
0.7205120085334756	4.163900987530463
0.7205620093668228	1.7987025671329668
0.7206120102001701	-1.092448594985674
0.7206620110335173	-3.7752000742934015
0.7207120118668645	-5.581242365567742
0.7207620127002118	-5.970592076630274
0.720812013533559	-4.80638705886328
0.7208620143669062	-2.36163632495205
0.7209120152002534	0.7575117954029935
0.7209620160336007	3.651353702673391
0.7210120168669478	5.696645121242838
0.7210620177002951	6.328854326107231
0.7211120185336423	5.563297282092481
0.7211620193669895	3.804390519849292
0.7212120202003367	1.628286931499181
0.721262021033684	-0.1904680735908967
0.7213120218670311	-1.1458229387318182
0.7213620227003784	-1.0519950627646808
0.7214120235337257	-0.1398284213828916
0.7214620243670729	1.10493737263225
0.7215120252004201	2.058476409208153
0.7215620260337673	2.21878734396806
0.7216120268671146	1.423715669870325
0.7216620277004617	-0.1811873611662551
0.721712028533809	-2.037215683616644
0.7217620293671562	-3.5582843419549364
0.7218120302005034	-4.153414284596939
0.7218620310338506	-3.56680157194565
0.7219120318671979	-1.929332013205048
0.721962032700545	0.371419150954354
0.7220120335338923	2.6345824281125827
0.7220620343672395	4.2530430312780565
0.7221120352005868	4.798791470898872
0.7221620360339339	4.152707314488221
0.7222120368672812	2.5718642312536084
0.7222620377006285	0.5506105816701183
0.7223120385339756	-1.3559254716500158
0.7223620393673229	-2.6587592836242373
0.7224120402006701	-3.1215550914089976
0.7224620410340173	-2.8321621340639136
0.7225120418673645	-1.9505520700239083
0.7225620427007118	-0.8449473554368178
0.722612043534059	0.1789159393685604
0.7226620443674062	0.9124592752091856
0.7227120452007534	1.3375714776401155
0.7227620460341007	1.5588974362667245
0.7228120468674478	1.5938276025390012
0.7228620477007951	1.5518557186188835
0.7229120485341423	1.4017936927533978
0.7229620493674895	1.007482414885004
0.7230120502008367	0.2878342542037209
0.723062051034184	-0.8343249515390359
0.7231120518675312	-2.1309870275509035
0.7231620527008784	-3.345260653883692
0.7232120535342257	-4.0427972597758295
0.7232620543675728	-3.877092138079334
0.7233120552009201	-2.613446017146029
0.7233620560342673	-0.3515596290971781
0.7234120568676146	2.5403696173644
0.7234620577009617	5.45441092857386
0.723512058534309	7.802223065043526
0.7235620593676562	9.036246760299951
0.7236120602010034	8.952211260420386
0.7236620610343506	7.730219956859829
0.7237120618676979	5.846479122222767
0.723762062701045	3.8647843160695263
0.7238120635343923	2.4490828730039365
0.7238620643677396	1.9364667130720257
0.7239120652010868	2.3930838621209425
0.723962066034434	3.5043255543664973
0.7240120668677812	4.737503764785474
0.7240620677011285	5.63896465409458
0.7241120685344756	5.804019106374048
0.7241620693678229	5.150449428573594
0.7242120702011701	3.8769931268083626
0.7242620710345173	2.4246228956779827
0.7243120718678645	1.33143551832481
0.7243620727012118	0.9682969966343228
0.7244120735345589	1.4464742894998313
0.7244620743679062	2.5973465244657152
0.7245120752012534	4.094879843476285
0.7245620760346007	5.401675150976114
0.7246120768679478	6.078185745937704
0.7246620777012951	5.869687086506083
0.7247120785346424	4.794560938504163
0.7247620793679895	3.0827566540710167
0.7248120802013368	1.152761638428219
0.724862081034684	-0.6607694696169476
0.7249120818680312	-2.0429876551902835
0.7249620827013784	-2.824787126051652
0.7250120835347257	-3.107016030213225
0.7250620843680728	-2.992444546104997
0.7251120852014201	-2.651289553298965
0.7251620860347673	-2.2441569079868717
0.7252120868681146	-1.8492987379975443
0.7252620877014617	-1.4158562327078263
0.725312088534809	-0.9596837098210704
0.7253620893681562	-0.4831707952537748
0.7254120902015034	-0.0516084048467719
0.7254620910348506	0.1885476619274863
0.7255120918681979	0.1823121114661631
0.7255620927015451	-0.0950220855928095
0.7256120935348923	-0.5439245997698734
0.7256620943682396	-0.976332914416438
0.7257120952015867	-1.1551340920689426
0.725762096034934	-0.7623947546135018
0.7258120968682812	0.1975335126736226
0.7258620977016285	1.719376076978156
0.7259120985349756	3.415889354294337
0.7259620993683229	4.934933809172012
0.7260121002016701	5.840046798808022
0.7260621010350173	5.811352778819364
0.7261121018683645	4.967378133654051
0.7261621027017118	3.393222350136427
0.7262121035350589	1.730421418140907
0.7262621043684062	0.4030432233125269
0.7263121052017535	-0.1207136211001417
0.7263621060351007	0.3349723367172692
0.7264121068684479	1.621498024178282
0.7264621077017951	3.3733613988614333
0.7265121085351424	5.019081016276869
0.7265621093684895	6.082556564034735
0.7266121102018368	6.246106248922855
0.726662111035184	5.521354127230161
0.7267121118685312	4.223563007714828
0.7267621127018784	2.828282479120516
0.7268121135352257	1.8275838133194664
0.7268621143685728	1.5745341699424038
0.7269121152019201	2.175867257143946
0.7269621160352673	3.427845965216842
0.7270121168686146	4.8761977523440985
0.7270621177019617	6.077652191090558
0.727112118535309	6.675303843983894
0.7271621193686563	6.512225124311243
0.7272121202020034	5.716545764302263
0.7272621210353507	4.5758691634037625
0.7273121218686979	3.4330381968290267
0.7273621227020451	2.740451177117708
0.7274121235353923	2.60313846136461
0.7274621243687396	2.9741023601976284
0.7275121252020867	3.587261267828434
0.727562126035434	4.199087660764947
0.7276121268687812	4.457258208655816
0.7276621277021285	4.261739628697423
0.7277121285354756	3.588601292361496
0.7277621293688229	2.658241476490863
0.7278121302021701	1.7198787354266674
0.7278621310355173	1.0126364661444718
0.7279121318688645	0.6957701570225254
0.7279621327022118	0.8071611024597726
0.728012133535559	1.2168928234711591
0.7280621343689062	1.7993333526844069
0.7281121352022535	2.345791238454819
0.7281621360356006	2.750613139257683
0.7282121368689479	2.96854086239088
0.7282621377022951	2.963499744071432
0.7283121385356424	2.781952475848469
0.7283621393689895	2.402674534654268
0.7284121402023368	1.7583989512213267
0.728462141035684	0.8448436038352025
0.7285121418690312	-0.2914043578802537
0.7285621427023784	-1.601866897111056
0.7286121435357257	-2.832172880217104
0.7286621443690728	-3.762643488577986
0.7287121452024201	-4.121874878707641
0.7287621460357674	-3.878493688447878
0.7288121468691146	-2.9292839010846565
0.7288621477024618	-1.548260152110304
0.728912148535809	-0.192400407333481
0.7289621493691563	0.8695896824495841
0.7290121502025034	1.2750171141454336
0.7290621510358507	0.9933438947746446
0.7291121518691979	0.2185474235903396
0.7291621527025451	-0.6424936089677203
0.7292121535358923	-1.114686877465751
0.7292621543692396	-0.7946622303299378
0.7293121552025867	0.4665081274660869
0.729362156035934	2.333160358661553
0.7294121568692812	4.371072794891653
0.7294621577026285	5.930253748019488
0.7295121585359756	6.457813873422911
0.7295621593693229	5.655448186093242
0.7296121602026702	3.631568605389699
0.7296621610360173	0.9647234680191454
0.7297121618693646	-1.5692626603601574
0.7297621627027118	-3.1969811502646
0.729812163536059	-3.4182436632004305
0.7298621643694062	-2.073342966869561
0.7299121652027535	0.4007945543770559
0.7299621660361006	3.293397583395528
0.7300121668694479	5.652819139991189
0.7300621677027951	6.804604663433635
0.7301121685361424	6.433969929311466
0.7301621693694895	4.734257648537072
0.7302121702028368	2.2750063316080755
0.730262171036184	-0.0675928631800084
0.7303121718695312	-1.49941047998254
0.7303621727028784	-1.63209636351079
0.7304121735362257	-0.4310797510328739
0.730462174369573	1.5841359518169995
0.7305121752029201	3.69468414072312
0.7305621760362674	5.129094571092488
0.7306121768696145	5.342744264417975
0.7306621777029618	4.2570859378941766
0.730712178536309	2.215338410751534
0.7307621793696563	-0.1292402747558557
0.7308121802030034	-2.0040029347575
0.7308621810363507	-2.8616892959891844
0.7309121818696979	-2.509666513463694
0.7309621827030451	-1.093034465464552
0.7310121835363923	0.7497082124749602
0.7310621843697396	2.520904494284605
0.7311121852030867	3.58937532963852
0.731162186036434	3.770007814377435
0.7312121868697813	3.1568805043541666
0.7312621877031285	2.120984666048366
0.7313121885364757	1.0917864337530263
0.7313621893698229	0.4261340965587736
0.7314121902031702	0.2843442473224116
0.7314621910365173	0.4218276235726653
0.7315121918698646	0.5344805479671972
0.7315621927032118	0.2037586075742898
0.731612193536559	-0.7988902245289972
0.7316621943699062	-2.382002016660355
0.7317121952032535	-4.2164751805483744
0.7317621960366006	-5.712673452193718
0.7318121968699479	-6.394910184417479
0.7318621977032951	-5.895664937430001
0.7319121985366424	-4.3193381691535535
0.7319621993699895	-2.122301730993141
0.7320122002033368	0.0084337761947663
0.7320622010366841	1.3125923127227022
0.7321122018700312	1.3043641458152595
0.7321622027033785	-0.2613288029439822
0.7322122035367257	-2.959233905743235
0.7322622043700729	-6.108331639957416
0.7323122052034201	-8.85693140058515
0.7323622060367674	-10.498888942382203
0.7324122068701145	-10.650878078068324
0.7324622077034618	-9.37382884730929
0.732512208536809	-7.197347773469688
0.7325622093701563	-4.798472787287315
0.7326122102035034	-2.972338582272363
0.7326622110368507	-2.02230385200875
0.7327122118701979	-2.1034530331568644
0.7327622127035451	-2.8245392384244106
0.7328122135368924	-3.636446562299669
0.7328622143702396	-3.914116418248269
0.7329122152035868	-3.250976957559347
0.732962216036934	-1.6351005728240766
0.7330122168702813	0.6532289211107614
0.7330622177036284	3.0162023128510653
0.7331122185369757	4.782274351786212
0.7331622193703229	5.455298587840337
0.7332122202036702	4.84961948425146
0.7332622210370173	3.171944103208841
0.7333122218703646	0.8740587559346594
0.7333622227037118	-1.4116316448037158
0.733412223537059	-3.090060277288217
0.7334622243704062	-3.8029142571883305
0.7335122252037535	-3.466814609380492
0.7335622260371006	-2.264837719184558
0.7336122268704479	-0.601960228043855
0.7336622277037952	1.1023192195168348
0.7337122285371424	2.4632328705434885
0.7337622293704896	3.2497021186759607
0.7338122302038368	3.483045701029005
0.7338622310371841	3.144728057149306
0.7339122318705312	2.413391358458252
0.7339622327038785	1.4708548689410157
0.7340122335372257	0.376902215792795
0.7340622343705729	-0.6927952583133126
0.7341122352039201	-1.725185624409319
0.7341622360372674	-2.5570589007166697
0.7342122368706145	-3.1079263428440678
0.7342622377039618	-3.238767326793196
0.734312238537309	-2.8870390995902997
0.7343622393706563	-2.09596080617741
0.7344122402040034	-1.0558488159743205
0.7344622410373507	-0.0044091150130624
0.734512241870698	0.8068904052888533
0.7345622427040451	1.1325535570587852
0.7346122435373924	0.9049189088417716
0.7346622443707396	0.24734466193164
0.7347122452040868	-0.6364073575261135
0.734762246037434	-1.4224640734069944
0.7348122468707813	-1.792510735726152
0.7348622477041284	-1.6157304425831454
0.7349122485374757	-0.8896828779252843
0.7349622493708229	0.1728499324724889
0.7350122502041702	1.320929652100644
0.7350622510375173	2.301757414763235
0.7351122518708646	3.0370296914553583
0.7351622527042118	3.4313836898921037
0.735212253537559	3.716856020151877
0.7352622543709063	4.010067684764258
0.7353122552042535	4.518954004591056
0.7353622560376007	5.199405356457486
0.7354122568709479	5.841421259172534
0.7354622577042952	6.133236811932726
0.7355122585376423	5.783097238066381
0.7355622593709896	4.556525080123709
0.7356122602043368	2.560787765297284
0.7356622610376841	0.0796620998473095
0.7357122618710312	-2.369325274882925
0.7357622627043785	-4.274770644476118
0.7358122635377257	-5.202827693102374
0.7358622643710729	-5.003455991584019
0.7359122652044201	-3.9050844357749854
0.7359622660377674	-2.3095927699180434
0.7360122668711145	-0.7944141761589076
0.7360622677044618	0.1287221413733708
0.7361122685378091	0.2325029562010375
0.7361622693711563	-0.3436163877095934
0.7362122702045035	-1.2768524591146806
0.7362622710378507	-2.0237394654634016
0.736312271871198	-2.145715177242015
0.7363622727045451	-1.4355222682468554
0.7364122735378924	-0.0204714768560662
0.7364622743712396	1.5851101253573336
0.7365122752045868	2.821034103272627
0.736562276037934	3.102797617855228
0.7366122768712813	2.203596988062269
0.7366622777046284	0.2898109721216393
0.7367122785379757	-2.13372187385593
0.7367622793713229	-4.297173917835855
0.7368122802046702	-5.459954005039128
0.7368622810380173	-5.165261578140617
0.7369122818713646	-3.399406282186999
0.7369622827047119	-0.6270639282337301
0.737012283538059	2.4640910072130726
0.7370622843714063	5.035627756656476
0.7371122852047535	6.413378674020835
0.7371622860381007	6.383936952706817
0.7372122868714479	5.1490047876570895
0.7372622877047952	3.2970760584491203
0.7373122885381423	1.6176845573418912
0.7373622893714896	0.6661908766787812
0.7374122902048368	0.8144971182455436
0.7374622910381841	1.964323535717503
0.7375122918715312	3.663988938674497
0.7375622927048785	5.233079902512457
0.7376122935382257	6.120193289231933
0.7376622943715729	5.942570353151969
0.7377122952049202	4.681132295113885
0.7377622960382674	2.6407141720998872
0.7378122968716146	0.3974684896039251
0.7378622977049618	-1.5365974132415787
0.7379122985383091	-2.790308524568755
0.7379622993716562	-3.301085596132272
0.7380123002050035	-3.240075067634293
0.7380623010383507	-2.934747191510614
0.738112301871698	-2.657008158792567
0.7381623027050451	-2.596616097313517
0.7382123035383924	-2.6271350910930638
0.7382623043717396	-2.5589582670335007
0.7383123052050868	-2.0656057460687878
0.738362306038434	-0.9166072832858831
0.7384123068717813	0.8394133671789002
0.7384623077051284	2.9850812349046474
0.7385123085384757	4.948339664905728
0.738562309371823	6.26194399699713
0.7386123102051702	6.5283205434220655
0.7386623110385174	5.652275010484029
0.7387123118718646	3.923368088307576
0.7387623127052119	1.7951249581539708
0.738812313538559	-0.1009460569919009
0.7388623143719063	-1.2658166354286988
0.7389123152052535	-1.455405761541939
0.7389623160386007	-0.7355042495913778
0.7390123168719479	0.5393030316555194
0.7390623177052952	1.874681066140602
0.7391123185386423	2.8080346667117637
0.7391623193719896	3.2174345098628017
0.7392123202053368	3.1762348107466902
0.7392623210386841	2.945834460196275
0.7393123218720312	3.0072574682140965
0.7393623227053785	3.5772005478373354
0.7394123235387258	4.784696085578808
0.7394623243720729	6.352883427515742
0.7395123252054202	7.771340224617715
0.7395623260387674	8.472501117301706
0.7396123268721146	8.0453477937546
0.7396623277054618	6.38240131146242
0.7397123285388091	3.814763401363205
0.7397623293721562	0.8660812690436914
0.7398123302055035	-1.6606829724607062
0.7398623310388507	-3.1867307512109457
0.739912331872198	-3.3374554439069763
0.7399623327055451	-2.240696484388653
0.7400123335388924	-0.352739226986924
0.7400623343722396	1.7256288635147938
0.7401123352055868	3.344549706850384
0.7401623360389341	4.088638027162817
0.7402123368722813	3.961944147762718
0.7402623377056285	3.1930823405593243
0.7403123385389757	2.302259676583233
0.740362339372323	1.8146153203345023
0.7404123402056701	2.015562259802401
0.7404623410390174	2.8571978542764294
0.7405123418723646	4.036064171384476
0.7405623427057119	5.090640296675808
0.740612343539059	5.51477138979549
0.7406623443724063	5.081850453060928
0.7407123452057535	3.878567711245553
0.7407623460391007	2.266100701801908
0.7408123468724479	0.8161336842072
0.7408623477057952	0.1114350910375377
0.7409123485391423	0.4396435010464538
0.7409623493724896	1.8019306564846829
0.7410123502058369	3.851912462136003
0.741062351039184	6.009375840478647
0.7411123518725313	7.603049419331505
0.7411623527058785	8.19532115191258
0.7412123535392258	7.693541855324844
0.7412623543725729	6.278013518741263
0.7413123552059202	4.4685103129896175
0.7413623560392674	2.7464212033657445
0.7414123568726146	1.57198558833793
0.7414623577059618	1.136707631895149
0.7415123585393091	1.3667709460619304
0.7415623593726562	1.8747582794216917
0.7416123602060035	2.29861800766251
0.7416623610393507	2.3024713724896597
0.741712361872698	1.7622165945476431
0.7417623627060451	0.8360883501610942
0.7418123635393924	-0.2043323009209239
0.7418623643727397	-1.0533744893911776
0.7419123652060868	-1.4092211178185272
0.7419623660394341	-1.2670564788565972
0.7420123668727813	-0.8522939419620175
0.7420623677061285	-0.3803518171823711
0.7421123685394757	-0.1686541722461066
0.742162369372823	-0.4332281406652271
0.7422123702061701	-1.1022221835473478
0.7422623710395174	-1.9402473630329955
0.7423123718728646	-2.5867392040938992
0.7423623727062119	-2.790114806394421
0.742412373539559	-2.295171844397966
0.7424623743729063	-1.3031297957393075
0.7425123752062535	-0.1167541243124203
0.7425623760396007	0.7941037112082368
0.742612376872948	1.0482008612027407
0.7426623777062952	0.4120794191892235
0.7427123785396424	-1.0281725870008067
0.7427623793729896	-2.864729756541913
0.7428123802063369	-4.619207913293371
0.742862381039684	-5.7163320113498886
0.7429123818730313	-5.838000177379549
0.7429623827063785	-4.920970890884211
0.7430123835397258	-3.3123815932706044
0.7430623843730729	-1.446503312430793
0.7431123852064202	0.0352406142018414
0.7431623860397674	0.6988572430541937
0.7432123868731146	0.415341869757675
0.7432623877064618	-0.6753494468916897
0.7433123885398091	-2.1558652990862286
0.7433623893731562	-3.5067707410989497
0.7434123902065035	-4.222562295472094
0.7434623910398508	-4.115986427743392
0.743512391873198	-3.082125890257161
0.7435623927065452	-1.5579735037333782
0.7436123935398924	0.1390753929810634
0.7436623943732397	1.4902387610531125
0.7437123952065868	2.17796950499735
0.7437623960399341	2.090544211197217
0.7438123968732813	1.297343877531863
0.7438623977066285	0.0664015950938355
0.7439123985399757	-1.3340295721135818
0.743962399373323	-2.5559258377506198
0.7440124002066701	-3.437116195141345
0.7440624010400174	-3.829939860997961
0.7441124018733646	-3.6986997087973146
0.7441624027067119	-3.041763717460584
0.744212403540059	-1.9182392105855135
0.7442624043734063	-0.4670086603163312
0.7443124052067536	1.2269332977453504
0.7443624060401007	2.9211817209728395
0.744412406873448	4.391392190077551
0.7444624077067952	5.382834709297446
0.7445124085401424	5.696362938636547
0.7445624093734896	5.296311101007835
0.7446124102068369	4.399179158452973
0.744662411040184	3.273182897033913
0.7447124118735313	2.3764916373098823
0.7447624127068785	2.085919165643168
0.7448124135402258	2.545597452755296
0.7448624143735729	3.681628857369145
0.7449124152069202	5.128333508232568
0.7449624160402674	6.295523376842866
0.7450124168736146	6.5427573251545335
0.7450624177069619	5.54191284941062
0.7451124185403091	3.28556664034517
0.7451624193736563	0.1936669126588044
0.7452124202070035	-2.997629029182619
0.7452624210403508	-5.297428867362468
0.745312421873698	-5.960226656425945
0.7453624227070452	-4.668505872592689
0.7454124235403924	-1.5675780156945898
0.7454624243737397	2.5749844278031198
0.7455124252070868	6.746735870213129
0.7455624260404341	9.76970544565481
0.7456124268737813	10.889158334619106
0.7456624277071285	9.883837587655066
0.7457124285404757	7.03624281151763
0.745762429373823	3.2571838885902884
0.7458124302071701	-0.4145359560644183
0.7458624310405174	-3.043043004631639
0.7459124318738647	-4.080194279449674
0.7459624327072119	-3.5769778724248344
0.7460124335405591	-2.0568105764863023
0.7460624343739063	-0.3496824595139531
0.7461124352072536	0.7437184966550946
0.7461624360406007	0.6829763281770203
0.746212436873948	-0.5566569218066064
0.7462624377072952	-2.5605127662319256
0.7463124385406424	-4.557336099310903
0.7463624393739896	-5.802389001271705
0.7464124402073369	-5.7410567479648265
0.746462441040684	-4.293710940932247
0.7465124418740313	-1.9466793609039563
0.7465624427073785	0.7559110420065026
0.7466124435407258	2.8831296182989137
0.7466624443740729	3.931508326569469
0.7467124452074202	3.666152480720071
0.7467624460407675	2.3124279403881807
0.7468124468741146	0.4436848983597451
0.7468624477074619	-1.2964334774027018
0.7469124485408091	-2.358243513455469
0.7469624493741563	-2.5593522584378325
0.7470124502075035	-2.0435362327580258
0.7470624510408508	-1.308385710700258
0.747112451874198	-0.8672951877035286
0.7471624527075452	-1.0969761901591693
0.7472124535408924	-2.0442751516513216
0.7472624543742397	-3.540031361397051
0.7473124552075868	-5.001307919073593
0.7473624560409341	-5.864338138987914
0.7474124568742813	-5.644067097776274
0.7474624577076285	-4.331124973983301
0.7475124585409758	-2.174459544855157
0.747562459374323	0.2326127222700625
0.7476124602076702	2.2623781223038497
0.7476624610410174	3.3679106084117607
0.7477124618743647	3.354061074034181
0.7477624627077119	2.3871709474962133
0.7478124635410591	0.9986230963143056
0.7478624643744063	-0.2338820478738188
0.7479124652077536	-0.824602044162931
0.7479624660411007	-0.6007548585953779
0.748012466874448	0.2864290178282923
0.7480624677077952	1.324045755102868
0.7481124685411424	1.93288933223036
0.7481624693744896	1.6453505700834858
0.7482124702078369	0.2694817473481741
0.748262471041184	-1.867846174403472
0.7483124718745313	-4.286655647191676
0.7483624727078786	-6.22030847780925
0.7484124735412258	-7.101626457312534
0.748462474374573	-6.549432838639962
0.7485124752079202	-4.69831546377655
0.7485624760412675	-2.004774064675336
0.7486124768746146	0.8028208191809325
0.7486624777079619	3.008143524516008
0.7487124785413091	4.106500697970377
0.7487624793746563	3.975560553646823
0.7488124802080035	2.8038085632208647
0.7488624810413508	1.1254464277378302
0.7489124818746979	-0.5422457959303933
0.7489624827080452	-1.7112483835514185
0.7490124835413924	-2.1811979976530864
0.7490624843747397	-2.013546444045038
0.7491124852080869	-1.526350034380324
0.7491624860414341	-1.0025283876005162
0.7492124868747814	-0.7735722210741423
0.7492624877081285	-0.9144585641897484
0.7493124885414758	-1.243211760159263
0.749362489374823	-1.5169230746509776
0.7494124902081702	-1.437834105483368
0.7494624910415174	-0.775451800434475
0.7495124918748647	0.403978194984991
0.7495624927082118	1.89581159266198
0.7496124935415591	3.320412833707686
0.7496624943749063	4.321035418921863
0.7497124952082536	4.550404464879923
0.7497624960416007	4.0275293242548695
0.749812496874948	2.885090533939269
0.7498624977082952	1.3932504859197563
0.7499124985416424	-0.0465322839321431
0.7499624993749897	-1.1164784060898525
0.7500125002083369	-1.6155236892899292
0.7500625010416841	-1.5316237761624212
0.7501125018750313	-0.9712640359087648
0.7501625027083786	-0.1370293185689793
0.7502125035417258	0.7632378166131404
0.750262504375073	1.6329667505866134
0.7503125052084202	2.3738632917938443
0.7503625060417675	2.9536707395196857
0.7504125068751146	3.2670654110599635
0.7504625077084619	3.334069022523177
0.7505125085418091	3.04875804152008
0.7505625093751563	2.338915788247093
0.7506125102085035	1.2929971741044983
0.7506625110418508	-0.0300167427899415
0.7507125118751979	-1.365233124639454
0.7507625127085452	-2.3493717061475143
0.7508125135418925	-2.7071930819510146
0.7508625143752397	-2.31581070893544
0.7509125152085869	-1.1628234493284046
0.7509625160419341	0.4350361406806279
0.7510125168752814	2.1379384090186044
0.7510625177086285	3.4707352946820085
0.7511125185419758	4.100145509450533
0.751162519375323	3.925342237571511
0.7512125202086702	3.1129427814614123
0.7512625210420174	2.0080084117187638
0.7513125218753647	1.0624701955530695
0.7513625227087118	0.6155147969123539
0.7514125235420591	0.857222719192116
0.7514625243754063	1.6427588224771814
0.7515125252087536	2.5748282078377125
0.7515625260421008	3.2081732458515364
0.751612526875448	3.171807602505329
0.7516625277087953	2.275338156567555
0.7517125285421424	0.6611426625336145
0.7517625293754897	-1.2302959635032813
0.7518125302088369	-2.838050545535518
0.7518625310421841	-3.617792603655728
0.7519125318755313	-3.3250900571127318
0.7519625327088786	-2.0070815196573037
0.7520125335422257	-0.1525813911657779
0.752062534375573	1.5950388233153103
0.7521125352089202	2.5761783158077973
0.7521625360422675	2.336519810705896
0.7522125368756146	0.7750998444530507
0.7522625377089619	-1.8473885162897936
0.7523125385423091	-4.879989654900711
0.7523625393756563	-7.593635113351703
0.7524125402090036	-9.415794592453263
0.7524625410423508	-9.958694661445396
0.752512541875698	-9.256770794286236
0.7525625427090452	-7.660602817199585
0.7526125435423925	-5.65264445518752
0.7526625443757397	-3.8203833235988527
0.7527125452090869	-2.483668540745172
0.7527625460424341	-1.8110845338629948
0.7528125468757814	-1.6421537975072102
0.7528625477091285	-1.7460441884758229
0.7529125485424758	-1.8463564166569928
0.752962549375823	-1.8557048576081885
0.7530125502091702	-1.7282496548299906
0.7530625510425174	-1.6446501145718957
0.7531125518758647	-1.818889994210612
0.7531625527092118	-2.3751539964829416
0.7532125535425591	-3.2511665046594387
0.7532625543759064	-4.269314957184266
0.7533125552092536	-5.0143267878419655
0.7533625560426008	-5.180815820401264
0.753412556875948	-4.555154474556478
0.7534625577092953	-3.225539242469139
0.7535125585426424	-1.3631303849864078
0.7535625593759897	0.535935232832512
0.7536125602093369	1.979526167952972
0.7536625610426841	2.692136497720336
0.7537125618760313	2.5376487154201794
0.7537625627093786	1.7366603580663018
0.7538125635427257	0.6656708880036715
0.753862564376073	-0.2341612773171434
0.7539125652094202	-0.688326857391837
0.7539625660427675	-0.5562856436833937
0.7540125668761147	-0.0482050627291905
0.7540625677094619	0.5178120451181124
0.7541125685428092	0.6917036048073695
0.7541625693761563	0.2242721165243631
0.7542125702095036	-1.0169528278634032
0.7542625710428508	-2.731051301410647
0.754312571876198	-4.551884997172311
0.7543625727095452	-5.945211977785383
0.7544125735428925	-6.579647849919465
0.7544625743762396	-6.343352251157003
0.7545125752095869	-5.330771931118738
0.7545625760429341	-3.930749908426893
0.7546125768762814	-2.5888761235727222
0.7546625777096285	-1.660070439064282
0.7547125785429758	-1.3352762569135253
0.754762579376323	-1.4439561644330614
0.7548125802096702	-1.733087665466703
0.7548625810430175	-1.7993504237727578
0.7549125818763647	-1.393142620803721
0.754962582709712	-0.4293362725562827
0.7550125835430591	0.8962701849917923
0.7550625843764064	2.246028910326693
0.7551125852097536	3.169377560749352
0.7551625860431008	3.374716004580906
0.755212586876448	2.77362475137025
0.7552625877097953	1.6267572849522811
0.7553125885431424	0.3267251344469835
0.7553625893764897	-0.7072695366355783
0.7554125902098369	-1.093662419534412
0.7554625910431841	-0.793015573186659
0.7555125918765313	0.0612965796475957
0.7555625927098786	1.0242468340410475
0.7556125935432257	1.7020615234473002
0.755662594376573	1.749972629643869
0.7557125952099203	1.1471650721325537
0.7557625960432675	0.2024024199039748
0.7558125968766147	-0.6687244002850824
0.7558625977099619	-0.9348289735586076
0.7559125985433092	-0.214978338826544
0.7559625993766563	1.4199046491126497
0.7560126002100036	3.643395199141641
0.7560626010433508	5.826510888071052
0.756112601876698	7.160835974868498
0.7561626027100452	7.106068742819029
0.7562126035433925	5.470998374103164
0.7562626043767396	2.5192647626904043
0.7563126052100869	-1.071352392509717
0.7563626060434341	-4.446678046246755
0.7564126068767814	-6.7217512237106165
0.7564626077101286	-7.427392607442606
0.7565126085434758	-6.428294027724716
0.7565626093768231	-4.177057236926167
0.7566126102101702	-1.357481555779089
0.7566626110435175	1.1965952412497347
0.7567126118768647	2.87514693010299
0.756762612710212	3.311778685150556
0.7568126135435591	2.7318520532413206
0.7568626143769064	1.489319314945347
0.7569126152102535	0.2348356579129068
0.7569626160436008	-0.5008850954682424
0.757012616876948	-0.4300419874868445
0.7570626177102953	0.4019742295442201
0.7571126185436424	1.688006213082716
0.7571626193769897	2.9165679020349
0.7572126202103369	3.683210395878933
0.7572626210436841	3.661575861242489
0.7573126218770314	2.975311301412013
0.7573626227103786	1.8248566728787927
0.7574126235437258	0.5538502401484222
0.757462624377073	-0.3994828084314406
0.7575126252104203	-0.854376966895541
0.7575626260437675	-0.766977753871196
0.7576126268771147	-0.3763253842247402
0.7576626277104619	0.0574491769176608
0.7577126285438092	0.209452449306744
0.7577626293771563	-0.0309153125154897
0.7578126302105036	-0.6783285165455559
0.7578626310438508	-1.4837116702448552
0.757912631877198	-2.2824914453692178
0.7579626327105452	-2.7789650955542538
0.7580126335438925	-2.8789647569481507
0.7580626343772396	-2.7449147075641624
0.7581126352105869	-2.477936237722759
0.7581626360439342	-2.380290830878864
0.7582126368772814	-2.5850154376875945
0.7582626377106286	-3.112904410445076
0.7583126385439758	-3.800730496329753
0.7583626393773231	-4.400608948116543
0.7584126402106702	-4.569657607539496
0.7584626410440175	-4.169576090729013
0.7585126418773647	-3.1378780929722883
0.7585626427107119	-1.6705679289913964
0.7586126435440591	-0.1760017567324531
0.7586626443774064	0.9742300250776648
0.7587126452107535	1.4629454767375716
0.7587626460441008	1.1697184160016083
0.758812646877448	0.2287469269271572
0.7588626477107953	-1.0598483649193475
0.7589126485441425	-2.275222504409132
0.7589626493774897	-2.950763797728375
0.759012650210837	-2.9315983754957307
0.7590626510441841	-2.066933039795127
0.7591126518775314	-0.5878582782448589
0.7591626527108786	1.2278715847080213
0.7592126535442258	2.982829973376771
0.759262654377573	4.350112982996468
0.7593126552109203	5.188175129054234
0.7593626560442674	5.410881203106594
0.7594126568776147	5.195798975183766
0.7594626577109619	4.709946361770366
0.7595126585443092	4.197976412436859
0.7595626593776563	3.829173939109409
0.7596126602110036	3.7086629517248575
0.7596626610443508	3.8297174981515623
0.759712661877698	4.135848423144728
0.7597626627110453	4.480843430551768
0.7598126635443925	4.783277570553448
0.7598626643777397	4.8914961229004765
0.7599126652110869	4.681710266383005
0.7599626660444342	4.149075033419396
0.7600126668777814	3.25059913088957
0.7600626677111286	2.111666186717473
0.7601126685444758	0.8602609461411242
0.7601626693778231	-0.1788425614164923
0.7602126702111702	-0.7962491967643381
0.7602626710445175	-0.7531504148527675
0.7603126718778647	0.016782512723352
0.7603626727112119	1.5510869986020208
0.7604126735445591	3.406963333952145
0.7604626743779064	5.308885816596313
0.7605126752112535	6.704371018360969
0.7605626760446008	7.282775051166871
0.7606126768779481	6.776162079542936
0.7606626777112953	5.306306012664351
0.7607126785446425	3.2615523418232284
0.7607626793779897	1.155691598329055
0.760812680211337	-0.4389703720601579
0.7608626810446841	-1.1497961873745022
0.7609126818780314	-0.8621317697337171
0.7609626827113786	0.2426205774699587
0.7610126835447258	1.6505443398400594
0.761062684378073	2.7725950901087835
0.7611126852114203	3.158025699503348
0.7611626860447674	2.596153295078001
0.7612126868781147	1.1696629532525804
0.7612626877114619	-0.6660880566600857
0.7613126885448092	-2.3380837884536
0.7613626893781564	-3.2661915056045907
0.7614126902115036	-3.1913745462301515
0.7614626910448509	-2.1333683309601765
0.761512691878198	-0.5227765102483746
0.7615626927115453	0.9471147976830996
0.7616126935448925	1.696699229667972
0.7616626943782397	1.2847528218716615
0.7617126952115869	-0.3257502992042012
0.7617626960449342	-2.773053211173436
0.7618126968782813	-5.287576599165497
0.7618626977116286	-7.134905501060827
0.7619126985449758	-7.661958089513097
0.7619626993783231	-6.636114456148678
0.7620127002116702	-4.326126729012739
0.7620627010450175	-1.340125271687091
0.7621127018783647	1.4804837417963927
0.7621627027117119	3.3400092229489173
0.7622127035450592	3.74284538496305
0.7622627043784064	2.70947018471676
0.7623127052117536	0.6081232478232727
0.7623627060451008	-1.762001209480886
0.7624127068784481	-3.648147432329399
0.7624627077117953	-4.416100255063333
0.7625127085451425	-3.885766351464493
0.7625627093784897	-2.2297978285047515
0.762612710211837	0.0010203111255188
0.7626627110451841	2.18969951411099
0.7627127118785314	3.68062635448258
0.7627627127118786	4.240202428561307
0.7628127135452258	3.892163859193161
0.762862714378573	3.033391150315771
0.7629127152119203	2.1542689440707834
0.7629627160452674	1.718816576975761
0.7630127168786147	1.9996968370416572
0.763062717711962	2.9482679654554538
0.7631127185453092	4.217564147505517
0.7631627193786564	5.288768410138708
0.7632127202120036	5.73824136500558
0.7632627210453509	5.25224126354692
0.763312721878698	3.823843996667308
0.7633627227120453	1.7647654717417411
0.7634127235453925	-0.503865417619827
0.7634627243787397	-2.4884365263281008
0.7635127252120869	-3.859757747917069
0.7635627260454342	-4.408094695397041
0.7636127268787813	-4.304621907936887
0.7636627277121286	-3.7745868867945096
0.7637127285454758	-3.09399811772733
0.7637627293788231	-2.5447483762262584
0.7638127302121703	-2.258963709915025
0.7638627310455175	-2.146817123205566
0.7639127318788648	-2.17704274577183
0.7639627327122119	-2.197039732071101
0.7640127335455592	-2.179795330598997
0.7640627343789064	-2.156840979387092
0.7641127352122536	-2.2795621463254188
0.7641627360456008	-2.6885029071137865
0.7642127368789481	-3.450254122948969
0.7642627377122952	-4.45933119469952
0.7643127385456425	-5.493623404130588
0.7643627393789897	-6.265672735338139
0.764412740212337	-6.474969210689177
0.7644627410456841	-5.9091783687954536
0.7645127418790314	-4.6717184019363085
0.7645627427123786	-2.9594309885773806
0.7646127435457258	-1.3018290727516617
0.7646627443790731	-0.1366791779088878
0.7647127452124203	0.1467355534917801
0.7647627460457675	-0.5376057849134676
0.7648127468791147	-2.078843150048624
0.764862747712462	-4.030984298299767
0.7649127485458092	-5.8208075869875975
0.7649627493791564	-6.957813913076403
0.7650127502125036	-7.094275156169879
0.7650627510458509	-6.214768784585526
0.765112751879198	-4.540686663134667
0.7651627527125453	-2.543917281014144
0.7652127535458925	-0.8096335788822454
0.7652627543792397	0.2472410953937727
0.7653127552125869	0.3486059770976176
0.7653627560459342	-0.4811575158620592
0.7654127568792813	-1.9513280695839308
0.7654627577126286	-3.677524748703215
0.7655127585459759	-5.193378891631903
0.765562759379323	-6.166474365441673
0.7656127602126703	-6.418003377404446
0.7656627610460175	-6.018619300812078
0.7657127618793648	-5.137304764921729
0.7657627627127119	-4.098414656014745
0.7658127635460592	-3.096299985636941
0.7658627643794064	-2.3949490846941703
0.7659127652127536	-2.027470912554546
0.7659627660461008	-1.976564608913812
0.7660127668794481	-2.1484874529895865
0.7660627677127952	-2.3223462088082063
0.7661127685461425	-2.3994415222766023
0.7661627693794897	-2.287054139980204
0.766212770212837	-1.8940692038450293
0.7662627710461842	-1.1926121861538788
0.7663127718795314	-0.3452799469520674
0.7663627727128787	0.645052655476959
0.7664127735462258	1.573225162072868
0.7664627743795731	2.300802779067847
0.7665127752129203	2.6860249580562643
0.7665627760462675	2.6541799682724787
0.7666127768796147	2.1957733821130283
0.766662777712962	1.4050565079913129
0.7667127785463091	0.5256377739651212
0.7667627793796564	-0.1896657607712726
0.7668127802130036	-0.472838488889393
0.7668627810463509	-0.1612976632611533
0.766912781879698	0.7232468321101615
0.7669627827130453	2.022623096544079
0.7670127835463925	3.3600232112602626
0.7670627843797397	4.267626136070689
0.767112785213087	4.357444518459294
0.7671627860464342	3.340943424580172
0.7672127868797814	1.2503291373823289
0.7672627877131286	-1.687358283755882
0.7673127885464759	-4.948941477763739
0.767362789379823	-7.869321445322248
0.7674127902131703	-9.935482342724375
0.7674627910465175	-10.775838663231188
0.7675127918798648	-10.275598450076847
0.7675627927132119	-8.681186119494228
0.7676127935465592	-6.4425532533573335
0.7676627943799064	-4.081482621794858
0.7677127952132536	-2.220522196107768
0.7677627960466008	-1.127516595809376
0.7678127968799481	-1.028280590286379
0.7678627977132954	-1.7634621830289157
0.7679127985466425	-3.070060096852594
0.7679627993799898	-4.593616617722542
0.768012800213337	-6.031801722666558
0.7680628010466842	-7.151728875796385
0.7681128018800314	-7.868906133946096
0.7681628027133787	-8.251699666059798
0.7682128035467258	-8.37698072988147
0.7682628043800731	-8.323252479029891
0.7683128052134203	-8.111800823696502
0.7683628060467675	-7.771621442934212
0.7684128068801147	-7.19296781327864
0.768462807713462	-6.323807173779057
0.7685128085468091	-5.109642997735663
0.7685628093801564	-3.58762841825926
0.7686128102135036	-1.9265019098593703
0.7686628110468509	-0.2582662793720309
0.7687128118801981	1.2542295645026795
0.7687628127135453	2.463101109311765
0.7688128135468926	3.2671807785533997
0.7688628143802397	3.682685945558676
0.768912815213587	3.6647439732409937
0.7689628160469342	3.316793969416482
0.7690128168802814	2.72635995206193
0.7690628177136286	1.9414500843335416
0.7691128185469759	1.0562357634581117
0.769162819380323	0.1563484692116262
0.7692128202136703	-0.6031743300496372
0.7692628210470175	-1.1123070331430611
0.7693128218803648	-1.312669976542038
0.7693628227137119	-1.0861472998158173
0.7694128235470592	-0.4876484775178542
0.7694628243804064	0.3431324635039972
0.7695128252137536	1.2837004494300897
0.7695628260471009	2.0368618864955605
0.7696128268804481	2.432256070706438
0.7696628277137953	2.3901905761309665
0.7697128285471425	1.9251391410738516
0.7697628293804898	1.1993734575459016
0.769812830213837	0.443496375487325
0.7698628310471842	-0.108917022954563
0.7699128318805314	-0.3267705509023543
0.7699628327138787	-0.1926051736349266
0.7700128335472258	0.235215442566412
0.7700628343805731	0.729750479564777
0.7701128352139203	1.0524236264434288
0.7701628360472675	1.01328237573848
0.7702128368806147	0.6085916072999821
0.770262837713962	-0.0572402400017184
0.7703128385473093	-0.8094308552438065
0.7703628393806564	-1.462966378043608
0.7704128402140037	-1.825955935953245
0.7704628410473509	-1.893348220220994
0.7705128418806981	-1.7454395522222472
0.7705628427140453	-1.6123485515683318
0.7706128435473926	-1.674187800450441
0.7706628443807397	-2.0738338879795464
0.770712845214087	-2.806775482172391
0.7707628460474342	-3.6150474547016542
0.7708128468807814	-4.269604940931527
0.7708628477141286	-4.35058976472293
0.7709128485474759	-3.7216755305012152
0.770962849380823	-2.3392144962524406
0.7710128502141703	-0.4335870180983411
0.7710628510475175	1.5355771899449344
0.7711128518808648	3.088176452539502
0.771162852714212	3.742005565616857
0.7712128535475592	3.342820006680986
0.7712628543809065	1.9059364943040744
0.7713128552142536	-0.1872492943868613
0.7713628560476009	-2.419300317020822
0.7714128568809481	-4.27280358976462
0.7714628577142953	-5.2710100700786215
0.7715128585476425	-5.287176043747349
0.7715628593809898	-4.481072468266992
0.771612860214337	-3.202123995147767
0.7716628610476842	-1.99178574337632
0.7717128618810314	-1.254299067390643
0.7717628627143787	-1.17556165770778
0.7718128635477258	-1.7418106676483864
0.7718628643810731	-2.6434961983610035
0.7719128652144203	-3.4534288315328325
0.7719628660477675	-3.7694426810159207
0.7720128668811148	-3.367430519424505
0.772062867714462	-2.228501015206582
0.7721128685478093	-0.6267145493727502
0.7721628693811564	1.0542850860740465
0.7722128702145037	2.302497986386716
0.7722628710478509	2.8401009245169284
0.7723128718811981	2.546865767408227
0.7723628727145453	1.6332487340032444
0.7724128735478926	0.3260063282191633
0.7724628743812397	-0.8852475531720041
0.772512875214587	-1.6007847739625698
0.7725628760479342	-1.6717473227978168
0.7726128768812814	-1.1660577654057729
0.7726628777146286	-0.218291501197492
0.7727128785479759	0.7685759658221952
0.7727628793813232	1.4902313868823938
0.7728128802146703	1.8478322114483148
0.7728628810480176	1.7903759228518563
0.7729128818813648	1.5258897100816948
0.772962882714712	1.371580427404837
0.7730128835480592	1.5621100225732898
0.7730628843814065	2.2792494156200296
0.7731128852147536	3.497308163022658
0.7731628860481009	4.952298086282519
0.7732128868814481	6.364362650924392
0.7732628877147953	7.340159899665599
0.7733128885481425	7.622282309939086
0.7733628893814898	7.159561450653029
0.773412890214837	6.068353987640732
0.7734628910481842	4.641055909907317
0.7735128918815314	3.207205305142315
0.7735628927148787	2.073834394602552
0.7736128935482259	1.4095360219492412
0.7736628943815731	1.2265965350512993
0.7737128952149204	1.3371879465193195
0.7737628960482675	1.507097378140139
0.7738128968816148	1.483078750973375
0.773862897714962	1.1017930248803895
0.7739128985483092	0.3489685407806166
0.7739628993816564	-0.6373609840533973
0.7740129002150037	-1.6213726477513624
0.7740629010483508	-2.292556154130996
0.7741129018816981	-2.49506973140158
0.7741629027150453	-2.202619941654857
0.7742129035483926	-1.5213001934931087
0.7742629043817397	-0.7625803973271215
0.774312905215087	-0.1911931528592596
0.7743629060484342	-0.1132536262464136
0.7744129068817814	-0.7115267835630159
0.7744629077151287	-1.9291460953725037
0.7745129085484759	-3.576839815084647
0.7745629093818232	-5.303821312562969
0.7746129102151703	-6.710279422639676
0.7746629110485176	-7.522619412687715
0.7747129118818648	-7.519837309867835
0.774762912715212	-6.739849743817327
0.7748129135485592	-5.307692688985263
0.7748629143819065	-3.5909616115491545
0.7749129152152536	-1.89967764152501
0.7749629160486009	-0.5706269923249171
0.7750129168819481	0.2800499348863738
0.7750629177152953	0.6229261613224365
0.7751129185486425	0.5566160695754894
0.7751629193819898	0.3105782063424163
0.775212920215337	0.1333965061662257
0.7752629210486842	0.116201180001632
0.7753129218820315	0.3554061795987088
0.7753629227153787	0.7633014213207482
0.7754129235487259	1.1681220189695207
0.7754629243820731	1.4423594294518824
0.7755129252154204	1.3879875259275627
0.7755629260487675	1.0241873370469523
0.7756129268821148	0.408614037013624
0.775662927715462	-0.2925308627509081
0.7757129285488092	-0.8453670622076694
0.7757629293821564	-1.1165265756592162
0.7758129302155037	-0.961198603856341
0.7758629310488508	-0.4877425645107617
0.7759129318821981	0.1759250503606626
0.7759629327155453	0.7653008653080855
0.7760129335488926	1.1123492032880935
0.7760629343822398	1.0073832551178614
0.776112935215587	0.4960536837825975
0.7761629360489343	-0.3219584728394085
0.7762129368822814	-1.2571653694264426
0.7762629377156287	-2.059604963677876
0.7763129385489759	-2.6029448267955324
0.7763629393823231	-2.8293423399285142
0.7764129402156703	-2.87579763418166
0.7764629410490176	-2.9324702671145624
0.7765129418823647	-3.3252253130461136
0.776562942715712	-4.086558932898603
0.7766129435490592	-5.327547175371057
0.7766629443824065	-6.768121048173076
0.7767129452157536	-8.069626117645758
0.7767629460491009	-8.82195514391354
0.7768129468824481	-8.664537091361664
0.7768629477157953	-7.373045303968121
0.7769129485491426	-5.108162135028214
0.7769629493824898	-2.14565023960488
0.777012950215837	0.9027160610463276
0.7770629510491842	3.49030642760241
0.7771129518825315	5.042365062944675
0.7771629527158787	5.335802638184306
0.7772129535492259	4.411764182556238
0.7772629543825731	2.6151927244375632
0.7773129552159204	0.5299780194768184
0.7773629560492675	-1.2695774168286174
0.7774129568826148	-2.3020501631019994
0.777462957715962	-2.4093220072472987
0.7775129585493092	-1.6549660141231433
0.7775629593826564	-0.3909846448369184
0.7776129602160037	0.8521998387848764
0.777662961049351	1.660692863815394
0.7777129618826981	1.6939983330259691
0.7777629627160454	1.008593369939201
0.7778129635493926	-0.1906854824186344
0.7778629643827398	-1.4497394213813342
0.777912965216087	-2.303718318970681
0.7779629660494343	-2.3018135600076954
0.7780129668827814	-1.44277489877539
0.7780629677161287	0.1847919767348492
0.7781129685494759	2.203253979919886
0.7781629693828231	4.004388396048888
0.7782129702161703	5.007617444855524
0.7782629710495176	4.904324458386365
0.7783129718828647	3.590055740197928
0.778362972716212	1.2866679393417726
0.7784129735495592	-1.5541051812623308
0.7784629743829065	-4.325585506747859
0.7785129752162537	-6.425491086669445
0.7785629760496009	-7.447511462066215
0.7786129768829482	-7.226243539855182
0.7786629777162953	-5.89880861860234
0.7787129785496426	-3.839223524040188
0.7787629793829898	-1.5521313354616957
0.778812980216337	0.4384640609571848
0.7788629810496842	1.7886106424945831
0.7789129818830315	2.284559334353518
0.7789629827163786	1.985942731358301
0.7790129835497259	1.118275034875904
0.7790629843830731	0.0160215469359259
0.7791129852164204	-0.8837249476995211
0.7791629860497675	-1.3285431006068484
0.7792129868831148	-1.0954313155344284
0.779262987716462	-0.1976626053938533
0.7793129885498092	1.2249021153120432
0.7793629893831565	2.876511300820054
0.7794129902165037	4.471347353698601
0.779462991049851	5.684177571451599
0.7795129918831981	6.299962412741422
0.7795629927165454	6.182910006484963
0.7796129935498926	5.389027440577611
0.7796629943832398	4.005343235984046
0.779712995216587	2.2823196981639238
0.7797629960499343	0.4563661408872783
0.7798129968832814	-1.2681720902637772
0.7798629977166287	-2.6046012335166253
0.7799129985499759	-3.495603060569316
0.7799629993833231	-3.8744360292985287
0.7800130002166703	-3.818727699401199
0.7800630010500176	-3.4293861319420125
0.7801130018833649	-2.862554003626141
0.780163002716712	-2.251557600063516
0.7802130035500593	-1.6939832573805278
0.7802630043834065	-1.295231539681904
0.7803130052167537	-1.0662847174875985
0.7803630060501009	-0.937749246305076
0.7804130068834482	-0.8859510782989518
0.7804630077167953	-0.872035209598742
0.7805130085501426	-0.8382791248493312
0.7805630093834898	-0.86397835101892
0.780613010216837	-0.9634545692267408
0.7806630110501842	-1.254360195354121
0.7807130118835315	-1.8347780900225663
0.7807630127168786	-2.697801945722008
0.7808130135502259	-3.90045319460958
0.7808630143835731	-5.270965527079
0.7809130152169204	-6.6031925013399775
0.7809630160502676	-7.608412026684314
0.7810130168836148	-8.085394465403503
0.7810630177169621	-7.799348724371363
0.7811130185503092	-6.671550305780667
0.7811630193836565	-4.775657087415724
0.7812130202170037	-2.3580113973772696
0.781263021050351	0.2176173397974744
0.7813130218836981	2.534930055959832
0.7813630227170454	4.213696564372904
0.7814130235503925	4.980985927865623
0.7814630243837398	4.791334140445205
0.781513025217087	3.744162326391389
0.7815630260504343	2.0928628279921684
0.7816130268837814	0.2661380713233809
0.7816630277171287	-1.3913591641000744
0.7817130285504759	-2.549355685570072
0.7817630293838231	-3.09000073074554
0.7818130302171704	-2.981465555718365
0.7818630310505176	-2.526527564944659
0.7819130318838649	-1.937895846229788
0.781963032717212	-1.410102366862442
0.7820130335505593	-1.1641000398944972
0.7820630343839065	-1.2469536308287097
0.7821130352172537	-1.583652973612749
0.7821630360506009	-1.9698466737855136
0.7822130368839482	-2.263653141035791
0.7822630377172953	-2.26004984155802
0.7823130385506426	-1.9361147665096723
0.7823630393839898	-1.3557022440952873
0.782413040217337	-0.6273080637552052
0.7824630410506842	-0.0098302203282107
0.7825130418840315	0.4075889554664549
0.7825630427173788	0.5223547696812112
0.7826130435507259	0.3867137431756348
0.7826630443840732	0.0819234985148665
0.7827130452174204	-0.297424078761286
0.7827630460507676	-0.5572838733688134
0.7828130468841148	-0.6494963982671991
0.7828630477174621	-0.62176637775365
0.7829130485508092	-0.5584687210741407
0.7829630493841565	-0.5214965440613337
0.7830130502175037	-0.671866603052726
0.783063051050851	-0.9962322282889976
0.7831130518841981	-1.4738755673879378
0.7831630527175454	-1.9296843805395407
0.7832130535508925	-2.2840095052317406
0.7832630543842398	-2.32143847294622
0.783313055217587	-1.994749949375396
0.7833630560509343	-1.3582586320754992
0.7834130568842815	-0.4460867045742011
0.7834630577176287	0.4790350087957798
0.783513058550976	1.3582266050630092
0.7835630593843231	2.0101297090647505
0.7836130602176704	2.401523170175716
0.7836630610510176	2.4265170607626274
0.7837130618843648	2.231301960607277
0.783763062717712	1.7725656870939714
0.7838130635510593	1.1263854366565125
0.7838630643844064	0.3730547301311515
0.7839130652177537	-0.5075431345952992
0.7839630660511009	-1.39945894146321
0.7840130668844482	-2.250257444307934
0.7840630677177953	-2.863610539375521
0.7841130685511426	-3.0476158810434386
0.7841630693844899	-2.701075495346787
0.784213070217837	-1.700225351457528
0.7842630710511843	-0.1911270946598922
0.7843130718845315	1.6426125986524949
0.7843630727178788	3.437585203659042
0.7844130735512259	4.83103194050119
0.7844630743845732	5.487906753803354
0.7845130752179204	5.2713806497971225
0.7845630760512676	4.264979710657396
0.7846130768846148	2.708152704982895
0.7846630777179621	1.007517678119274
0.7847130785513092	-0.3975439639838978
0.7847630793846565	-1.2299805004960245
0.7848130802180037	-1.3905122990711032
0.7848630810513509	-0.9987712197916682
0.7849130818846981	-0.3722137185001811
0.7849630827180454	0.1241293548133508
0.7850130835513927	0.2004416708377402
0.7850630843847398	-0.2875661235478123
0.7851130852180871	-1.2329730582083278
0.7851630860514343	-2.316080692168426
0.7852130868847815	-3.1074973061448308
0.7852630877181287	-3.28336433423182
0.785313088551476	-2.749069972564957
0.7853630893848231	-1.5679404974396711
0.7854130902181704	-0.1581008123828383
0.7854630910515176	0.9597301153163692
0.7855130918848648	1.225035128087867
0.785563092718212	0.2909039022682445
0.7856130935515593	-1.8955957020235648
0.7856630943849064	-4.944882338000161
0.7857130952182537	-8.307574497403081
0.7857630960516009	-11.1770426911057
0.7858130968849482	-12.931044520266989
0.7858630977182954	-13.178457059731004
0.7859130985516426	-11.841342515751288
0.7859630993849899	-9.327351415981092
0.786013100218337	-6.257941638692049
0.7860631010516843	-3.375534429634401
0.7861131018850315	-1.3796533927549308
0.7861631027183787	-0.5587728938043319
0.7862131035517259	-0.968986740257754
0.7862631043850732	-2.272337306119859
0.7863131052184203	-3.970776182093541
0.7863631060517676	-5.431545738862651
0.7864131068851148	-6.232953692817127
0.7864631077184621	-6.132500672118459
0.7865131085518092	-5.23474896496892
0.7865631093851565	-3.846021914396663
0.7866131102185038	-2.326250540587686
0.7866631110518509	-1.1512938557566543
0.7867131118851982	-0.6176780379400332
0.7867631127185454	-0.784412895464884
0.7868131135518927	-1.5458017257217795
0.7868631143852398	-2.5880914570698823
0.7869131152185871	-3.6652178285367225
0.7869631160519343	-4.434492818957335
0.7870131168852815	-4.745458410851376
0.7870631177186287	-4.5475209402859536
0.787113118551976	-3.95729533950587
0.7871631193853231	-3.1859575909307254
0.7872131202186704	-2.475323234727429
0.7872631210520176	-2.023627805589226
0.7873131218853648	-1.8454169062010568
0.787363122718712	-2.054561010479757
0.7874131235520593	-2.4912090920220007
0.7874631243854066	-3.0224988075434487
0.7875131252187537	-3.526665272892517
0.787563126052101	-3.806828207435486
0.7876131268854482	-3.8625118266042464
0.7876631277187954	-3.630962669691635
0.7877131285521426	-3.227060172686345
0.7877631293854899	-2.7230419569699817
0.787813130218837	-2.2459111137658514
0.7878631310521843	-1.9174138654083304
0.7879131318855315	-1.7964739951140296
0.7879631327188787	-1.880881399803822
0.7880131335522259	-2.073410100875046
0.7880631343855732	-2.307397253812653
0.7881131352189203	-2.437975833883013
0.7881631360522676	-2.346755857529073
0.7882131368856148	-2.02690368550944
0.7882631377189621	-1.4172085915781385
0.7883131385523093	-0.5886979574970757
0.7883631393856565	0.3522457064930111
0.7884131402190038	1.3953594784123655
0.7884631410523509	2.401474581726701
0.7885131418856982	3.365294345155686
0.7885631427190454	4.280693840433439
0.7886131435523926	5.14828061229906
0.7886631443857398	5.959478819977613
0.7887131452190871	6.64382994986337
0.7887631460524342	7.049935705672937
0.7888131468857815	7.071006932640268
0.7888631477191287	6.535649619891186
0.788913148552476	5.410177677594854
0.7889631493858231	3.7819145890270462
0.7890131502191704	1.84547434087036
0.7890631510525177	-0.1003597002566711
0.7891131518858648	-1.6647845676344315
0.7891631527192121	-2.658625439740453
0.7892131535525593	-2.888777105863185
0.7892631543859066	-2.4628584384798327
0.7893131552192537	-1.6578268878999445
0.789363156052601	-0.8542510501099402
0.7894131568859482	-0.3997415771279364
0.7894631577192954	-0.5886607051190055
0.7895131585526426	-1.3519610515670997
0.7895631593859899	-2.5800550313889565
0.789613160219337	-3.806789294935363
0.7896631610526843	-4.626763522386417
0.7897131618860315	-4.685450860713925
0.7897631627193787	-3.875590077281784
0.7898131635527259	-2.400377753697996
0.7898631643860732	-0.7198779075570068
0.7899131652194205	0.6308585936163355
0.7899631660527676	1.163271091545298
0.7900131668861149	0.5753438770849506
0.7900631677194621	-1.0337431132323187
0.7901131685528093	-3.310579109280982
0.7901631693861565	-5.639412345285914
0.7902131702195038	-7.311945889305278
0.7902631710528509	-7.843276042876166
0.7903131718861982	-7.064317874339115
0.7903631727195454	-5.141133431300603
0.7904131735528926	-2.430109490070228
0.7904631743862398	0.3454444469240812
0.7905131752195871	2.6404317563717927
0.7905631760529342	4.0431409940233305
0.7906131768862815	4.522627042522244
0.7906631777196287	4.2655108086606965
0.790713178552976	3.6880748106896335
0.7907631793863232	3.200709818774809
0.7908131802196704	3.084859717842146
0.7908631810530177	3.4116080538393527
0.7909131818863648	3.9313200842325946
0.7909631827197121	4.312499344967264
0.7910131835530593	4.211474222491347
0.7910631843864065	3.403480259589259
0.7911131852197537	1.932024973878829
0.791163186053101	0.1098334916154517
0.7912131868864481	-1.666731243947316
0.7912631877197954	-2.9227970013327957
0.7913131885531426	-3.36359506141584
0.7913631893864899	-2.9399376179314256
0.791413190219837	-1.986982342771561
0.7914631910531843	-0.8460129419672979
0.7915131918865316	-0.0517595863556784
0.7915631927198787	0.07730962378569
0.791613193553226	-0.5134668993717143
0.7916631943865732	-1.6579884464892856
0.7917131952199205	-2.891648065203817
0.7917631960532676	-3.792432447782175
0.7918131968866149	-3.98549350774606
0.791863197719962	-3.372178854651594
0.7919131985533093	-2.1282235359395405
0.7919631993866565	-0.6917731247419644
0.7920132002200038	0.4722313765062021
0.7920632010533509	0.9288283400873532
0.7921132018866982	0.5421271943767901
0.7921632027200454	-0.5420462475482302
0.7922132035533926	-1.956100664705892
0.7922632043867398	-3.069702630627944
0.7923132052200871	-3.4945508201655078
0.7923632060534344	-2.946512527894844
0.7924132068867815	-1.4912893383136765
0.7924632077201288	0.5269792164778259
0.792513208553476	2.5892997185031725
0.7925632093868232	4.1336614111738
0.7926132102201704	4.800313211385661
0.7926632110535177	4.529335799942005
0.7927132118868648	3.512875920562282
0.7927632127202121	2.2040415776909428
0.7928132135535593	1.163202891341172
0.7928632143869065	0.7676029929976579
0.7929132152202537	1.1734004481960083
0.792963216053601	2.3453519293044947
0.7930132168869481	3.897831059419902
0.7930632177202954	5.431807287947455
0.7931132185536426	6.472628309353131
0.7931632193869899	6.749752393320824
0.7932132202203371	6.251666040398771
0.7932632210536843	5.106633460228376
0.7933132218870316	3.639388341996862
0.7933632227203787	2.230431145231883
0.793413223553726	1.1245947198178363
0.7934632243870732	0.5139921653587537
0.7935132252204204	0.4032810605945512
0.7935632260537676	0.6964095994188818
0.7936132268871149	1.1655029774829282
0.793663227720462	1.7044031224639915
0.7937132285538093	2.1268103292007394
0.7937632293871565	2.3905181753435056
0.7938132302205038	2.4565809132547343
0.7938632310538509	2.3262508962531534
0.7939132318871982	1.9677587801553915
0.7939632327205455	1.4222021584126816
0.7940132335538926	0.7618979635845583
0.7940632343872399	-0.0226784877910356
0.7941132352205871	-0.7254484558486951
0.7941632360539344	-1.1853703219833207
0.7942132368872815	-1.2434535396787294
0.7942632377206288	-0.7549092010490503
0.794313238553976	0.2342039427132787
0.7943632393873232	1.6119051978127508
0.7944132402206704	3.12070591461151
0.7944632410540177	4.442906656469946
0.7945132418873648	5.318518634425934
0.7945632427207121	5.581830596958666
0.7946132435540593	5.263498238323399
0.7946632443874065	4.544148729346694
0.7947132452207537	3.665822389267933
0.794763246054101	2.950949873354676
0.7948132468874483	2.5650871139508347
0.7948632477207954	2.535888951419276
0.7949132485541427	2.6990828245544485
0.7949632493874899	2.926208151231703
0.7950132502208371	2.949016421318083
0.7950632510541843	2.676339124723561
0.7951132518875316	2.1101572574232392
0.7951632527208787	1.5002365505597302
0.795213253554226	1.1155941084928644
0.7952632543875732	1.2130245866741585
0.7953132552209204	1.934921083275734
0.7953632560542676	3.223210319687165
0.7954132568876149	4.79036572091877
0.795463257720962	6.1558376277993565
0.7955132585543093	6.909453030678947
0.7955632593876565	6.702733739222804
0.7956132602210038	5.476200343326747
0.795663261054351	3.3433901928362264
0.7957132618876982	0.8234781546969623
0.7957632627210455	-1.6733412924737596
0.7958132635543926	-3.59331964885946
0.7958632643877399	-4.7132332065783205
0.7959132652210871	-4.89456050141342
0.7959632660544343	-4.378804577583174
0.7960132668877815	-3.5156750920294155
0.7960632677211288	-2.672076275110083
0.796113268554476	-2.1292862360441083
0.7961632693878232	-2.014027174662778
0.7962132702211704	-2.290376809820604
0.7962632710545177	-2.699063579867978
0.7963132718878648	-3.0780855638442977
0.7963632727212121	-3.2535673451367035
0.7964132735545594	-3.1783531555868154
0.7964632743879065	-2.97873936249078
0.7965132752212538	-2.7552193512347443
0.796563276054601	-2.757227914685944
0.7966132768879483	-3.031122056308084
0.7966632777212954	-3.5892423850556
0.7967132785546427	-4.218921628340191
0.7967632793879899	-4.758049309970364
0.7968132802213371	-4.981210879395142
0.7968632810546843	-4.736799694482172
0.7969132818880316	-4.03909515452209
0.7969632827213787	-2.9734579757981883
0.797013283554726	-1.7533262047267335
0.7970632843880732	-0.6056401829747063
0.7971132852214204	0.357638257288202
0.7971632860547676	0.9941415872854432
0.7972132868881149	1.3322375391431935
0.7972632877214622	1.3487970689178057
0.7973132885548093	1.0753784751160431
0.7973632893881566	0.5515936539098625
0.7974132902215038	-0.2664344042028036
0.797463291054851	-1.273406481439359
0.7975132918881982	-2.4814810502149505
0.7975632927215455	-3.58919712617475
0.7976132935548926	-4.4006866004891805
0.7976632943882399	-4.648337725901178
0.7977132952215871	-4.062644497174222
0.7977632960549343	-2.6816023125435104
0.7978132968882815	-0.6735875249918353
0.7978632977216288	1.553982355593828
0.797913298554976	3.4045762407837463
0.7979632993883232	4.37794269982408
0.7980133002216704	4.1364945920871845
0.7980633010550177	2.6442177052283107
0.7981133018883649	0.095788098054841
0.7981633027217121	-2.80829317738418
0.7982133035550594	-5.454690047446693
0.7982633043884065	-7.20200158340431
0.7983133052217538	-7.651102201308538
0.798363306055101	-6.873840302278092
0.7984133068884482	-5.190780637908556
0.7984633077217954	-3.1448106375775984
0.7985133085551427	-1.4271684689964326
0.7985633093884899	-0.4429032523691434
0.7986133102218371	-0.3766804822341443
0.7986633110551843	-1.015328393014859
0.7987133118885316	-1.898108409135276
0.7987633127218787	-2.523956522537378
0.798813313555226	-2.45275120410412
0.7988633143885733	-1.5449140843379008
0.7989133152219204	0.0835146894535334
0.7989633160552677	1.9775549887219144
0.7990133168886149	3.680933201238229
0.7990633177219622	4.722694463051987
0.7991133185553093	4.875671372886945
0.7991633193886566	4.238262074650066
0.7992133202220038	3.107233523413466
0.799263321055351	1.9744264990868432
0.7993133218886982	1.2350177301940048
0.7993633227220455	1.1026943227359434
0.7994133235553926	1.58083324962009
0.7994633243887399	2.4141703501504463
0.7995133252220871	3.2634101751880795
0.7995633260554343	3.7651910987918313
0.7996133268887815	3.7609064345628704
0.7996633277221288	3.270548561246911
0.799713328555476	2.4943778654831674
0.7997633293888232	1.7139323653429956
0.7998133302221705	1.0895388139131907
0.7998633310555177	0.7662664344166285
0.7999133318888649	0.5753564564412208
0.7999633327222121	0.2612334604525487
0.8000133335555594	-0.417594198535488
0.8000633343889065	-1.5306160062667409
0.8001133352222538	-3.054152242830683
0.800163336055601	-4.601358728688552
0.8002133368889482	-5.759895621196104
0.8002633377222954	-6.124058371628502
0.8003133385556427	-5.551223296945059
0.8003633393889898	-4.177854193747097
0.8004133402223371	-2.4819585624232143
0.8004633410556843	-1.1802378764799917
0.8005133418890316	-0.8201795884189503
0.8005633427223788	-1.8016897403760743
0.800613343555726	-4.072995999454106
0.8006633443890733	-7.140708674382127
0.8007133452224204	-10.159248107492626
0.8007633460557677	-12.204186828808226
0.8008133468891149	-12.597889488905391
0.8008633477224621	-11.094729291773648
0.8009133485558093	-7.986052634402078
0.8009633493891566	-4.0777352671081895
0.8010133502225038	-0.4037158773302967
0.801063351055851	2.155275839610504
0.8011133518891982	2.9309352196150167
0.8011633527225455	1.9191814880352287
0.8012133535558926	-0.3845150289500599
0.8012633543892399	-3.051266894295217
0.8013133552225872	-5.078288539408877
0.8013633560559343	-5.74172367531614
0.8014133568892816	-4.69819388863888
0.8014633577226288	-2.267613495803137
0.801513358555976	0.9134560521893056
0.8015633593893232	3.878143152230676
0.8016133602226705	5.810980857572496
0.8016633610560177	6.249875712526776
0.8017133618893649	5.125267278581531
0.8017633627227121	2.968578830400449
0.8018133635560594	0.4188060002641559
0.8018633643894065	-1.6787481661609278
0.8019133652227538	-2.815937604777261
0.801963366056101	-2.817546940018244
0.8020133668894482	-1.861758797405247
0.8020633677227954	-0.462482602884871
0.8021133685561427	0.7518976083033562
0.80216336938949	1.3365401485004271
0.8022133702228371	1.0553679543924526
0.8022633710561844	0.0417703597698762
0.8023133718895316	-1.3431862649438095
0.8023633727228788	-2.603356078518749
0.802413373556226	-3.299627867520992
0.8024633743895733	-3.176230769277397
0.8025133752229204	-2.250024829061416
0.8025633760562677	-0.8067165988337748
0.8026133768896149	0.8257292391550259
0.8026633777229621	2.2232688897526414
0.8027133785563093	3.1285121377205565
0.8027633793896566	3.3668311554182013
0.8028133802230037	3.045144223239515
0.802863381056351	2.2196674637050453
0.8029133818896983	1.17023636592698
0.8029633827230455	0.0658782734376532
0.8030133835563927	-0.95918403108298
0.8030633843897399	-1.8058749740792044
0.8031133852230872	-2.397623897369609
0.8031633860564343	-2.7039652745993736
0.8032133868897816	-2.6373281486371
0.8032633877231288	-2.1598726501673973
0.803313388556476	-1.3051729696667207
0.8033633893898232	-0.0869606837105018
0.8034133902231705	1.3468418367733648
0.8034633910565177	2.721143447230058
0.8035133918898649	3.889505397854473
0.8035633927232121	4.6395126781311
0.8036133935565594	4.876065114530366
0.8036633943899065	4.63895292621356
0.8037133952232538	4.097520026890575
0.8037633960566011	3.37673371923502
0.8038133968899482	2.569743056995583
0.8038633977232955	1.789857864205083
0.8039133985566427	0.97253548173864
0.80396339938999	0.0555010895370187
0.8040134002233371	-1.0572427260628712
0.8040634010566844	-2.353440949888702
0.8041134018900316	-3.7169568870117766
0.8041634027233788	-4.914051649769567
0.804213403556726	-5.654699909265572
0.8042634043900733	-5.703714159796158
0.8043134052234204	-4.998471531246952
0.8043634060567677	-3.6296560588023423
0.8044134068901149	-1.8613683650411048
0.8044634077234621	-0.2060789968640095
0.8045134085568093	1.0624450784493007
0.8045634093901566	1.602920572366057
0.8046134102235039	1.4553169187150128
0.804663411056851	0.8523925454047062
0.8047134118901983	0.1581755633749306
0.8047634127235455	-0.2771023813631046
0.8048134135568927	-0.1275874722730855
0.8048634143902399	0.571705022721952
0.8049134152235872	1.6509676835350722
0.8049634160569343	2.6545800838983773
0.8050134168902816	3.254253193845214
0.8050634177236288	3.1657263921231094
0.805113418556976	2.351007245556094
0.8051634193903232	1.051764622616867
0.8052134202236705	-0.2534756931892278
0.8052634210570176	-1.057106042268674
0.8053134218903649	-0.9819363669683558
0.8053634227237122	0.0578702137582988
0.8054134235570594	1.797995085460999
0.8054634243904066	3.874692118762489
0.8055134252237538	5.658483677027952
0.8055634260571011	6.707099062598596
0.8056134268904482	6.840626238222956
0.8056634277237955	6.107582441481558
0.8057134285571427	4.942721285921079
0.80576342939049	3.7800194061078822
0.8058134302238371	3.0936081695357998
0.8058634310571844	3.016073586221051
0.8059134318905316	3.517302164761878
0.8059634327238788	4.212947845664717
0.806013433557226	4.653529317964134
0.8060634343905733	4.453370300533707
0.8061134352239204	3.543533536463371
0.8061634360572677	2.0561951563312304
0.806213436890615	0.4443879016569005
0.8062634377239621	-0.7571691992079855
0.8063134385573094	-1.0991903886091896
0.8063634393906566	-0.5289671194718665
0.8064134402240039	0.8203752857736888
0.806463441057351	2.3987838698219104
0.8065134418906983	3.597071087363788
0.8065634427240455	3.885180885292133
0.8066134435573927	3.029861076206291
0.8066634443907399	1.1978702711685625
0.8067134452240872	-1.0405878921880023
0.8067634460574343	-3.038935836916324
0.8068134468907816	-4.087863090663308
0.8068634477241288	-3.915450829023757
0.806913448557476	-2.5580592585129613
0.8069634493908232	-0.4709302894950065
0.8070134502241705	1.5698633711714602
0.8070634510575178	2.8565309177208578
0.8071134518908649	2.896996358297019
0.8071634527242122	1.6653943716923705
0.8072134535575594	-0.482862663339719
0.8072634543909066	-2.8809251874345665
0.8073134552242538	-4.762421522622878
0.8073634560576011	-5.579036454321775
0.8074134568909482	-5.240559308551745
0.8074634577242955	-3.89920823160766
0.8075134585576427	-2.183084473418756
0.80756345939099	-0.8021047750120651
0.8076134602243371	-0.2868785541113374
0.8076634610576844	-0.8213580674606522
0.8077134618910315	-2.2444370613616558
0.8077634627243788	-3.966998329218161
0.8078134635577261	-5.335580223477147
0.8078634643910733	-5.739144779400879
0.8079134652244205	-4.952789186624207
0.8079634660577677	-3.094686085868587
0.808013466891115	-0.6088916089776962
0.8080634677244621	1.8213499801403712
0.8081134685578094	3.63377742852745
0.8081634693911566	4.378181625816265
0.8082134702245038	4.089076668029648
0.808263471057851	3.0474931596371
0.8083134718911983	1.722620505093608
0.8083634727245455	0.624606112911604
0.8084134735578927	0.1603995068631168
0.8084634743912399	0.3357258310752565
0.8085134752245872	1.0528643772983677
0.8085634760579343	2.0372963842403293
0.8086134768912816	2.8759812016931794
0.8086634777246289	3.4919077909721983
0.808713478557976	3.807484804932735
0.8087634793913233	4.03078745712009
0.8088134802246705	4.39373057853928
0.8088634810580178	4.977907273544751
0.8089134818913649	5.871557900331762
0.8089634827247122	6.787465738962944
0.8090134835580594	7.397203484565577
0.8090634843914066	7.319956565624968
0.8091134852247538	6.341278886465877
0.8091634860581011	4.495119054823613
0.8092134868914482	2.107689875276951
0.8092634877247955	-0.3169331748752482
0.8093134885581427	-2.198175522895488
0.8093634893914899	-3.1287859026268148
0.8094134902248371	-2.9118140807499184
0.8094634910581844	-1.8434108029471437
0.8095134918915317	-0.2984640384851604
0.8095634927248788	1.1900053287930263
0.8096134935582261	2.083024646030503
0.8096634943915733	2.136665757409381
0.8097134952249205	1.423935609086611
0.8097634960582677	0.2350141096701851
0.809813496891615	-0.9106643559678804
0.8098634977249621	-1.6769642573476202
0.8099134985583094	-1.8881098999833004
0.8099634993916566	-1.5565783637990007
0.8100135002250038	-0.9755705070268764
0.810063501058351	-0.5314363769256711
0.8101135018916983	-0.517561300657848
0.8101635027250454	-1.072131680390752
0.8102135035583927	-1.9931711227552944
0.81026350439174	-3.00704031224911
0.8103135052250872	-3.6535993902213857
0.8103635060584344	-3.637872867383908
0.8104135068917816	-2.816648829930419
0.8104635077251289	-1.4078019711769008
0.810513508558476	0.2688278822021718
0.8105635093918233	1.75194107994257
0.8106135102251705	2.665473833011049
0.8106635110585177	2.8994418670448647
0.8107135118918649	2.5323951710018804
0.8107635127252122	1.9242629719887447
0.8108135135585594	1.421620394046505
0.8108635143919066	1.3552356565974284
0.8109135152252538	1.82372402286461
0.8109635160586011	2.6200838073467865
0.8110135168919482	3.4010697909649963
0.8110635177252955	3.6982448353071065
0.8111135185586428	3.192897109288753
0.8111635193919899	1.846771426002136
0.8112135202253372	-0.1094639711585051
0.8112635210586844	-2.2110982445656924
0.8113135218920317	-3.8703015037212047
0.8113635227253788	-4.660409926624569
0.8114135235587261	-4.36216606928569
0.8114635243920733	-3.194357954695181
0.8115135252254205	-1.5892673335749057
0.8115635260587677	-0.072880784054872
0.811613526892115	0.8497821353051868
0.8116635277254621	0.8855644637211724
0.8117135285588094	0.2000219783802472
0.8117635293921566	-0.813871771633949
0.8118135302255038	-1.588435330306498
0.811863531058851	-1.6386018278470535
0.8119135318921983	-0.615560056810449
0.8119635327255456	1.3759870267466454
0.8120135335588927	3.992169071697728
0.81206353439224	6.532027483561339
0.8121135352255872	8.38893649051756
0.8121635360589344	9.053125792870532
0.8122135368922816	8.376314827252957
0.8122635377256289	6.512338202560986
0.812313538558976	3.9809251783418658
0.8123635393923233	1.4008578998086103
0.8124135402256705	-0.6228652429147379
0.8124635410590177	-1.670781880976786
0.8125135418923649	-1.5897518482534716
0.8125635427257122	-0.4819019747238859
0.8126135435590593	1.4015438452730586
0.8126635443924066	3.685894229637369
0.8127135452257539	6.005449552293393
0.8127635460591011	8.06994245531589
0.8128135468924483	9.7155058844163
0.8128635477257955	10.720252909912936
0.8129135485591428	11.086129648633973
0.8129635493924899	10.650234225239256
0.8130135502258372	9.4802070188482
0.8130635510591844	7.609403329684451
0.8131135518925316	5.205457671865378
0.8131635527258788	2.5833352368009743
0.8132135535592261	0.1076063351367786
0.8132635543925733	-1.9292249291560453
0.8133135552259205	-3.2627244676498712
0.8133635560592677	-3.886518963934949
0.813413556892615	-3.909165284750397
0.8134635577259621	-3.666170471720737
0.8135135585593094	-3.509410333692897
0.8135635593926567	-3.660231135986609
0.8136135602260038	-4.147884634399931
0.8136635610593511	-4.846182832013535
0.8137135618926983	-5.369990336067728
0.8137635627260456	-5.384633604862964
0.8138135635593927	-4.543723110276833
0.81386356439274	-2.928527657127709
0.8139135652260872	-0.7713492505167657
0.8139635660594344	1.3562920051047944
0.8140135668927816	2.857716170944358
0.8140635677261289	3.2768508589247776
0.814113568559476	2.4256430704664966
0.8141635693928233	0.535991977602687
0.8142135702261705	-1.7884016471627506
0.8142635710595177	-3.809453582145781
0.8143135718928649	-4.862251000307628
0.8143635727262122	-4.512357372930382
0.8144135735595595	-2.7342786439747817
0.8144635743929066	-0.0449110134474397
0.8145135752262539	2.860587348287325
0.8145635760596011	5.206758489022082
0.8146135768929483	6.43423224438858
0.8146635777262955	6.305551883446308
0.8147135785596428	5.074575401343033
0.8147635793929899	3.3330470556267664
0.8148135802263372	1.7368390245614886
0.8148635810596844	0.8954587171039651
0.8149135818930316	1.0445360314143568
0.8149635827263788	2.050388712460282
0.8150135835597261	3.488967163758518
0.8150635843930732	4.87993202308312
0.8151135852264205	5.671037263542612
0.8151635860597678	5.692705797008292
0.815213586893115	4.983798659294397
0.8152635877264622	3.9615812777309176
0.8153135885598094	3.066885818554318
0.8153635893931567	2.597326440730886
0.8154135902265038	2.6922840752907176
0.8154635910598511	3.100875673198455
0.8155135918931983	3.4151286874867983
0.8155635927265455	3.152051467635977
0.8156135935598927	2.0073477952695944
0.81566359439324	0.0264277502872404
0.8157135952265872	-2.3846914666228543
0.8157635960599344	-4.653395267986233
0.8158135968932816	-6.027555500748109
0.8158635977266289	-6.077859044950227
0.815913598559976	-4.689378624502308
0.8159635993933233	-2.1878902868378223
0.8160136002266706	0.7097667448287762
0.8160636010600177	3.2120836659479046
0.816113601893365	4.69687411614467
0.8161636027267122	4.820617978009544
0.8162136035600595	3.829432557509368
0.8162636043934066	2.1900124157529888
0.8163136052267539	0.6567433785668461
0.816363606060101	-0.1331686794142998
0.8164136068934483	0.1363748208187253
0.8164636077267955	1.3185245106395067
0.8165136085601428	2.9095625486121017
0.8165636093934899	4.233114830688953
0.8166136102268372	4.605810970493465
0.8166636110601844	3.7748225851174673
0.8167136118935316	1.9416315705733909
0.8167636127268788	-0.3550072829429553
0.8168136135602261	-2.3204196031206346
0.8168636143935734	-3.1604977756437003
0.8169136152269205	-2.478379198829989
0.8169636160602678	-0.4032717127589235
0.817013616893615	2.544067372257419
0.8170636177269622	5.441158013034233
0.8171136185603094	7.445315743415577
0.8171636193936567	7.930036790768112
0.8172136202270038	6.770929336383491
0.8172636210603511	4.3598629074737545
0.8173136218936983	1.4582137610499284
0.8173636227270455	-1.0322298173150608
0.8174136235603927	-2.3767337770179435
0.81746362439374	-2.305636770624307
0.8175136252270871	-1.027649263838171
0.8175636260604344	0.873283145505958
0.8176136268937817	2.569430160264538
0.8176636277271289	3.4076608150128496
0.8177136285604761	2.9689111240844404
0.8177636293938233	1.3854093816849224
0.8178136302271706	-0.8406949307354634
0.8178636310605177	-2.9472128727753546
0.817913631893865	-4.25263202695026
0.8179636327272122	-4.320556109602246
0.8180136335605594	-3.119632668741428
0.8180636343939066	-1.040902343422766
0.8181136352272539	1.3054329848642616
0.818163636060601	3.1789316088652293
0.8182136368939483	4.07438485957705
0.8182636377272955	3.7995773122374814
0.8183136385606428	2.5338060552820574
0.8183636393939899	0.6929149519561881
0.8184136402273372	-1.122355335435529
0.8184636410606845	-2.3833900180173595
0.8185136418940316	-2.897448294779896
0.8185636427273789	-2.554341998126807
0.8186136435607261	-1.6689127748697703
0.8186636443940734	-0.5154054661112293
0.8187136452274205	0.4433030240632222
0.8187636460607678	1.0123866759967872
0.818813646894115	1.055691041177392
0.8188636477274622	0.6769746938633086
0.8189136485608094	0.0986272728914269
0.8189636493941567	-0.5635556747534527
0.8190136502275038	-1.0358339838338142
0.8190636510608511	-1.2925468157844917
0.8191136518941983	-1.3320965891510756
0.8191636527275455	-1.0891520179022272
0.8192136535608927	-0.6837486701254429
0.81926365439424	-0.1796489355310138
0.8193136552275873	0.3355625467989048
0.8193636560609344	0.7465768503915085
0.8194136568942817	0.8699262110161329
0.8194636577276289	0.5240341973621019
0.8195136585609761	-0.4071301773028388
0.8195636593943233	-1.9521581309660616
0.8196136602276706	-3.965759515186431
0.8196636610610177	-6.101490877284513
0.819713661894365	-7.93870868193313
0.8197636627277122	-8.984526718638193
0.8198136635610594	-8.904545449013476
0.8198636643944066	-7.642859750209707
0.8199136652277539	-5.3931370650980375
0.819963666061101	-2.6682982766780525
0.8200136668944483	-0.1640341626068036
0.8200636677277956	1.5417229825453211
0.8201136685611428	1.992061833309524
0.82016366939449	1.13355376179782
0.8202136702278372	-0.7434870537839987
0.8202636710611845	-3.0311609193192304
0.8203136718945316	-5.031019054388
0.8203636727278789	-6.2175533564851255
0.8204136735612261	-6.2691133127920855
0.8204636743945734	-5.326530376074604
0.8205136752279205	-3.7702095423214192
0.8205636760612678	-2.208083069526558
0.820613676894615	-1.1453168123325872
0.8206636777279622	-0.9319268272450132
0.8207136785613094	-1.5186500923838575
0.8207636793946567	-2.5419360725983084
0.8208136802280038	-3.479537103910034
0.8208636810613511	-3.843388125321622
0.8209136818946984	-3.241232569674238
0.8209636827280455	-1.6895075258668406
0.8210136835613928	0.5720453290029949
0.82106368439474	3.0285682831240126
0.8211136852280873	5.1491566788039975
0.8211636860614344	6.492347774725264
0.8212136868947817	6.990339610779983
0.8212636877281289	6.677141050942681
0.8213136885614761	5.875570136610646
0.8213636893948233	4.946312078943963
0.8214136902281706	4.086350669133551
0.8214636910615177	3.46307836364778
0.821513691894865	2.9719913189348364
0.8215636927282122	2.44373287270478
0.8216136935615594	1.6596828521142553
0.8216636943949067	0.6663996843883051
0.8217136952282539	-0.4415068166351628
0.8217636960616012	-1.359701194420467
0.8218136968949483	-1.790834990315741
0.8218636977282956	-1.4450236877670322
0.8219136985616428	-0.3649733088514135
0.82196369939499	1.1760819960630946
0.8220137002283372	2.762150715985739
0.8220637010616845	3.8474154416479807
0.8221137018950316	4.080616109855201
0.8221637027283789	3.3228018324412574
0.8222137035617261	1.846310485637073
0.8222637043950733	0.0587569464862406
0.8223137052284205	-1.420194691884335
0.8223637060617678	-2.110933742565771
0.822413706895115	-1.8371580501909484
0.8224637077284622	-0.8115687254218481
0.8225137085618095	0.5187328269138282
0.8225637093951567	1.50664150996423
0.8226137102285039	1.598240547033482
0.8226637110618511	0.5715214059653794
0.8227137118951984	-1.3577890727494075
0.8227637127285455	-3.667344030007874
0.8228137135618928	-5.658281394582674
0.82286371439524	-6.57002037465167
0.8229137152285873	-6.019652098439638
0.8229637160619344	-3.987109382262986
0.8230137168952817	-0.9188960144318472
0.8230637177286289	2.380903799005803
0.8231137185619761	5.147578436770541
0.8231637193953233	6.684237712022509
0.8232137202286706	6.863681769943699
0.8232637210620177	5.783181907777899
0.823313721895365	4.020225576840211
0.8233637227287123	2.2471699076477565
0.8234137235620594	1.1056743560401094
0.8234637243954067	0.8375631305073808
0.8235137252287539	1.4650932316526075
0.8235637260621012	2.62596497057282
0.8236137268954483	3.8198323031195582
0.8236637277287956	4.593128889887028
0.8237137285621428	4.659442266576555
0.82376372939549	4.102856235415171
0.8238137302288372	3.1576827282187514
0.8238637310621845	2.1497565452746765
0.8239137318955316	1.467284155607674
0.8239637327288789	1.2308094464013268
0.8240137335622261	1.3420043123173429
0.8240637343955733	1.5633976403098409
0.8241137352289206	1.5548844467681056
0.8241637360622678	1.090776278590464
0.8242137368956151	0.2203878125865565
0.8242637377289622	-0.8561694038480121
0.8243137385623095	-1.754885173398543
0.8243637393956567	-2.0562871965218745
0.8244137402290039	-1.5125932406018734
0.8244637410623511	-0.1827498077297635
0.8245137418956984	1.6419036374896927
0.8245637427290455	3.462200942104049
0.8246137435623928	4.703824887484473
0.82466374439574	5.036989305193785
0.8247137452290872	4.346132272649745
0.8247637460624344	2.9262144428115944
0.8248137468957817	1.1282866287376576
0.8248637477291288	-0.446080979258404
0.8249137485624761	-1.3932168851959157
0.8249637493958234	-1.5590222128579974
0.8250137502291706	-1.0743227698123965
0.8250637510625178	-0.2750215074171749
0.825113751895865	0.3625935459248661
0.8251637527292123	0.5718361101687361
0.8252137535625594	0.2860402937996645
0.8252637543959067	-0.2835444550463593
0.8253137552292539	-0.8089511230234702
0.8253637560626012	-0.7715043269774117
0.8254137568959483	0.0891497279550466
0.8254637577292956	1.7023682375533964
0.8255137585626428	3.824028931257794
0.82556375939599	5.850714280558725
0.8256137602293372	7.162563230650125
0.8256637610626845	7.359403454649419
0.8257137618960316	6.285590633794316
0.8257637627293789	4.154755797604821
0.8258137635627262	1.4894112143320104
0.8258637643960733	-1.0283478094722591
0.8259137652294206	-2.8160996180152087
0.8259637660627678	-3.589282304255552
0.826013766896115	-3.323083106356844
0.8260637677294622	-2.4008495645104238
0.8261137685628095	-1.266665063610349
0.8261637693961567	-0.4050924712049111
0.8262137702295039	-0.008448499770533
0.8262637710628511	-0.0575579488246174
0.8263137718961984	-0.3007056249343051
0.8263637727295455	-0.316076828999155
0.8264137735628928	0.2398139256147903
0.82646377439624	1.407994140543808
0.8265137752295872	3.079322106380256
0.8265637760629345	4.756418042821531
0.8266137768962817	5.977536472444602
0.826663777729629	6.309110733479976
0.8267137785629761	5.631656288124035
0.8267637793963234	4.147597676127349
0.8268137802296706	2.335707226087086
0.8268637810630178	0.9368566033902757
0.826913781896365	0.4221488691393898
0.8269637827297123	1.2111169690917447
0.8270137835630594	3.169430256384408
0.8270637843964067	5.872317308710905
0.8271137852297539	8.68899648269141
0.8271637860631011	10.866649390105446
0.8272137868964483	11.913500435091663
0.8272637877297956	11.712086537376305
0.8273137885631427	10.380551322347952
0.82736378939649	8.491397229298476
0.8274137902298373	6.628351822408923
0.8274637910631845	5.348813795934835
0.8275137918965317	4.887900669609242
0.8275637927298789	5.288595126420771
0.8276137935632262	6.248881367467131
0.8276637943965733	7.326940348418217
0.8277137952299206	8.092252679056225
0.8277637960632678	8.333403569178152
0.827813796896615	7.916096453810262
0.8278637977299622	7.048237717639809
0.8279137985633095	5.990494030321957
0.8279637993966567	5.052411206437316
0.8280138002300039	4.407935967191996
0.8280638010633511	4.125057457970064
0.8281138018966984	4.059285086158952
0.8281638027300455	4.09029532162683
0.8282138035633928	3.9940144741249566
0.8282638043967401	3.659876183121526
0.8283138052300872	3.085412019195332
0.8283638060634345	2.3640218369645147
0.8284138068967817	1.6424109706181982
0.828463807730129	1.0257952060504183
0.8285138085634761	0.5750250021049546
0.8285638093968234	0.335825066029999
0.8286138102301706	0.2415540823696551
0.8286638110635178	0.2006255439346455
0.828713811896865	0.1343030692596195
0.8287638127302123	0.0981383880658693
0.8288138135635594	0.0174633935852437
0.8288638143969067	-0.0048930294631869
0.8289138152302539	-0.0206710985898446
0.8289638160636011	-0.0938049352962281
0.8290138168969484	-0.2313906889189726
0.8290638177302956	-0.5514541150857093
0.8291138185636429	-1.055294802141494
0.82916381939699	-1.6792961903285533
0.8292138202303373	-2.2623310839006106
0.8292638210636845	-2.596037292812236
0.8293138218970317	-2.4941696984355377
0.8293638227303789	-1.9696191939325256
0.8294138235637262	-1.0261065441100166
0.8294638243970733	0.0515130865300855
0.8295138252304206	0.9063931582201284
0.8295638260637678	1.2095847812752312
0.829613826897115	0.7298308042854662
0.8296638277304622	-0.4778546727991255
0.8297138285638095	-2.1909728432075246
0.8297638293971566	-3.988719040215941
0.8298138302305039	-5.448737707321281
0.8298638310638512	-6.136149828643637
0.8299138318971984	-5.982895487078029
0.8299638327305456	-5.062273813453521
0.8300138335638928	-3.714225035597695
0.8300638343972401	-2.4158920801302504
0.8301138352305872	-1.4477662500363435
0.8301638360639345	-1.030732496757654
0.8302138368972817	-1.014223517059743
0.830263837730629	-1.1170219819388942
0.8303138385639761	-0.918175159887348
0.8303638393973234	-0.1023843908283304
0.8304138402306706	1.3636028192841552
0.8304638410640178	3.243588215805144
0.830513841897365	5.078289335868075
0.8305638427307123	6.238957506801864
0.8306138435640594	6.273563123210228
0.8306638443974067	5.042800037564683
0.830713845230754	2.7346200224559696
0.8307638460641011	-0.0341282241403072
0.8308138468974484	-2.4827029097741957
0.8308638477307956	-3.8339778163768328
0.8309138485641429	-3.676868525402117
0.83096384939749	-1.9387146348824231
0.8310138502308373	0.8400612361846684
0.8310638510641845	3.973283334367844
0.8311138518975317	6.578293345821419
0.8311638527308789	7.919005050089497
0.8312138535642262	7.765343598793649
0.8312638543975733	6.194034977547187
0.8313138552309206	3.8520160125734697
0.8313638560642678	1.389836256358285
0.831413856897615	-0.4719945881105656
0.8314638577309623	-1.3477869164672305
0.8315138585643095	-1.21548769360152
0.8315638593976568	-0.4162277260294336
0.8316138602310039	0.5099312274353773
0.8316638610643512	1.0633585928758378
0.8317138618976984	0.9009754804545118
0.8317638627310456	0.0455705168334547
0.8318138635643928	-1.1746923688748807
0.8318638643977401	-2.29145321704933
0.8319138652310872	-2.887065205437769
0.8319638660644345	-2.6997472219662884
0.8320138668977817	-1.7907416493557404
0.832063867731129	-0.5124102607263062
0.8321138685644761	0.6746383444864353
0.8321638693978234	1.278054679543914
0.8322138702311705	1.0325330195440732
0.8322638710645178	0.0873780850854936
0.8323138718978651	-1.239693166589915
0.8323638727312123	-2.425151673275065
0.8324138735645595	-2.990738865731509
0.8324638743979067	-2.6445837425588907
0.832513875231254	-1.4560679015741933
0.8325638760646011	0.2248754188905702
0.8326138768979484	1.8911610523337417
0.8326638777312956	3.0490713752350724
0.8327138785646429	3.3759409268403213
0.83276387939799	2.8839821966960746
0.8328138802313373	1.956862575000806
0.8328638810646845	1.058702969571606
0.8329138818980317	0.6432292709945728
0.8329638827313789	1.0454015213719867
0.8330138835647262	2.169945680839839
0.8330638843980733	3.564373825824615
0.8331138852314206	4.715734721322416
0.8331638860647679	4.97534746255571
0.833213886898115	3.9904897711686154
0.8332638877314623	1.853006879969448
0.8333138885648095	-1.0708154133683736
0.8333638893981568	-3.9914931872105166
0.8334138902315039	-6.145361056538143
0.8334638910648512	-6.862057813251524
0.8335138918981984	-5.974573734420408
0.8335638927315456	-3.7129911325503713
0.8336138935648928	-0.6959501370906225
0.8336638943982401	2.2782832480532784
0.8337138952315872	4.344900675989059
0.8337638960649345	5.033652426792397
0.8338138968982817	4.220259841467017
0.833863897731629	2.30024483848561
0.8339138985649762	-0.1193357409490729
0.8339638993983234	-2.277855313456654
0.8340139002316707	-3.5910444972819886
0.8340639010650178	-3.718517661210057
0.8341139018983651	-2.700833084282424
0.8341639027317123	-0.9161146501063976
0.8342139035650595	0.9954671961734882
0.8342639043984067	2.562045063773457
0.834313905231754	3.363949981944926
0.8343639060651011	3.2036411013872206
0.8344139068984484	2.296951576990588
0.8344639077317956	0.8992071674900834
0.8345139085651428	-0.5475345890288177
0.83456390939849	-1.62366866058703
0.8346139102318373	-2.0559559587159764
0.8346639110651844	-1.7997518883939203
0.8347139118985317	-0.8920151409649196
0.834763912731879	0.4545127839841912
0.8348139135652262	1.9127064637654736
0.8348639143985734	3.2364846395812505
0.8349139152319206	4.086380824704191
0.8349639160652679	4.346924044845669
0.835013916898615	3.8962823075479
0.8350639177319623	2.7584481910578678
0.8351139185653095	1.0995393773123234
0.8351639193986568	-0.8670055570830172
0.8352139202320039	-2.790971359355966
0.8352639210653512	-4.360855667335969
0.8353139218986984	-5.336339574593103
0.8353639227320456	-5.529761286759673
0.8354139235653928	-5.051472919066012
0.8354639243987401	-4.085738526813151
0.8355139252320872	-3.020855664035359
0.8355639260654345	-2.231623644939837
0.8356139268987818	-2.0456036109934823
0.8356639277321289	-2.5924572751518773
0.8357139285654762	-3.7622331553782304
0.8357639293988234	-5.231939886510876
0.8358139302321707	-6.533286967663422
0.8358639310655178	-7.215606492443962
0.8359139318988651	-7.020873679169218
0.8359639327322123	-5.854998612690991
0.8360139335655595	-3.9487878788558186
0.8360639343989067	-1.750879745943119
0.836113935232254	0.2028552944632703
0.8361639360656011	1.5219704750832523
0.8362139368989484	2.00061554992989
0.8362639377322956	1.6689083517208645
0.8363139385656428	0.8452554414998117
0.8363639393989901	-0.0131019379388395
0.8364139402323373	-0.5012326027055332
0.8364639410656846	-0.320838675163193
0.8365139418990317	0.5731531483675917
0.836563942732379	1.9338655422228368
0.8366139435657262	3.398695335369945
0.8366639443990734	4.55048381369658
0.8367139452324206	5.067224299174841
0.8367639460657679	4.820334863206658
0.836813946899115	3.954747534977346
0.8368639477324623	2.8098232757912736
0.8369139485658095	1.6932946512650555
0.8369639493991567	0.97009606295486
0.8370139502325039	0.8140523236718733
0.8370639510658512	1.2629516011582984
0.8371139518991983	2.085062936721832
0.8371639527325456	3.0940197747697544
0.8372139535658929	3.976295870719632
0.8372639543992401	4.625163887344541
0.8373139552325873	4.92507199774165
0.8373639560659345	4.972190006084219
0.8374139568992818	4.847188532097622
0.8374639577326289	4.641666257941312
0.8375139585659762	4.354596218348632
0.8375639593993234	3.9586786637192746
0.8376139602326707	3.377563438222924
0.8376639610660178	2.553083036862666
0.8377139618993651	1.535622098983419
0.8377639627327123	0.4199499767810228
0.8378139635660595	-0.5855094000565749
0.8378639643994067	-1.2435074697105557
0.837913965232754	-1.4302308827885055
0.8379639660661012	-1.0371727758937288
0.8380139668994484	-0.1685323967051807
0.8380639677327957	0.9462423613767637
0.8381139685661428	2.063401428703429
0.8381639693994901	2.9664057019439967
0.8382139702328373	3.5250439434681646
0.8382639710661846	3.8013742868994873
0.8383139718995317	3.913120644993626
0.838363972732879	4.010169629748832
0.8384139735662262	4.266850339117841
0.8384639743995734	4.686702053593437
0.8385139752329206	5.157493892976941
0.8385639760662679	5.465635353961109
0.838613976899615	5.38249245273377
0.8386639777329623	4.781239487710787
0.8387139785663095	3.621873390426922
0.8387639793996567	2.1476239576291825
0.838813980233004	0.6451188864739792
0.8388639810663512	-0.5810527735161342
0.8389139818996985	-1.2489794916801065
0.8389639827330456	-1.2680147314546582
0.8390139835663929	-0.7901609521736883
0.8390639843997401	-0.1589566408837713
0.8391139852330873	0.3282030206525166
0.8391639860664345	0.3440183873900037
0.8392139868997818	-0.178498259814589
0.8392639877331289	-1.187284230042652
0.8393139885664762	-2.327561013486031
0.8393639893998234	-3.2240797883844534
0.8394139902331706	-3.486930456512809
0.8394639910665178	-3.041877905435216
0.8395139918998651	-1.9197735577594237
0.8395639927332122	-0.4809544315615756
0.8396139935665595	0.8196912456299177
0.8396639943999068	1.5639935661282358
0.839713995233254	1.4137936123141082
0.8397639960666012	0.3782202183808497
0.8398139968999484	-1.3139025313858923
0.8398639977332957	-3.279889770632725
0.8399139985666428	-4.949672729274598
0.8399639993999901	-5.983260803749652
0.8400140002333373	-6.231261481295481
0.8400640010666846	-5.681159281578698
0.8401140019000317	-4.56821082515805
0.840164002733379	-3.244779888305382
0.8402140035667262	-2.053445561166178
0.8402640044000734	-1.088885486046708
0.8403140052334206	-0.4506069473255952
0.8403640060667679	0.0035481645839452
0.8404140069001151	0.4813274678047931
0.8404640077334623	1.0683207874849474
0.8405140085668096	1.7477785574569382
0.8405640094001567	2.387488007241029
0.840614010233504	2.845341903928744
0.8406640110668512	2.839163580369066
0.8407140119001985	2.3082970450979987
0.8407640127335456	1.3187555248845038
0.8408140135668929	0.0798914520573513
0.8408640144002401	-1.1314146210491631
0.8409140152335873	-1.956078388609576
0.8409640160669345	-2.2558670170776742
0.8410140169002818	-1.9719829869311096
0.8410640177336289	-1.2388128465982384
0.8411140185669762	-0.3552758722673603
0.8411640194003234	0.3939453507524164
0.8412140202336706	0.8272617516647328
0.8412640210670179	0.921554862704002
0.8413140219003651	0.7885409117027689
0.8413640227337124	0.705208727712292
0.8414140235670595	0.8885693508711228
0.8414640244004068	1.474775552000705
0.841514025233754	2.3096311346675176
0.8415640260671012	3.1563553967396483
0.8416140269004484	3.620891637945618
0.8416640277337957	3.366184387125362
0.8417140285671428	2.25603685068608
0.8417640294004901	0.4086748955540252
0.8418140302338373	-1.7487883741394985
0.8418640310671845	-3.610720163640784
0.8419140319005317	-4.620137723910402
0.841964032733879	-4.306555381662244
0.8420140335672262	-2.596075016840758
0.8420640344005734	0.2039685119902064
0.8421140352339207	3.437169485181692
0.8421640360672679	6.346808644803367
0.8422140369006151	8.188234737558114
0.8422640377339623	8.508196157907681
0.8423140385673096	7.235494709255898
0.8423640394006567	4.776286145707605
0.842414040234004	1.7512474867046484
0.8424640410673512	-1.0968397966679166
0.8425140419006985	-3.000252441451241
0.8425640427340456	-3.6765605828597057
0.8426140435673929	-3.078778752178277
0.84266404440074	-1.595149575070002
0.8427140452340873	0.3132819700921221
0.8427640460674345	1.9377336825233733
0.8428140469007818	2.9011379000462414
0.842864047734129	3.007517015708724
0.8429140485674762	2.3478296990687904
0.8429640494008235	1.272773230497758
0.8430140502341706	0.1961364760317647
0.8430640510675179	-0.5085580217734482
0.8431140519008651	-0.6257286957691862
0.8431640527342124	-0.2066311079163676
0.8432140535675595	0.5434668188001592
0.8432640544009068	1.273797996386268
0.843314055234254	1.7467313959815134
0.8433640560676012	1.6589492480212171
0.8434140569009484	1.0409700679873393
0.8434640577342957	0.0566571527290031
0.8435140585676428	-0.993663577419218
0.8435640594009901	-1.8535144074134084
0.8436140602343373	-2.2325401604348647
0.8436640610676845	-2.060532321417771
0.8437140619010318	-1.3784425878372475
0.843764062734379	-0.3576357713473362
0.8438140635677263	0.6624843411914053
0.8438640644010734	1.48112548700837
0.8439140652344207	1.871048340380298
0.8439640660677679	1.7116901401655538
0.8440140669011151	1.1060416063404452
0.8440640677344623	0.234117094382399
0.8441140685678096	-0.6658382516593448
0.8441640694011567	-1.402442004383598
0.844214070234504	-1.7868261297916377
0.8442640710678512	-1.715771522080712
0.8443140719011984	-1.2161835419914868
0.8443640727345456	-0.3714598552077218
0.8444140735678929	0.6193354727605258
0.84446407440124	1.6383987252950212
0.8445140752345873	2.4523446733443217
0.8445640760679346	3.0647225273696383
0.8446140769012818	3.432608462171576
0.844664077734629	3.554397776794798
0.8447140785679762	3.466117793137609
0.8447640794013235	3.2645739966558778
0.8448140802346706	2.916499349785852
0.8448640810680179	2.4476902270635392
0.8449140819013651	1.8573002100601896
0.8449640827347124	1.0714841234163337
0.8450140835680595	0.0876754581254861
0.8450640844014068	-0.9318589939044876
0.845114085234754	-1.8645434230742863
0.8451640860681012	-2.46332002148925
0.8452140869014484	-2.555358767938848
0.8452640877347957	-1.9274222235745848
0.8453140885681429	-0.5424499824721022
0.8453640894014901	1.41238168573513
0.8454140902348374	3.6281217263118175
0.8454640910681845	5.6893544611507965
0.8455140919015318	7.097974104617295
0.845564092734879	7.565144327601054
0.8456140935682263	6.943389413131901
0.8456640944015734	5.3328543944283
0.8457140952349207	3.1185132880387085
0.8457640960682679	0.8061377925718434
0.8458140969016151	-1.0727456662987849
0.8458640977349623	-2.162536332942858
0.8459140985683096	-2.2985302542771877
0.8459640994016567	-1.5788198252389738
0.846014100235004	-0.4594601729730402
0.8460641010683512	0.6142166153304488
0.8461141019016984	1.2415217544235035
0.8461641027350457	1.044842501504732
0.8462141035683929	0.1364461831246143
0.8462641044017402	-1.25833663036723
0.8463141052350873	-2.657374193034344
0.8463641060684346	-3.554944460299198
0.8464141069017818	-3.5697588517039844
0.846464107735129	-2.6084173391606447
0.8465141085684762	-0.8107912450179248
0.8465641094018235	1.36026952311341
0.8466141102351706	3.433205274762156
0.8466641110685179	4.821525605318133
0.8467141119018651	5.251901060249484
0.8467641127352123	4.692253433422083
0.8468141135685595	3.380388030621689
0.8468641144019068	1.687301908358324
0.846914115235254	0.140786394304702
0.8469641160686012	-0.9124904375709552
0.8470141169019485	-1.2846108396268463
0.8470641177352957	-1.0527997871630794
0.8471141185686429	-0.5097102356563513
0.8471641194019901	0.0896960232180439
0.8472141202353374	0.345725906288391
0.8472641210686845	0.2423670050685215
0.8473141219020318	-0.2123515320196666
0.847364122735379	-0.7787804441997918
0.8474141235687263	-1.1336445724537805
0.8474641244020734	-0.9977756907916082
0.8475141252354207	-0.2266062361831321
0.8475641260687679	1.0866789491481963
0.8476141269021151	2.786863351293987
0.8476641277354623	4.460060764951111
0.8477141285688096	5.825297816206327
0.8477641294021568	6.584774226419027
0.847814130235504	6.646903142521823
0.8478641310688513	6.137254741107688
0.8479141319021984	5.175846542011806
0.8479641327355457	4.050892179863189
0.8480141335688929	2.900327983304264
0.8480641344022402	1.8347150726580093
0.8481141352355873	0.8524286277252352
0.8481641360689346	-0.0659501068089741
0.8482141369022818	-0.9537084605018434
0.848264137735629	-1.7867734426715844
0.8483141385689762	-2.4124327882810257
0.8483641394023235	-2.670286116867094
0.8484141402356706	-2.308950931629676
0.8484641410690179	-1.23155063109509
0.8485141419023651	0.5485701410230229
0.8485641427357123	2.8561352950373653
0.8486141435690596	5.202198169974715
0.8486641444024068	7.217568698324529
0.8487141452357541	8.47935342030642
0.8487641460691012	8.735967719319053
0.8488141469024485	7.945304036352613
0.8488641477357957	6.293183735844578
0.8489141485691429	4.20947636605726
0.8489641494024901	2.152628401565148
0.8490141502358374	0.5748470991731887
0.8490641510691845	-0.3143759771647676
0.8491141519025318	-0.4714532161137859
0.849164152735879	-0.0451121209459357
0.8492141535692262	0.6384457832213501
0.8492641544025734	1.189154929932858
0.8493141552359207	1.372109601984961
0.8493641560692679	1.081565408473872
0.8494141569026151	0.3911146400242463
0.8494641577359624	-0.460612215747022
0.8495141585693096	-1.1954656823802985
0.8495641594026568	-1.5389757209046215
0.849614160236004	-1.4297872003091456
0.8496641610693513	-0.847914973887915
0.8497141619026984	-0.0511878937584186
0.8497641627360457	0.6648523988458951
0.8498141635693929	1.0392615570622268
0.8498641644027402	0.8458564843621199
0.8499141652360873	0.0636545067232547
0.8499641660694346	-1.1962188555761997
0.8500141669027818	-2.6669306390165324
0.850064167736129	-4.078147348934968
0.8501141685694762	-5.0614747492780205
0.8501641694028235	-5.471616015372091
0.8502141702361707	-5.245774119642949
0.8502641710695179	-4.513967571539508
0.8503141719028652	-3.482986428374228
0.8503641727362123	-2.4211002147512386
0.8504141735695596	-1.599203555243374
0.8504641744029068	-1.1157062160451543
0.850514175236254	-0.98659762110729
0.8505641760696012	-1.1149215889394144
0.8506141769029485	-1.3232870672584665
0.8506641777362957	-1.4305266925696485
0.8507141785696429	-1.2878350872130728
0.8507641794029901	-0.8183702347345228
0.8508141802363374	-0.0843531460488335
0.8508641810696845	0.7744929926248146
0.8509141819030318	1.566051931079224
0.850964182736379	2.1542287578632964
0.8510141835697262	2.3862867150421336
0.8510641844030735	2.2056124053384325
0.8511141852364207	1.7639770371240595
0.851164186069768	1.1592555731339464
0.8512141869031151	0.5458226969794168
0.8512641877364624	0.1418324634283465
0.8513141885698096	0.0480640551747931
0.8513641894031568	0.2419501294236323
0.851414190236504	0.6212415286123607
0.8514641910698513	1.052107133699778
0.8515141919031984	1.3558306559136537
0.8515641927365457	1.3499332053016675
0.8516141935698929	0.9555716273621092
0.8516641944032401	0.2190907386052574
0.8517141952365873	-0.7862578275298981
0.8517641960699346	-1.8592018693347527
0.8518141969032818	-2.8412125411209272
0.851864197736629	-3.474040962435489
0.8519141985699763	-3.7432151953453854
0.8519641994033235	-3.605288919836765
0.8520142002366707	-3.162590448090237
0.8520642010700179	-2.56510169137487
0.8521142019033652	-1.9965539159082175
0.8521642027367123	-1.6581101631561743
0.8522142035700596	-1.6238062087391507
0.8522642044034068	-1.908054575408617
0.852314205236754	-2.439705253999476
0.8523642060701012	-3.060158514290904
0.8524142069034485	-3.5960189630871504
0.8524642077367957	-3.876291613925877
0.8525142085701429	-3.808385182687569
0.8525642094034901	-3.3256637487586085
0.8526142102368374	-2.5703259915179086
0.8526642110701846	-1.591508048884191
0.8527142119035318	-0.701723970536717
0.8527642127368791	-0.0197827503557158
0.8528142135702262	0.270224814072007
0.8528642144035735	0.1050693472846668
0.8529142152369207	-0.4009014990112097
0.852964216070268	-1.1716121109078068
0.8530142169036151	-1.932144680134144
0.8530642177369624	-2.506095753430713
0.8531142185703096	-2.703877909983325
0.8531642194036568	-2.492990576904526
0.853214220237004	-1.9179808544869197
0.8532642210703513	-1.2124446208992592
0.8533142219036984	-0.6272875137452686
0.8533642227370457	-0.5114348453778402
0.8534142235703929	-1.0404981623064442
0.8534642244037401	-2.234754806802742
0.8535142252370874	-3.9778170519593017
0.8535642260704346	-5.861046579055245
0.8536142269037819	-7.54758860167408
0.853664227737129	-8.556151412286903
0.8537142285704763	-8.575188639774083
0.8537642294038235	-7.50691055072592
0.8538142302371707	-5.513559640054094
0.8538642310705179	-3.0624013907265373
0.8539142319038652	-0.6928422882598726
0.8539642327372123	1.0143469008410326
0.8540142335705596	1.605145269262293
0.8540642344039068	0.9252377573063142
0.854114235237254	-0.8707877094747472
0.8541642360706012	-3.3562365162351826
0.8542142369039485	-5.950553966377181
0.8542642377372957	-7.9978777710598195
0.8543142385706429	-9.025161048065522
0.8543642394039902	-8.801118069795466
0.8544142402373374	-7.382021076701365
0.8544642410706846	-5.121394355631314
0.8545142419040318	-2.5797909400929546
0.8545642427373791	-0.2631168236180923
0.8546142435707262	1.462481030228672
0.8546642444040735	2.369206238401963
0.8547142452374207	2.591517808354105
0.854764246070768	2.3509603078767163
0.8548142469041151	2.077383367948279
0.8548642477374624	2.030813717287762
0.8549142485708096	2.427606056201869
0.8549642494041568	3.206263816411729
0.855014250237504	4.119324557489209
0.8550642510708513	4.856182678978689
0.8551142519041985	5.102365991574395
0.8551642527375457	4.571302392938215
0.855214253570893	3.2654358559914773
0.8552642544042401	1.3274699061277258
0.8553142552375874	-0.9442420846124168
0.8553642560709346	-3.0687277874241983
0.8554142569042819	-4.705931138660804
0.855464257737629	-5.601342454343253
0.8555142585709763	-5.638290281349833
0.8555642594043235	-4.906656406169205
0.8556142602376707	-3.67072007131608
0.8556642610710179	-2.212728519300328
0.8557142619043652	-0.8435848840398062
0.8557642627377123	0.213576982481694
0.8558142635710596	0.7679090512898565
0.8558642644044068	0.8563946508799608
0.855914265237754	0.4942709361572392
0.8559642660711013	-0.181771279130355
0.8560142669044485	-1.0294779822655773
0.8560642677377958	-1.887610915433831
0.8561142685711429	-2.618352414780092
0.8561642694044902	-3.169376334779789
0.8562142702378374	-3.46042234886799
0.8562642710711846	-3.46540684114453
0.8563142719045318	-3.173417487272234
0.8563642727378791	-2.6594301950457813
0.8564142735712262	-2.0195999971535605
0.8564642744045735	-1.3650227721091357
0.8565142752379207	-0.886946417633068
0.856564276071268	-0.6338316184766782
0.8566142769046151	-0.6241026250558169
0.8566642777379624	-0.8631805433644439
0.8567142785713097	-1.1615091726528068
0.8567642794046568	-1.3587605013696542
0.8568142802380041	-1.2312680281295632
0.8568642810713513	-0.6036377860851161
0.8569142819046985	0.5466394115681394
0.8569642827380457	2.162016139260656
0.857014283571393	3.99976886856014
0.8570642844047401	5.702653131376889
0.8571142852380874	6.915939794274811
0.8571642860714346	7.313872267778011
0.8572142869047819	6.76052035782457
0.857264287738129	5.225576341886607
0.8573142885714763	2.944113736566249
0.8573642894048235	0.2406072039310115
0.8574142902381707	-2.361822564692202
0.8574642910715179	-4.445535630290705
0.8575142919048652	-5.7081545985838655
0.8575642927382124	-5.99510865656059
0.8576142935715596	-5.3637579821826975
0.8576642944049069	-4.101569403512553
0.857714295238254	-2.5712220132602943
0.8577642960716013	-1.1433457240119935
0.8578142969049485	-0.1578396433451863
0.8578642977382958	0.3089985168680448
0.8579142985716429	0.2357781231121819
0.8579642994049902	-0.1618550938569432
0.8580143002383374	-0.6004248236025476
0.8580643010716846	-0.8034351090328391
0.8581143019050318	-0.6593742159186555
0.8581643027383791	-0.1387937383584621
0.8582143035717262	0.5819630877267286
0.8582643044050735	1.1928472868432511
0.8583143052384207	1.404180865294462
0.858364306071768	1.008488552032876
0.8584143069051152	-0.0459509326805279
0.8584643077384624	-1.5376711631181328
0.8585143085718097	-3.1380719348617987
0.8585643094051568	-4.334721892502119
0.8586143102385041	-4.739971941777609
0.8586643110718513	-4.136675168410585
0.8587143119051985	-2.5372195425609982
0.8587643127385457	-0.2479373232384624
0.858814313571893	2.176184443155978
0.8588643144052401	4.194448409671352
0.8589143152385874	5.242924119526685
0.8589643160719346	5.107829652282031
0.8590143169052818	3.854727676082456
0.859064317738629	1.8781514872896112
0.8591143185719763	-0.318285932190497
0.8591643194053236	-2.088312173351628
0.8592143202386707	-2.97387682461825
0.859264321072018	-2.802338198257746
0.8593143219053652	-1.689971204228416
0.8593643227387124	-0.0744736733229013
0.8594143235720596	1.5777580936804485
0.8594643244054069	2.7196170059240803
0.859514325238754	3.096634749906749
0.8595643260721013	2.646315136499152
0.8596143269054485	1.6831043139774329
0.8596643277387958	0.6077473975290978
0.8597143285721429	-0.1576112379512361
0.8597643294054902	-0.3077312115478795
0.8598143302388374	0.1761959507003503
0.8598643310721846	1.1258930956063438
0.8599143319055318	2.073763349042336
0.8599643327388791	2.6325585505223987
0.8600143335722263	2.560843192027404
0.8600643344055735	1.8027626941031836
0.8601143352389208	0.6405185896258292
0.8601643360722679	-0.4546099600463569
0.8602143369056152	-0.945357815669736
0.8602643377389624	-0.4580321313416704
0.8603143385723097	1.1495668605516074
0.8603643394056568	3.613641559890784
0.8604143402390041	6.4345362585256405
0.8604643410723513	8.874981201416665
0.8605143419056985	10.330241512523648
0.8605643427390457	10.404697050257784
0.860614343572393	9.077220863939155
0.8606643444057401	6.661796200347295
0.8607143452390874	3.8484256075322216
0.8607643460724346	1.2622040223456248
0.8608143469057818	-0.4797065925096579
0.8608643477391291	-1.0829643423410866
0.8609143485724763	-0.5797012348170405
0.8609643494058236	0.6818864299159909
0.8610143502391707	2.180286847867136
0.861064351072518	3.375246620799747
0.8611143519058652	3.9529379975818593
0.8611643527392124	3.8072159374924186
0.8612143535725596	3.059242775639199
0.8612643544059069	2.097062626130331
0.861314355239254	1.2362325941267995
0.8613643560726013	0.7231996996317531
0.8614143569059485	0.6268515517065383
0.8614643577392957	0.8833824270902704
0.8615143585726429	1.1734036203884923
0.8615643594059902	1.2127632495731109
0.8616143602393375	0.8129144835843072
0.8616643610726846	-0.0456100160792636
0.8617143619060319	-1.177654451071799
0.8617643627393791	-2.3036272666890203
0.8618143635727263	-3.1520473161920206
0.8618643644060735	-3.459497376425464
0.8619143652394208	-3.1702107832289803
0.8619643660727679	-2.354009970253299
0.8620143669061152	-1.2768608838263868
0.8620643677394624	-0.2558165557675924
0.8621143685728097	0.469772741576132
0.8621643694061568	0.7358084389739807
0.8622143702395041	0.5709025418735485
0.8622643710728513	0.0943372443808703
0.8623143719061985	-0.5348176106157108
0.8623643727395457	-1.105227963330167
0.862414373572893	-1.5044785943639056
0.8624643744062402	-1.7732386925219292
0.8625143752395874	-1.9400382153986853
0.8625643760729347	-2.151757378495
0.8626143769062818	-2.4003017100928368
0.8626643777396291	-2.7372080871039266
0.8627143785729763	-3.0694958644112704
0.8627643794063236	-3.259998880335944
0.8628143802396707	-3.200968350935204
0.862864381073018	-2.779789220014294
0.8629143819063652	-2.069276424470498
0.8629643827397124	-1.2003019314314738
0.8630143835730596	-0.3869620639403019
0.8630643844064069	0.2232221252829939
0.863114385239754	0.396310549743799
0.8631643860731013	0.137950706953553
0.8632143869064485	-0.5212116248115719
0.8632643877397957	-1.369832895649087
0.863314388573143	-2.211813131430289
0.8633643894064902	-2.8832964919918345
0.8634143902398375	-3.2543222992186047
0.8634643910731846	-3.2399095617736187
0.8635143919065319	-2.9413644979305484
0.8635643927398791	-2.4286638361563866
0.8636143935732263	-1.8189605177764516
0.8636643944065735	-1.2117260186841412
0.8637143952399208	-0.6854646728017935
0.8637643960732679	-0.2587589415518542
0.8638143969066152	0.0250393334053111
0.8638643977399624	0.2781769010949793
0.8639143985733096	0.4350918283824562
0.8639643994066568	0.5071035275580565
0.8640144002400041	0.5378479728576617
0.8640644010733514	0.579424797967303
0.8641144019066985	0.7125484821803442
0.8641644027400458	0.9416111212433416
0.864214403573393	1.2782750492998818
0.8642644044067402	1.7319795247863732
0.8643144052400874	2.1550300345326283
0.8643644060734347	2.416498998035761
0.8644144069067818	2.3072527873126254
0.8644644077401291	1.732202278613503
0.8645144085734763	0.6152098750473232
0.8645644094068236	-0.8958720462671622
0.8646144102401707	-2.628176401192551
0.864664411073518	-4.276911150134264
0.8647144119068652	-5.537541969800314
0.8647644127402124	-6.175661158699548
0.8648144135735596	-6.113331003145944
0.8648644144069069	-5.464218451380395
0.8649144152402541	-4.450650624189548
0.8649644160736013	-3.3233274568790114
0.8650144169069486	-2.431499433593218
0.8650644177402957	-1.9339451253875268
0.865114418573643	-1.860996921526856
0.8651644194069902	-2.1450531103041386
0.8652144202403375	-2.61541621403488
0.8652644210736846	-3.050063151743032
0.8653144219070319	-3.2828626255714486
0.8653644227403791	-3.333415611214249
0.8654144235737263	-3.1998818931715896
0.8654644244070735	-3.0479406998031395
0.8655144252404208	-2.9946142367783715
0.8655644260737679	-3.088281960532124
0.8656144269071152	-3.2922459304273604
0.8656644277404624	-3.483419209555896
0.8657144285738096	-3.533701488168594
0.8657644294071569	-3.305446824593887
0.8658144302405041	-2.6947806058136465
0.8658644310738514	-1.8022045419257369
0.8659144319071985	-0.7564296143545851
0.8659644327405458	0.2732355776247321
0.866014433573893	1.117907913458235
0.8660644344072402	1.6881508836260712
0.8661144352405874	2.0942467331566297
0.8661644360739347	2.410278727789973
0.8662144369072818	2.794848611124464
0.8662644377406291	3.38448323212509
0.8663144385739763	4.091087022658317
0.8663644394073235	4.7899790599074015
0.8664144402406707	5.258750896520909
0.866464441074018	5.259706858389128
0.8665144419073653	4.641554486509566
0.8665644427407124	3.47057254006034
0.8666144435740597	1.9344969696248688
0.8666644444074069	0.4213041270169017
0.8667144452407541	-0.7114994648367576
0.8667644460741013	-1.1367747536015955
0.8668144469074486	-0.8416096493339126
0.8668644477407957	0.1411785519497296
0.866914448574143	1.38425429764111
0.8669644494074902	2.4201945475968176
0.8670144502408375	2.863993799351025
0.8670644510741846	2.478067602003418
0.8671144519075319	1.3215779072533258
0.867164452740879	-0.3779950570484851
0.8672144535742263	-2.159947368018364
0.8672644544075735	-3.564955540879377
0.8673144552409208	-4.225165786812668
0.867364456074268	-4.033865399570312
0.8674144569076152	-3.157718604969432
0.8674644577409625	-1.9044931641936835
0.8675144585743096	-0.720917032777441
0.8675644594076569	0.0480064990648263
0.8676144602410041	0.1819520434665046
0.8676644610743514	-0.347148127081569
0.8677144619076985	-1.3397553889974148
0.8677644627410458	-2.532423264542987
0.867814463574393	-3.587241072084657
0.8678644644077402	-4.285874492412417
0.8679144652410874	-4.620532814820211
0.8679644660744347	-4.620788229383948
0.8680144669077818	-4.454130409106672
0.8680644677411291	-4.207334230415147
0.8681144685744763	-4.052569721765534
0.8681644694078235	-3.954812959882149
0.8682144702411708	-3.899936160494656
0.868264471074518	-3.87741925516596
0.8683144719078653	-3.8910178326514986
0.8683644727412124	-4.020101117643021
0.8684144735745597	-4.314049312312641
0.8684644744079069	-4.84382759082867
0.8685144752412541	-5.636698507910636
0.8685644760746013	-6.482415039011454
0.8686144769079486	-7.161643562778178
0.8686644777412957	-7.3526312557097455
0.868714478574643	-6.845998548698475
0.8687644794079902	-5.538084145238324
0.8688144802413375	-3.660011855624547
0.8688644810746846	-1.594180723628527
0.8689144819080319	0.0311360934448996
0.8689644827413792	0.7408911250247291
0.8690144835747263	0.1770196210533283
0.8690644844080736	-1.6099289028788244
0.8691144852414208	-4.266227234539499
0.869164486074768	-7.090507680483027
0.8692144869081152	-9.286725876669117
0.8692644877414625	-10.270921827501647
0.8693144885748096	-9.658559613979392
0.8693644894081569	-7.603808914231693
0.8694144902415041	-4.671503727912805
0.8694644910748514	-1.6058190347576995
0.8695144919081985	0.8193437883131943
0.8695644927415458	2.046201416353965
0.869614493574893	2.027118188321806
0.8696644944082402	1.0329695380669408
0.8697144952415874	-0.2505349325164004
0.8697644960749347	-1.1035564768745778
0.8698144969082819	-0.966105649938542
0.8698644977416291	0.3472064424211823
0.8699144985749764	2.573745004281682
0.8699644994083235	5.095109166499356
0.8700145002416708	7.115657460100063
0.870064501075018	7.982443228300618
0.8701145019083653	7.350422299418722
0.8701645027417124	5.368115417416012
0.8702145035750597	2.567376977118268
0.8702645044084069	-0.1767084621798819
0.8703145052417541	-2.091872218180007
0.8703645060751013	-2.582378562521624
0.8704145069084486	-1.541906028984754
0.8704645077417957	0.760131485936218
0.870514508575143	3.639104665570333
0.8705645094084902	6.31177400365436
0.8706145102418374	8.034264817007347
0.8706645110751847	8.540259181610592
0.8707145119085319	7.7515608796131374
0.8707645127418792	6.044927225992206
0.8708145135752263	4.01653163415941
0.8708645144085736	2.187536011566893
0.8709145152419208	0.9580991673709156
0.870964516075268	0.4474435696682542
0.8710145169086152	0.4761390538121509
0.8710645177419625	0.6991178478998955
0.8711145185753096	0.8841324732909422
0.8711645194086569	0.7134231136709004
0.8712145202420041	0.1293224933708469
0.8712645210753514	-0.6965241478859012
0.8713145219086985	-1.5065919973154789
0.8713645227420458	-2.116471114622008
0.8714145235753931	-2.405379265406831
0.8714645244087402	-2.4006242037968555
0.8715145252420875	-2.253214035721289
0.8715645260754347	-2.2665385247595182
0.8716145269087819	-2.5895660739767186
0.8716645277421291	-3.381011945954427
0.8717145285754764	-4.4767867218259
0.8717645294088235	-5.744075974396185
0.8718145302421708	-6.763087450229676
0.871864531075518	-7.377510914212772
0.8719145319088653	-7.339614277997684
0.8719645327422124	-6.742006115923437
0.8720145335755597	-5.66338886200616
0.8720645344089069	-4.368852191261609
0.8721145352422541	-3.098764019468442
0.8721645360756013	-2.039325138742057
0.8722145369089486	-1.3150935877526515
0.8722645377422958	-0.8659295200325181
0.872314538575643	-0.641672090811066
0.8723645394089903	-0.605982637945143
0.8724145402423374	-0.6860270781376746
0.8724645410756847	-0.906625009271358
0.8725145419090319	-1.322063302375443
0.8725645427423792	-1.9067692531662048
0.8726145435757263	-2.636167065889874
0.8726645444090736	-3.3444603352945346
0.8727145452424208	-3.836893013583991
0.872764546075768	-3.935893698102195
0.8728145469091152	-3.499989280762496
0.8728645477424625	-2.5065753493415928
0.8729145485758096	-1.1157041272206611
0.8729645494091569	0.4691915572727886
0.8730145502425042	1.900650982890185
0.8730645510758513	2.944249403919221
0.8731145519091986	3.441896746669361
0.8731645527425458	3.3266600205855656
0.8732145535758931	2.744447424190647
0.8732645544092402	1.862598113103179
0.8733145552425875	0.8705424360171179
0.8733645560759347	-0.0823802075775925
0.8734145569092819	-0.8912061834746943
0.8734645577426291	-1.6294946620068538
0.8735145585759764	-2.343649210182251
0.8735645594093235	-3.008200332077846
0.8736145602426708	-3.7029488086304663
0.873664561076018	-4.289287763011807
0.8737145619093653	-4.731545403369244
0.8737645627427124	-4.940165745559595
0.8738145635760597	-4.879059261645236
0.873864564409407	-4.626777036871396
0.8739145652427541	-4.33316688484852
0.8739645660761014	-4.15509567756135
0.8740145669094486	-4.156216055853052
0.8740645677427958	-4.37830549972758
0.874114568576143	-4.687255184766066
0.8741645694094903	-4.895664915631515
0.8742145702428374	-4.818064984783955
0.8742645710761847	-4.378608427154835
0.8743145719095319	-3.5822317647118265
0.8743645727428792	-2.6644643768092218
0.8744145735762263	-1.845191016358913
0.8744645744095736	-1.4333903002960957
0.8745145752429208	-1.5759664453451925
0.874564576076268	-2.216724595297523
0.8746145769096152	-3.088420346400466
0.8746645777429625	-3.814316537641037
0.8747145785763097	-4.009974667663631
0.8747645794096569	-3.430287502449852
0.8748145802430042	-2.1607594876422493
0.8748645810763513	-0.4638885729688653
0.8749145819096986	1.049813377192498
0.8749645827430458	1.8345678547817688
0.8750145835763931	1.5757128874468187
0.8750645844097402	0.2125522940176879
0.8751145852430875	-1.944878287629442
0.8751645860764347	-4.189155989361491
0.8752145869097819	-5.7437584343343495
0.8752645877431291	-5.998014126657156
0.8753145885764764	-4.726171834883501
0.8753645894098235	-2.170691841461226
0.8754145902431708	0.9504193589413292
0.8754645910765181	3.695641133419745
0.8755145919098652	5.097048586504993
0.8755645927432125	4.607643641117949
0.8756145935765597	2.176907879687681
0.875664594409907	-1.5684740746400716
0.8757145952432541	-5.697017342457128
0.8757645960766014	-9.06975621308151
0.8758145969099486	-10.775168705936238
0.8758645977432958	-10.386392039640883
0.875914598576643	-8.031746178807088
0.8759645994099903	-4.403376078190155
0.8760146002433374	-0.5728537556147666
0.8760646010766847	2.4784814259460584
0.8761146019100319	4.100093809879469
0.8761646027433792	4.059548280323758
0.8762146035767263	2.7135215070819494
0.8762646044100736	0.8180103641058134
0.8763146052434209	-0.864718452682588
0.876364606076768	-1.66832159671042
0.8764146069101153	-1.3378014718463784
0.8764646077434625	0.0051785289776996
0.8765146085768097	1.814873147862642
0.8765646094101569	3.486370778812168
0.8766146102435042	4.481906900412866
0.8766646110768513	4.557812097777637
0.8767146119101986	3.880347619690212
0.8767646127435458	2.8272600139373467
0.876814613576893	1.998834378130967
0.8768646144102402	1.864914862559604
0.8769146152435875	2.574984506812495
0.8769646160769347	4.022366760584736
0.8770146169102819	5.832110331763571
0.8770646177436291	7.484998447256008
0.8771146185769764	8.456799686407289
0.8771646194103236	8.484232620786255
0.8772146202436708	7.551092782605837
0.8772646210770181	5.896199206484126
0.8773146219103652	3.910232966993084
0.8773646227437125	1.934232289321796
0.8774146235770597	0.1985554803027125
0.877464624410407	-1.2708612287246468
0.8775146252437541	-2.568489734765808
0.8775646260771014	-3.802584703339796
0.8776146269104486	-5.113359213609872
0.8776646277437958	-6.37884103549752
0.877714628577143	-7.420463478936543
0.8777646294104903	-7.899464072686271
0.8778146302438374	-7.565037673488616
0.8778646310771847	-6.443319367537901
0.877914631910532	-4.657502685356626
0.8779646327438791	-2.602339364135504
0.8780146335772264	-0.937173591784915
0.8780646344105736	-0.0501004271333418
0.8781146352439209	-0.2775650862946237
0.878164636077268	-1.55175932255253
0.8782146369106153	-3.586926518727048
0.8782646377439625	-5.726399903781058
0.8783146385773097	-7.39404251884762
0.8783646394106569	-8.125167981844017
0.8784146402440042	-7.794553967910289
0.8784646410773513	-6.496740106683795
0.8785146419106986	-4.711329056747799
0.8785646427440458	-2.925205341372197
0.878614643577393	-1.5905693130515437
0.8786646444107402	-0.9114124397520478
0.8787146452440875	-0.8616958605819898
0.8787646460774348	-1.1144265771167228
0.8788146469107819	-1.3621855690067444
0.8788646477441292	-1.1890150478756478
0.8789146485774764	-0.5079342285230143
0.8789646494108236	0.6299969115593744
0.8790146502441708	1.9196501734625115
0.8790646510775181	3.079461616361413
0.8791146519108652	3.7623993109006975
0.8791646527442125	3.8931200869108142
0.8792146535775597	3.512209884500378
0.879264654410907	2.859383340635873
0.8793146552442541	2.2240206549867465
0.8793646560776014	1.8269045998825637
0.8794146569109486	1.733516142319197
0.8794646577442958	1.7980412945848323
0.879514658577643	1.797541068374775
0.8795646594109903	1.438961285916892
0.8796146602443375	0.6236750263658428
0.8796646610776847	-0.6058834974697666
0.879714661911032	-1.9979067789633884
0.8797646627443791	-3.2325931363586253
0.8798146635777264	-3.913722168611695
0.8798646644110736	-3.8598284791162976
0.8799146652444209	-3.073472453603021
0.879964666077768	-1.7972640722782922
0.8800146669111153	-0.4354571546875354
0.8800646677444625	0.653346833354185
0.8801146685778097	1.15093298766419
0.8801646694111569	1.0824307115610292
0.8802146702445042	0.6406402824083675
0.8802646710778513	0.1871421884719124
0.8803146719111986	0.0863913031934541
0.8803646727445459	0.6452210373842137
0.880414673577893	1.7647955255724697
0.8804646744112403	3.285339775766304
0.8805146752445875	4.718547734630016
0.8805646760779348	5.6467514028031
0.8806146769112819	5.762514513813632
0.8806646777446292	4.996121663021486
0.8807146785779764	3.576979028676483
0.8807646794113236	1.8815700021402435
0.8808146802446708	0.4489022319931283
0.8808646810780181	-0.3589598032142588
0.8809146819113652	-0.3811815550988691
0.8809646827447125	0.3385579629602347
0.8810146835780597	1.5240520314350592
0.881064684411407	2.706517616525498
0.8811146852447541	3.6459226359895807
0.8811646860781014	4.1382454027141815
0.8812146869114487	4.151132041226779
0.8812646877447958	3.961757602403825
0.8813146885781431	3.756987906142608
0.8813646894114903	3.776522231116221
0.8814146902448375	4.035457470719449
0.8814646910781847	4.387600310230796
0.881514691911532	4.618840395064566
0.8815646927448791	4.479441385720797
0.8816146935782264	3.7835008114156894
0.8816646944115736	2.5454220808178105
0.8817146952449209	0.9665733319560804
0.881764696078268	-0.627582367686518
0.8818146969116153	-1.8815047042650068
0.8818646977449625	-2.633892465977308
0.8819146985783097	-2.829925396292864
0.8819646994116569	-2.609560684546119
0.8820147002450042	-2.2993108672967173
0.8820647010783514	-2.0958796353181244
0.8821147019116986	-2.159043541274887
0.8821647027450459	-2.4234922288010106
0.882214703578393	-2.6733341896053515
0.8822647044117403	-2.6067877577064182
0.8823147052450875	-1.9733777047858112
0.8823647060784348	-0.6972146031631801
0.8824147069117819	1.1092260986675242
0.8824647077451292	3.048675109512419
0.8825147085784764	4.6403486779482765
0.8825647094118236	5.460636539665591
0.8826147102451708	5.237614879035606
0.8826647110785181	4.002040446097735
0.8827147119118652	2.028022865823323
0.8827647127452125	-0.1600594104981806
0.8828147135785598	-2.108912071693208
0.882864714411907	-3.4020275339352315
0.8829147152452542	-3.903020503483366
0.8829647160786014	-3.719633324523891
0.8830147169119487	-3.115316369480312
0.8830647177452958	-2.457345568250902
0.8831147185786431	-1.9858167485497216
0.8831647194119903	-1.8078410193490932
0.8832147202453375	-1.779783400846841
0.8832647210786847	-1.740862200869997
0.883314721912032	-1.4348333779360043
0.8833647227453791	-0.7915915232582031
0.8834147235787264	0.081225906472482
0.8834647244120736	0.9388732228884216
0.8835147252454209	1.417283371549484
0.883564726078768	1.3355028650262295
0.8836147269121153	0.5222686059351807
0.8836647277454626	-0.8065018485756325
0.8837147285788097	-2.3457282469909693
0.883764729412157	-3.620996870190605
0.8838147302455042	-4.3204125441066505
0.8838647310788514	-4.286203840368094
0.8839147319121986	-3.6494103227593655
0.8839647327455459	-2.739630235179038
0.884014733578893	-2.02025616756332
0.8840647344122403	-1.8724392233640896
0.8841147352455875	-2.371334846769785
0.8841647360789348	-3.394210465119269
0.8842147369122819	-4.493916905669197
0.8842647377456292	-5.188342282321126
0.8843147385789764	-5.057169988736813
0.8843647394123236	-3.9690276723215137
0.8844147402456708	-2.1447396817765374
0.8844647410790181	-0.1264094390242409
0.8845147419123653	1.4736974227565254
0.8845647427457125	2.1369887522438797
0.8846147435790598	1.5651604800987329
0.884664744412407	-0.0552703787865322
0.8847147452457542	-2.2487474385214976
0.8847647460791014	-4.291165750062815
0.8848147469124487	-5.532601475446475
0.8848647477457958	-5.64123021006829
0.8849147485791431	-4.643497488162477
0.8849647494124903	-2.969870276692954
0.8850147502458375	-1.388727991454724
0.8850647510791847	-0.462677880324967
0.885114751912532	-0.6548360551681484
0.8851647527458791	-1.90592693785667
0.8852147535792264	-3.715346211741667
0.8852647544125737	-5.460413457534743
0.8853147552459208	-6.293915724037384
0.8853647560792681	-5.793747572062708
0.8854147569126153	-3.944175321521169
0.8854647577459626	-1.2080400739784996
0.8855147585793097	1.628604500114399
0.885564759412657	3.678708896601188
0.8856147602460042	4.244927679633604
0.8856647610793514	3.1813491911424765
0.8857147619126986	0.824692640241493
0.8857647627460459	-2.0597898399657746
0.885814763579393	-4.570540168242784
0.8858647644127403	-5.936326192252067
0.8859147652460875	-5.745448193502318
0.8859647660794348	-4.188400383010046
0.8860147669127819	-1.8759179986424075
0.8860647677461292	0.4164649780453456
0.8861147685794765	1.828897532300242
0.8861647694128236	1.9947357768312093
0.8862147702461709	0.9303425311514072
0.8862647710795181	-0.84310646918869
0.8863147719128653	-2.547351986044866
0.8863647727462125	-3.4602838433330483
0.8864147735795598	-3.181206298654876
0.8864647744129069	-1.7125055936497762
0.8865147752462542	0.4184140361089017
0.8865647760796014	2.398176389460073
0.8866147769129487	3.3818021380908267
0.8866647777462958	2.803960885251051
0.8867147785796431	0.5691769726257636
0.8867647794129903	-2.908379363420581
0.8868147802463375	-6.798201961362008
0.8868647810796847	-10.154392240136971
0.886914781913032	-12.125937006702696
0.8869647827463792	-12.31919461878803
0.8870147835797264	-10.76560628893705
0.8870647844130737	-8.010144108496508
0.8871147852464208	-4.750829790765491
0.8871647860797681	-1.9167878488247656
0.8872147869131153	-0.0159629552100715
0.8872647877464626	0.6856161538447474
0.8873147885798097	0.2878595949575402
0.887364789413157	-0.8553811395388398
0.8874147902465042	-2.189339094137958
0.8874647910798514	-3.354479776912745
0.8875147919131986	-4.063586864249781
0.8875647927465459	-4.259075842525685
0.887614793579893	-4.033034324528067
0.8876647944132403	-3.576298321552506
0.8877147952465876	-3.045395153069692
0.8877647960799347	-2.534305621156617
0.887814796913282	-2.012708227239552
0.8878647977466292	-1.4516403572991696
0.8879147985799765	-0.857409424605896
0.8879647994133236	-0.2025688979522605
0.8880148002466709	0.3485314337514948
0.8880648010800181	0.7254949970744735
0.8881148019133653	0.7738993253544807
0.8881648027467125	0.5415905420275827
0.8882148035800598	0.1580418868139249
0.8882648044134069	-0.2112175124462434
0.8883148052467542	-0.3866465627039446
0.8883648060801014	-0.2196786806736406
0.8884148069134487	0.2878140765058227
0.8884648077467958	0.959019633230782
0.8885148085801431	1.4761039727766718
0.8885648094134904	1.5961581124718789
0.8886148102468375	1.105463835512193
0.8886648110801848	0.0567975344265903
0.888714811913532	-1.3711995904403993
0.8887648127468792	-2.74262851455778
0.8888148135802264	-3.785613883479776
0.8888648144135737	-4.200470283589372
0.8889148152469208	-3.960289758218967
0.8889648160802681	-3.2687856325626075
0.8890148169136153	-2.528951793695549
0.8890648177469626	-2.125384566275537
0.8891148185803097	-2.4521419243782505
0.889164819413657	-3.5226955665081787
0.8892148202470042	-5.191794997303078
0.8892648210803514	-7.059476840914739
0.8893148219136986	-8.567041696076991
0.8893648227470459	-9.248411734640124
0.8894148235803931	-8.852518640362067
0.8894648244137403	-7.409244867128967
0.8895148252470876	-5.11219240714478
0.8895648260804347	-2.4558528798274963
0.889614826913782	0.0968447560085779
0.8896648277471292	2.181795616481585
0.8897148285804765	3.515869111063809
0.8897648294138236	4.118631403595403
0.8898148302471709	4.033029305573491
0.8898648310805181	3.4459140494021705
0.8899148319138653	2.4365149957106538
0.8899648327472125	1.1397699663642005
0.8900148335805598	-0.3749467226897468
0.8900648344139069	-2.033379014375372
0.8901148352472542	-3.625555240731296
0.8901648360806015	-4.906464563521844
0.8902148369139486	-5.548670201535476
0.8902648377472959	-5.275017261068987
0.8903148385806431	-3.981568703983109
0.8903648394139904	-1.8133651522904528
0.8904148402473375	0.8114719000645498
0.8904648410806848	3.361336073450732
0.890514841914032	5.1819052967650405
0.8905648427473792	5.825557814966858
0.8906148435807264	5.172213150738302
0.8906648444140737	3.467917553641797
0.8907148452474208	1.2672253886904017
0.8907648460807681	-0.7361203913453038
0.8908148469141153	-1.949113143020268
0.8908648477474626	-2.026569752057022
0.8909148485808097	-1.144781708103101
0.890964849414157	0.2476922591614816
0.8910148502475043	1.436831702950979
0.8910648510808514	1.7519172760253476
0.8911148519141987	0.78115523689466
0.8911648527475459	-1.3291882782600086
0.8912148535808931	-4.083266398301904
0.8912648544142403	-6.697670665305178
0.8913148552475876	-8.21446442523666
0.8913648560809347	-8.090609977297916
0.891414856914282	-6.207518443349559
0.8914648577476292	-2.9754854711162424
0.8915148585809765	0.8161634298693035
0.8915648594143236	4.094846655633793
0.8916148602476709	6.148470640201963
0.8916648610810181	6.451649489712381
0.8917148619143653	5.257431009518925
0.8917648627477126	3.1324299917626397
0.8918148635810598	0.9768931091344434
0.891864864414407	-0.4100440524117068
0.8919148652477542	-0.4486311882884869
0.8919648660811015	0.8149501204772988
0.8920148669144486	3.0100514347063627
0.8920648677477959	5.2869254624825865
0.8921148685811431	6.876982775159973
0.8921648694144904	7.222203097527223
0.8922148702478375	6.141254685502387
0.8922648710811848	3.9880530019918874
0.892314871914532	1.4215496133221333
0.8923648727478792	-0.7970560468871093
0.8924148735812264	-2.0847403339620896
0.8924648744145737	-2.118345051524546
0.8925148752479208	-1.0639224151581912
0.8925648760812681	0.6255343524221743
0.8926148769146154	2.367903761997863
0.8926648777479625	3.61810931027477
0.8927148785813098	4.113602802380045
0.892764879414657	3.853554442840981
0.8928148802480043	3.145155041502187
0.8928648810813514	2.318120456244233
0.8929148819146987	1.737730428256506
0.8929648827480459	1.496037848066896
0.8930148835813931	1.4342739599557723
0.8930648844147403	1.3301184831059265
0.8931148852480876	0.8483689054088612
0.8931648860814347	-0.18381088383775
0.893214886914782	-1.7057918069578522
0.8932648877481292	-3.4593363694449653
0.8933148885814765	-5.00133926657255
0.8933648894148236	-5.888620977614299
0.8934148902481709	-5.842034133232181
0.8934648910815182	-4.911668328279789
0.8935148919148653	-3.3108583871686745
0.8935648927482126	-1.5230215170064434
0.8936148935815598	0.024293862642485
0.893664894414907	0.9669023208643452
0.8937148952482542	1.2273918258851992
0.8937648960816015	0.9876486445234768
0.8938148969149486	0.604164179402767
0.8938648977482959	0.3577250435442825
0.8939148985816431	0.5288647857157683
0.8939648994149904	1.0081327822497117
0.8940149002483375	1.6664522268968225
0.8940649010816848	2.157444390076805
0.894114901915032	2.175271515155357
0.8941649027483792	1.639433125448575
0.8942149035817265	0.7198341567965622
0.8942649044150737	-0.2621122111719818
0.8943149052484209	-0.7829861765314745
0.8943649060817681	-0.4719933286549126
0.8944149069151154	0.7790298759132264
0.8944649077484625	2.76626480474532
0.8945149085818098	5.022048008238696
0.894564909415157	6.89007457412134
0.8946149102485043	7.767146628410939
0.8946649110818514	7.381895304757794
0.8947149119151987	5.822045952456421
0.8947649127485459	3.556129836703617
0.8948149135818931	1.2401605382680172
0.8948649144152403	-0.4433825291488731
0.8949149152485876	-1.098994413373675
0.8949649160819347	-0.5686003099357242
0.895014916915282	0.7549510872773326
0.8950649177486293	2.3330216261033097
0.8951149185819764	3.488626051716755
0.8951649194153237	3.703658641960012
0.8952149202486709	2.9299605503975
0.8952649210820182	1.340227635837765
0.8953149219153653	-0.5175511278271201
0.8953649227487126	-2.025796973873034
0.8954149235820598	-2.67235334071104
0.895464924415407	-2.293852450254632
0.8955149252487542	-1.0961796465815512
0.8955649260821015	0.4543365988250273
0.8956149269154486	1.7540098424877772
0.8956649277487959	2.248672633736869
0.8957149285821431	1.6824591800134556
0.8957649294154904	0.1743556137911556
0.8958149302488375	-1.8263347913846812
0.8958649310821848	-3.796917988498447
0.8959149319155321	-5.120436475869346
0.8959649327488792	-5.516308368936773
0.8960149335822265	-4.889394421264286
0.8960649344155737	-3.590601459503668
0.8961149352489209	-1.9951382112443696
0.8961649360822681	-0.606243529757108
0.8962149369156154	0.3189562008036097
0.8962649377489625	0.6196565014435158
0.8963149385823098	0.4901087238740779
0.896364939415657	0.1844537346488839
0.8964149402490043	-0.0048220730934445
0.8964649410823514	0.1230204873779878
0.8965149419156987	0.5300443060220335
0.8965649427490459	1.090752751846924
0.8966149435823931	1.55467465276559
0.8966649444157404	1.678398107999035
0.8967149452490876	1.4811450432229536
0.8967649460824348	0.994477602188376
0.896814946915782	0.4629954509701119
0.8968649477491293	0.1204447672822411
0.8969149485824764	0.1570015955319307
0.8969649494158237	0.6053252351048181
0.8970149502491709	1.2128664865052916
0.8970649510825182	1.7589906987791235
0.8971149519158653	1.8738032137340697
0.8971649527492126	1.3661301347177028
0.8972149535825598	0.2475529552746984
0.897264954415907	-1.2349406659281068
0.8973149552492542	-2.7356356526151018
0.8973649560826015	-3.8415173563619143
0.8974149569159486	-4.281704384322984
0.8974649577492959	-4.003661104525785
0.8975149585826432	-3.131314567815977
0.8975649594159903	-2.088100129893533
0.8976149602493376	-1.268717254158393
0.8976649610826848	-0.9831282369697536
0.8977149619160321	-1.3484873955755408
0.8977649627493792	-2.2848064723648567
0.8978149635827265	-3.476704711008554
0.8978649644160737	-4.479967775286033
0.8979149652494209	-4.9853568534843085
0.8979649660827681	-4.827945321848127
0.8980149669161154	-3.987083200153398
0.8980649677494625	-2.770282996265935
0.8981149685828098	-1.475303656463784
0.898164969416157	-0.3927991057053606
0.8982149702495043	0.2618552079887767
0.8982649710828514	0.4563835381344758
0.8983149719161987	0.2590273967270433
0.898364972749546	-0.0685960283153829
0.8984149735828931	-0.4182553205263326
0.8984649744162404	-0.5638737782029437
0.8985149752495876	-0.5303528813384305
0.8985649760829348	-0.3307263131364487
0.898614976916282	-4.2047776525167e-05
0.8986649777496293	0.445826560505752
0.8987149785829764	1.0788706506588248
0.8987649794163237	1.9725748154953584
0.8988149802496709	3.228373467781651
0.8988649810830182	4.80070521197095
0.8989149819163653	6.522217027541382
0.8989649827497126	8.077545080406445
0.8990149835830598	9.076485318572786
0.899064984416407	9.198152637601662
0.8991149852497543	8.347551413115802
0.8991649860831015	6.5425478188771615
0.8992149869164487	4.167983541106834
0.8992649877497959	1.7400140084282398
0.8993149885831432	-0.2739998262532318
0.8993649894164903	-1.438726325460041
0.8994149902498376	-1.6786126975099918
0.8994649910831848	-1.229398834065682
0.8995149919165321	-0.5107383659128117
0.8995649927498792	-0.012073143727288
0.8996149935832265	-0.098372015209005
0.8996649944165737	-0.913650683552408
0.8997149952499209	-2.1444569679390284
0.8997649960832681	-3.4276760242711037
0.8998149969166154	-4.228130310148902
0.8998649977499625	-4.083724840407967
0.8999149985833098	-2.9183495107902147
0.8999649994166571	-1.025919466722339
0.9000150002500042	1.1080944569392015
0.9000650010833515	2.702261065712524
0.9001150019166987	3.3008516046381486
0.900165002750046	2.590059342676824
0.9002150035833931	0.7729198665887104
0.9002650044167404	-1.6805146798671693
0.9003150052500876	-3.993106647273746
0.9003650060834348	-5.433386625916563
0.900415006916782	-5.632936200306117
0.9004650077501293	-4.564148531877382
0.9005150085834764	-2.583204597990089
0.9005650094168237	-0.3706483193103891
0.9006150102501709	1.488484239196038
0.9006650110835182	2.454555141857496
0.9007150119168653	2.4838703783041947
0.9007650127502126	1.799144174158943
0.90081501358356	1.0045873442168984
0.900865014416907	0.5363522608052665
0.9009150152502544	0.7950818455978281
0.9009650160836016	1.772279401171506
0.9010150169169489	3.1379209516617106
0.901065017750296	4.341868573768336
0.9011150185836432	4.735260355018675
0.9011650194169905	4.00052906818111
0.9012150202503376	2.198381083969607
0.9012650210836848	-0.2356441748464908
0.901315021917032	-2.6567810416039217
0.9013650227503792	-4.292883621346911
0.9014150235837264	-4.637621550496492
0.9014650244170735	-3.69755964749622
0.9015150252504208	-1.8539635158704075
0.9015650260837682	0.1183829293516946
0.9016150269171154	1.3527219848547842
0.9016650277504626	1.2339807272202394
0.9017150285838098	-0.4279070318278244
0.9017650294171572	-3.3224379173736818
0.9018150302505042	-6.666576597688848
0.9018650310838516	-9.492488325024809
0.9019150319171988	-10.87422144710645
0.901965032750546	-10.413582266559118
0.9020150335838932	-8.189442228642289
0.9020650344172404	-4.792597125622625
0.9021150352505876	-1.1545231250519117
0.9021650360839348	1.7396515372112846
0.902215036917282	3.193111915375806
0.9022650377506292	3.0397451494218988
0.9023150385839764	1.5545110939270526
0.9023650394173236	-0.5508032453501571
0.902415040250671	-2.408729561187079
0.902465041084018	-3.3121577964985294
0.9025150419173654	-2.8860399326657014
0.9025650427507126	-1.2469048963027978
0.90261504358406	1.1104093631749574
0.902665044417407	3.519336273206853
0.9027150452507544	5.312727033794558
0.9027650460841016	6.051880088657425
0.9028150469174488	5.710444630273154
0.902865047750796	4.610410034470775
0.9029150485841432	3.230860928387748
0.9029650494174905	2.1374221982363686
0.9030150502508376	1.712903501557
0.9030650510841848	2.023448638441338
0.903115051917532	2.93946847815732
0.9031650527508792	4.080398975989254
0.9032150535842264	5.052524147871719
0.9032650544175738	5.503387156703874
0.9033150552509208	5.292541124248261
0.9033650560842682	4.498456506897734
0.9034150569176154	3.342393084146123
0.9034650577509626	2.089996862912484
0.9035150585843098	1.031389440752819
0.9035650594176572	0.2848686009356252
0.9036150602510042	-0.1071091906884014
0.9036650610843516	-0.2234698243767615
0.9037150619176988	-0.213855340529731
0.903765062751046	-0.0959268002026606
0.9038150635843932	0.0185261037067971
0.9038650644177404	0.1308266050818967
0.9039150652510876	0.1967614703071082
0.9039650660844348	0.1589643556431029
0.904015066917782	-0.0077901347521005
0.9040650677511292	-0.438034020779213
0.9041150685844764	-1.2146809419648128
0.9041650694178236	-2.358518682307476
0.904215070251171	-3.638644767449157
0.904265071084518	-4.861536756613315
0.9043150719178654	-5.640878536184632
0.9043650727512126	-5.731126531360788
0.90441507358456	-4.917641593455798
0.904465074417907	-3.2365100271302665
0.9045150752512544	-0.990713116757781
0.9045650760846016	1.4693301635054123
0.9046150769179488	3.631253865137199
0.904665077751296	5.10426089336971
0.9047150785846432	5.700505137403441
0.9047650794179904	5.361662129202374
0.9048150802513376	4.356186317793682
0.9048650810846848	2.976494942749251
0.904915081918032	1.5752211160902192
0.9049650827513792	0.4008240219642471
0.9050150835847264	-0.4261304611177772
0.9050650844180738	-0.944084780745758
0.9051150852514208	-1.3442138809785118
0.9051650860847682	-1.6235339618060236
0.9052150869181154	-1.9002201378566448
0.9052650877514626	-2.0851135115859574
0.9053150885848098	-2.026685584192703
0.9053650894181572	-1.5937783679502768
0.9054150902515042	-0.6918107090818192
0.9054650910848516	0.616697724327852
0.9055150919181988	2.0586731640267235
0.905565092751546	3.3420550719129003
0.9056150935848932	4.159733931826265
0.9056650944182404	4.21562326316678
0.9057150952515876	3.560881760116809
0.9057650960849348	2.3121640563633594
0.905815096918282	0.8116348452705564
0.9058650977516292	-0.6115596736452035
0.9059150985849764	-1.633179459236152
0.9059650994183236	-2.1327132825626145
0.906015100251671	-2.1326104611401098
0.906065101085018	-1.8010325690894509
0.9061151019183654	-1.3765090845286083
0.9061651027517126	-1.044308223129133
0.90621510358506	-0.8972802981744181
0.906265104418407	-0.85733869654389
0.9063151052517544	-0.7973975166575862
0.9063651060851016	-0.5408284785101596
0.9064151069184488	-0.0215301309269174
0.906465107751796	0.6986795253331098
0.9065151085851432	1.3202109713370351
0.9065651094184904	1.6583579720891417
0.9066151102518376	1.3751332310402753
0.9066651110851848	0.4873681175322619
0.906715111918532	-0.942689864688992
0.9067651127518792	-2.561670840954466
0.9068151135852264	-3.914192167444856
0.9068651144185738	-4.633990658421569
0.9069151152519208	-4.493249579092834
0.9069651160852682	-3.526061745712544
0.9070151169186154	-2.101484794197137
0.9070651177519626	-0.6955892079405747
0.9071151185853098	0.2452068868859912
0.9071651194186572	0.3104944973563514
0.9072151202520042	-0.5578054071757538
0.9072651210853516	-2.134912029771447
0.9073151219186988	-3.901412406457388
0.907365122752046	-5.414162027597871
0.9074151235853932	-6.223867940166973
0.9074651244187404	-6.209992779342118
0.9075151252520876	-5.495317501786966
0.9075651260854348	-4.5069133329997175
0.907615126918782	-3.702692486645242
0.9076651277521292	-3.506244820216035
0.9077151285854764	-3.9763705479331977
0.9077651294188236	-4.969011438653892
0.907815130252171	-6.064927807044552
0.907865131085518	-6.677124447748749
0.9079151319188654	-6.450424728936577
0.9079651327522126	-5.165990264876746
0.90801513358556	-3.0180544428313207
0.9080651344189072	-0.4999053551604525
0.9081151352522544	1.7181414309244274
0.9081651360856016	3.075765842274956
0.9082151369189488	3.1698505899621217
0.908265137752296	2.030396671106088
0.9083151385856432	0.0153505132715278
0.9083651394189904	-2.264162319276453
0.9084151402523376	-4.1563405305832966
0.9084651410856848	-5.096004824631951
0.908515141919032	-4.864653300410537
0.9085651427523792	-3.555315733046679
0.9086151435857264	-1.6255003657573686
0.9086651444190738	0.4502850244437226
0.9087151452524208	2.158751970454337
0.9087651460857682	3.128601382883485
0.9088151469191154	3.33075450763982
0.9088651477524626	2.864455842173856
0.90891514858581	2.10260176526458
0.9089651494191572	1.3438796495003869
0.9090151502525043	0.8345290238227134
0.9090651510858516	0.6794881413603815
0.9091151519191988	0.8792460503148112
0.909165152752546	1.3384317550017273
0.9092151535858932	1.9064849013489047
0.9092651544192404	2.519316222399861
0.9093151552525875	3.157773294852898
0.9093651560859348	3.837917514413255
0.909415156919282	4.542173768210207
0.9094651577526291	5.186485637349964
0.9095151585859764	5.667143707813278
0.9095651594193236	5.8067727887359935
0.909615160252671	5.53251886563273
0.909665161086018	4.852633218324794
0.9097151619193654	3.8813357558673336
0.9097651627527128	2.937177609705436
0.9098151635860598	2.393472675329669
0.9098651644194072	2.5099000986025786
0.9099151652527544	3.3806431724141994
0.9099651660861016	4.876713786920472
0.9100151669194488	6.592460691026749
0.910065167752796	7.972911527940944
0.9101151685861432	8.506439697882806
0.9101651694194904	7.888343285375983
0.9102151702528376	6.172481282299294
0.9102651710861848	3.671276557130256
0.910315171919532	1.0122450692768012
0.9103651727528792	-1.0593056910387666
0.9104151735862264	-2.058866167074523
0.9104651744195738	-1.6926134109462248
0.910515175252921	-0.2772482791500471
0.9105651760862682	1.6258136561132617
0.9106151769196156	3.337195624024183
0.9106651777529626	4.07969019890393
0.91071517858631	3.4533347552957934
0.9107651794196572	1.4831151997058651
0.9108151802530045	-1.4081393179320658
0.9108651810863516	-4.471049917663376
0.9109151819196988	-6.906648583729926
0.910965182753046	-8.071097359889123
0.9110151835863932	-7.772645875114992
0.9110651844197404	-6.216803937820821
0.9111151852530875	-3.992304123257891
0.9111651860864348	-1.8884212949063484
0.911215186919782	-0.6248657465021292
0.9112651877531291	-0.5630875545165023
0.9113151885864764	-1.7566890158982478
0.9113651894198238	-3.767950361767454
0.911415190253171	-5.96904319223774
0.9114651910865182	-7.616818104661376
0.9115151919198654	-8.181097826848465
0.9115651927532128	-7.404991814847423
0.9116151935865598	-5.454719316595888
0.9116651944199072	-2.7681764723974536
0.9117151952532544	0.1309895709494749
0.9117651960866016	2.60190269235454
0.9118151969199488	4.320561087139343
0.911865197753296	5.146850206895634
0.9119151985866432	5.231090917985481
0.9119651994199904	4.800103079627816
0.9120152002533376	4.2172102408269305
0.9120652010866848	3.6602931263520926
0.912115201920032	3.295360088889759
0.9121652027533792	3.053242577249099
0.9122152035867266	2.8727265979650536
0.9122652044200736	2.618149472658897
0.912315205253421	2.2792047873490837
0.9123652060867682	1.890511601471999
0.9124152069201156	1.592896330380679
0.9124652077534626	1.5015816801898751
0.91251520858681	1.7296610234393046
0.9125652094201572	2.260601631289435
0.9126152102535044	3.015395003815061
0.9126652110868516	3.802318458838737
0.9127152119201988	4.4442878954004446
0.912765212753546	4.856760352556414
0.9128152135868932	4.906999475481682
0.9128652144202404	4.721488477313031
0.9129152152535877	4.376719135891495
0.9129652160869348	4.046672398059877
0.913015216920282	3.774400831201487
0.9130652177536294	3.588651588412558
0.9131152185869764	3.4495098241108595
0.9131652194203238	3.2076079351395475
0.913215220253671	2.737940353768336
0.9132652210870182	1.9798422828170643
0.9133152219203654	0.9837731121331398
0.9133652227537128	-0.1123236193139592
0.9134152235870598	-1.1282911661614643
0.9134652244204072	-1.823879819317592
0.9135152252537544	-1.9886126463176304
0.9135652260871016	-1.6110034715515236
0.9136152269204488	-0.6264350382765735
0.913665227753796	0.8025045281896966
0.9137152285871432	2.4593146306246174
0.9137652294204904	4.18082204634197
0.9138152302538376	5.772591129372057
0.9138652310871848	7.033304305066871
0.913915231920532	7.915353015940706
0.9139652327538792	8.30176699919391
0.9140152335872266	8.230217819690742
0.9140652344205736	7.730734181143384
0.914115235253921	6.893515605186745
0.9141652360872682	5.844711921133891
0.9142152369206156	4.707152107995891
0.9142652377539626	3.6625992731031873
0.91431523858731	2.7880563774627376
0.9143652394206572	2.1789400775278027
0.9144152402540044	1.81596867032884
0.9144652410873516	1.6395172508491345
0.9145152419206988	1.547872370739113
0.914565242754046	1.423460928964842
0.9146152435873932	1.2238384906894046
0.9146652444207404	1.0123709822764169
0.9147152452540876	0.8955625377858165
0.9147652460874348	0.9885871223950972
0.914815246920782	1.4438888593940038
0.9148652477541294	2.278409419750313
0.9149152485874764	3.3931049913440163
0.9149652494208238	4.562304567596551
0.915015250254171	5.48432047706705
0.9150652510875182	5.833212405218808
0.9151152519208654	5.451318389013579
0.9151652527542128	4.321247605971251
0.9152152535875598	2.698050346360289
0.9152652544209072	0.9401401969958048
0.9153152552542544	-0.4983828847092799
0.9153652560876016	-1.266949344387502
0.9154152569209488	-1.1594723057262142
0.915465257754296	-0.2794630263257938
0.9155152585876432	1.1128581774746291
0.9155652594209904	2.5985994299935204
0.9156152602543376	3.7499135988390098
0.9156652610876848	4.339539995314065
0.915715261921032	4.278918983440431
0.9157652627543792	3.838745247982658
0.9158152635877266	3.2711574542631023
0.9158652644210736	2.993769672398284
0.915915265254421	3.2596419137332138
0.9159652660877682	4.101646842982974
0.9160152669211156	5.2551756689430285
0.9160652677544626	6.39942495185153
0.91611526858781	7.076714717265098
0.9161652694211572	7.04475415341437
0.9162152702545044	6.206992173133656
0.9162652710878516	4.826481623989731
0.9163152719211988	3.322083743758488
0.916365272754546	2.1911696373920577
0.9164152735878932	1.7662533260908977
0.9164652744212404	2.168045373163175
0.9165152752545876	3.186848431705904
0.9165652760879348	4.332600227922785
0.916615276921282	5.008336095435481
0.9166652777546294	4.738011509159978
0.9167152785879764	3.2431491542685973
0.9167652794213238	0.6986154286824988
0.916815280254671	-2.399035410708367
0.9168652810880182	-5.329277827219433
0.9169152819213654	-7.359165752173801
0.9169652827547128	-8.01886283581474
0.9170152835880598	-7.178703035488936
0.9170652844214072	-5.128778366069132
0.9171152852547544	-2.5402826626202835
0.9171652860881016	-0.1096357578209609
0.9172152869214488	1.4588474209869942
0.917265287754796	1.7995015540424593
0.9173152885881432	0.8835136278420668
0.9173652894214904	-0.9293751867035878
0.9174152902548376	-3.076383209340925
0.9174652910881848	-4.90192173386401
0.917515291921532	-6.010759284580774
0.9175652927548792	-6.292944760757687
0.9176152935882266	-5.853868249798398
0.9176652944215736	-5.063592342517809
0.917715295254921	-4.385774900947527
0.9177652960882682	-4.132300017125824
0.9178152969216156	-4.405861206996428
0.9178652977549628	-5.02055045227029
0.91791529858831	-5.624915268966364
0.9179652994216572	-5.781511216340499
0.9180153002550044	-5.1993246200795324
0.9180653010883516	-3.744179343886762
0.9181153019216988	-1.6109061915129657
0.918165302755046	0.7868061668720261
0.9182153035883932	2.9674919732182867
0.9182653044217404	4.47253549010397
0.9183153052550876	4.991224638413644
0.9183653060884348	4.527414037324707
0.918415306921782	3.287587157487562
0.9184653077551294	1.7435012383941135
0.9185153085884764	0.2185279331159575
0.9185653094218238	-0.817172942959173
0.918615310255171	-1.19580757098819
0.9186653110885182	-0.9390851608842866
0.9187153119218656	-0.2018234328658477
0.9187653127552128	0.7569127478883864
0.91881531358856	1.643498161364182
0.9188653144219072	2.346052535794882
0.9189153152552544	2.8125866294057875
0.9189653160886015	3.1126603417247813
0.9190153169219488	3.2944578183111566
0.919065317755296	3.4526521903269525
0.9191153185886431	3.663891703887439
0.9191653194219904	3.842396613586968
0.9192153202553376	3.880942092988412
0.9192653210886848	3.62854982107944
0.919315321922032	3.053561702235773
0.9193653227553792	2.107560721491265
0.9194153235887266	0.9350555473394674
0.9194653244220736	-0.2670247536581893
0.919515325255421	-1.321816960708467
0.9195653260887684	-2.008216743037934
0.9196153269221156	-2.2315857997633555
0.9196653277554628	-1.9942068548937997
0.91971532858881	-1.3490546419912155
0.9197653294221572	-0.531672715841513
0.9198153302555044	0.2728157618073833
0.9198653310888516	0.887164250495674
0.9199153319221988	1.1614905831574145
0.919965332755546	1.091433791520904
0.9200153335888932	0.7000029532953369
0.9200653344222404	0.0910021872346333
0.9201153352555876	-0.5449660054130707
0.9201653360889348	-1.054155909380019
0.920215336922282	-1.3520661894900057
0.9202653377556294	-1.2910989937355188
0.9203153385889766	-0.9039354903988336
0.9203653394223238	-0.2499971292544873
0.9204153402556712	0.499157219378027
0.9204653410890182	1.238707175119239
0.9205153419223656	1.725736202401729
0.9205653427557128	1.8370290986651123
0.92061534358906	1.5143628499222306
0.9206653444224072	0.7615764538678664
0.9207153452557544	-0.3069931176067139
0.9207653460891017	-1.43282111913806
0.9208153469224488	-2.3607892757267708
0.920865347755796	-2.9181741822494685
0.9209153485891431	-2.8387239860949336
0.9209653494224904	-2.154241700145905
0.9210153502558376	-0.973638897973356
0.9210653510891847	0.5141918423075057
0.921115351922532	1.9569842906332735
0.9211653527558794	3.0797109733125527
0.9212153535892266	3.672393720947501
0.9212653544225738	3.553300887909346
0.921315355255921	2.7917057084219223
0.9213653560892684	1.5103607132331611
0.9214153569226154	-0.0795093577405691
0.9214653577559628	-1.7246028809236806
0.92151535858931	-3.2049828467572903
0.9215653594226572	-4.363524992396024
0.9216153602560044	-5.150651641180748
0.9216653610893516	-5.610747881454239
0.9217153619226988	-5.758324151932232
0.921765362756046	-5.7467862405026136
0.9218153635893932	-5.547098412375052
0.9218653644227404	-5.244163998299931
0.9219153652560876	-4.80030377603278
0.9219653660894348	-4.159620836834049
0.9220153669227822	-3.2916553814893463
0.9220653677561294	-2.208292491027733
0.9221153685894766	-0.940791286103174
0.9221653694228238	0.4024308634533097
0.9222153702561712	1.7057099770446205
0.9222653710895182	2.8043644347072183
0.9223153719228656	3.518107978355535
0.9223653727562128	3.745965443437168
0.92241537358956	3.4045851877113558
0.9224653744229072	2.457771519215776
0.9225153752562544	1.033873976126722
0.9225653760896017	-0.7136862028791254
0.9226153769229488	-2.4773880906128203
0.922665377756296	-3.951271670069565
0.9227153785896433	-4.864333115413931
0.9227653794229904	-4.972144241209706
0.9228153802563376	-4.134744771766804
0.922865381089685	-2.4832641322826925
0.922915381923032	-0.2180322382021531
0.9229653827563794	2.2440017999141606
0.9230153835897266	4.468065962842139
0.9230653844230738	6.000720708771896
0.923115385256421	6.611656032335139
0.9231653860897684	6.164189057080575
0.9232153869231154	4.762317158806053
0.9232653877564628	2.767779571756701
0.92331538858981	0.6022679075176776
0.9233653894231572	-1.3259724336846803
0.9234153902565044	-2.596974574959443
0.9234653910898516	-3.1422038389861493
0.9235153919231988	-2.931130821510909
0.923565392756546	-2.2470364368104727
0.9236153935898932	-1.4016480828275406
0.9236653944232404	-0.7746506283084971
0.9237153952565876	-0.5373647760063656
0.9237653960899348	-0.8341857256544303
0.9238153969232822	-1.5453465313605486
0.9238653977566292	-2.4754266123118533
0.9239153985899766	-3.2989409151941045
0.9239653994233238	-3.8041306663936334
0.9240154002566712	-3.7491424439612007
0.9240654010900182	-3.0581491861229395
0.9241154019233656	-1.8802954164674743
0.9241654027567128	-0.3711861527710233
0.92421540359006	1.2828543666106471
0.9242654044234072	2.805109156620825
0.9243154052567544	4.038906078642744
0.9243654060901016	4.894563422664968
0.9244154069234488	5.415023631416984
0.924465407756796	5.596610092449794
0.9245154085901433	5.56340049574339
0.9245654094234904	5.492244414288504
0.9246154102568376	5.433365451776547
0.924665411090185	5.373876718872797
0.924715411923532	5.457080072816986
0.9247654127568794	5.640930882856923
0.9248154135902266	5.840899066661838
0.9248654144235738	6.040153165131104
0.924915415256921	6.117014940093851
0.9249654160902684	5.995989015385965
0.9250154169236154	5.610055855788626
0.9250654177569628	4.911149597385399
0.92511541859031	4.020863210618384
0.9251654194236572	3.0964829706977843
0.9252154202570044	2.331414339103915
0.9252654210903516	1.9680177376330763
0.9253154219236988	2.172697101402567
0.925365422757046	2.9030008753611325
0.9254154235903932	4.1093736487356125
0.9254654244237404	5.53176546114348
0.9255154252570876	6.744073236270137
0.9255654260904348	7.367086610720218
0.9256154269237822	7.120494217379884
0.9256654277571292	5.819422231456791
0.9257154285904766	3.647063900054067
0.9257654294238238	0.945907070090842
0.9258154302571712	-1.8180663108042572
0.9258654310905182	-4.116884566693897
0.9259154319238656	-5.480079475786182
0.9259654327572128	-5.733245946776918
0.92601543359056	-4.961678166304656
0.9260654344239072	-3.4315908005715823
0.9261154352572544	-1.6635670693749385
0.9261654360906016	-0.1103788921938169
0.9262154369239488	0.825337386011293
0.926265437757296	1.0309105795732147
0.9263154385906432	0.6496762041659451
0.9263654394239904	-0.0561687453249265
0.9264154402573376	-0.6348318918318057
0.926465441090685	-0.681307922531009
0.926515441924032	-0.0490067569419084
0.9265654427573794	1.2840120690113457
0.9266154435907266	2.9922882352809963
0.9266654444240738	4.643341202255854
0.926715445257421	5.762362454933493
0.9267654460907684	5.967987309800726
0.9268154469241155	5.1475665620002085
0.9268654477574628	3.4515098923445966
0.92691544859081	1.2691972528850863
0.9269654494241572	-0.7981357248709872
0.9270154502575044	-2.3492527332426616
0.9270654510908516	-2.9634679127718444
0.9271154519241988	-2.5593114968475845
0.927165452757546	-1.335017800220116
0.9272154535908932	0.3126039056038328
0.9272654544242404	1.894360254738352
0.9273154552575876	3.024019710491036
0.9273654560909348	3.379426228010901
0.9274154569242822	2.978443987493094
0.9274654577576292	2.076963314209353
0.9275154585909766	1.0331148524166085
0.9275654594243238	0.2599961071630593
0.927615460257671	0.0623817680698609
0.9276654610910184	0.4891984486041334
0.9277154619243656	1.4160434905565231
0.9277654627577128	2.470282717523669
0.92781546359106	3.275866107015048
0.9278654644244072	3.4448435459250213
0.9279154652577544	2.854757135043461
0.9279654660911016	1.610356387620817
0.9280154669244488	0.0299991717389014
0.928065467757796	-1.4463688921902351
0.9281154685911432	-2.31082247123894
0.9281654694244904	-2.2174707442444195
0.9282154702578376	-1.0992377197627976
0.928265471091185	0.8835353160370073
0.928315471924532	3.2346910620463527
0.9283654727578794	5.44911718622732
0.9284154735912266	6.991971535035133
0.9284654744245738	7.534247890184681
0.9285154752579212	7.033604177775412
0.9285654760912684	5.633021686124788
0.9286154769246155	3.83985560428054
0.9286654777579628	2.082948901896432
0.92871547859131	0.8533082102941517
0.9287654794246571	0.3797001799746724
0.9288154802580044	0.6451577441140045
0.9288654810913516	1.405585911881697
0.9289154819246987	2.289832392094941
0.928965482758046	2.912795186684169
0.9290154835913932	2.981619880166101
0.9290654844247404	2.4515665478639765
0.9291154852580876	1.423139600485687
0.9291654860914348	0.2308235871878301
0.9292154869247822	-0.8287370988360414
0.9292654877581294	-1.4146411096703249
0.9293154885914766	-1.4251360278622316
0.929365489424824	-0.932728743550622
0.929415490258171	-0.1518973618886256
0.9294654910915184	0.5444783778889836
0.9295154919248656	0.8915055184572044
0.9295654927582128	0.7421421228554171
0.92961549359156	0.0906213676886715
0.9296654944249072	-0.9327017499597092
0.9297154952582544	-2.0199137775887586
0.9297654960916016	-2.894025166702168
0.9298154969249488	-3.346236547640238
0.929865497758296	-3.281970849310835
0.9299154985916432	-2.822685249748797
0.9299654994249904	-2.1050976905969696
0.9300155002583376	-1.3604763377202178
0.930065501091685	-0.6835444815735647
0.9301155019250322	-0.1651812704796569
0.9301655027583794	0.306322281805809
0.9302155035917268	0.7409055725167337
0.9302655044250738	1.3476257986204971
0.9303155052584212	2.127147610360081
0.9303655060917684	3.0332398291346614
0.9304155069251157	3.8730889776659208
0.9304655077584628	4.484001964137649
0.93051550859181	4.667540536027274
0.9305655094251571	4.328969959606777
0.9306155102585044	3.571953542957861
0.9306655110918516	2.6204522075883774
0.9307155119251987	1.7496217478142873
0.930765512758546	1.230961485214816
0.9308155135918932	1.2122362227846586
0.9308655144252403	1.670592330004223
0.9309155152585876	2.390555859877762
0.930965516091935	3.0615107002695234
0.9310155169252822	3.3429254442161294
0.9310655177586294	3.0215755202799315
0.9311155185919766	2.1190870219499782
0.931165519425324	0.860056777845676
0.931215520258671	-0.3876377509800238
0.9312655210920184	-1.1547181937479691
0.9313155219253656	-1.0892819247454246
0.9313655227587128	-0.0400948474640523
0.93141552359206	1.8513197109620891
0.9314655244254072	4.128978780599918
0.9315155252587544	6.227672408726057
0.9315655260921016	7.603414483240376
0.9316155269254488	7.780632825201715
0.931665527758796	6.703290001109956
0.9317155285921432	4.484469045328681
0.9317655294254904	1.7017370390751367
0.9318155302588378	-1.040247467399473
0.931865531092185	-3.1243135330778404
0.9319155319255322	-4.0820620543409545
0.9319655327588794	-3.7610406916654897
0.9320155335922268	-2.33268356256242
0.9320655344255738	-0.232590773126209
0.9321155352589212	2.0012749489656634
0.9321655360922684	3.803571667886501
0.9322155369256157	4.784455198184364
0.9322655377589628	4.87336408261804
0.93231553859231	4.118616628346221
0.9323655394256573	2.898050790984509
0.9324155402590044	1.5805189766271743
0.9324655410923516	0.5018599981320548
0.9325155419256989	-0.0546389847424731
0.932565542759046	-0.095768190339463
0.9326155435923932	0.2855366255459824
0.9326655444257406	0.7832076825846958
0.9327155452590876	1.171962737214542
0.932765546092435	1.121400556313446
0.9328155469257822	0.5663644352488983
0.9328655477591294	-0.4410230973861384
0.9329155485924766	-1.712758344028208
0.932965549425824	-2.9742527620534385
0.933015550259171	-3.957077483707356
0.9330655510925184	-4.419159950290021
0.9331155519258656	-4.276734789988474
0.9331655527592128	-3.593637898417186
0.93321555359256	-2.567260638711048
0.9332655544259072	-1.4801102378426023
0.9333155552592544	-0.6021705827908079
0.9333655560926016	-0.1590008089508803
0.9334155569259488	-0.2246822328915235
0.933465557759296	-0.7162612745958244
0.9335155585926432	-1.4373746367651123
0.9335655594259904	-2.121614530642752
0.9336155602593378	-2.4564630240488494
0.933665561092685	-2.1914756480596207
0.9337155619260322	-1.2456534878409915
0.9337655627593794	0.2868576633286118
0.9338155635927268	2.2105984009882764
0.9338655644260738	4.180386131975912
0.9339155652594212	5.872960726071844
0.9339655660927684	7.002382945032222
0.9340155669261156	7.407864806496573
0.9340655677594628	7.106896584528414
0.93411556859281	6.232261428819629
0.9341655694261572	5.023577656158984
0.9342155702595044	3.746266637188599
0.9342655710928516	2.624424221060018
0.9343155719261989	1.799391018066726
0.934365572759546	1.2786791315926431
0.9344155735928932	1.115676506458334
0.9344655744262406	1.1956890213784708
0.9345155752595876	1.4882691649420137
0.934565576092935	2.0143638872377903
0.9346155769262822	2.7482938621783544
0.9346655777596294	3.679923575292992
0.9347155785929766	4.804795315667545
0.934765579426324	5.947359729525036
0.934815580259671	6.927888955335183
0.9348655810930184	7.459871595558811
0.9349155819263656	7.319146467245985
0.9349655827597128	6.36797574393227
0.93501558359306	4.638249877055078
0.9350655844264072	2.3605358257707927
0.9351155852597544	-0.1358073896926927
0.9351655860931016	-2.406170964486179
0.9352155869264488	-4.04091531246737
0.935265587759796	-4.783229465982701
0.9353155885931432	-4.578860487356506
0.9353655894264904	-3.636534241613898
0.9354155902598378	-2.2281371601678206
0.935465591093185	-0.8042590248095614
0.9355155919265322	0.406830950733366
0.9355655927598794	1.085774934168867
0.9356155935932268	1.2899789627992202
0.9356655944265738	1.12338399938188
0.9357155952599212	0.8655001701394551
0.9357655960932684	0.7079624725842997
0.9358155969266156	0.8193254495860438
0.9358655977599628	1.2093594311682347
0.93591559859331	1.713005792509632
0.9359655994266572	2.1258402664087743
0.9360156002600044	2.284384925877212
0.9360656010933516	2.0572675533392566
0.9361156019266988	1.4475421355034723
0.936165602760046	0.6041717541541408
0.9362156035933932	-0.2034273914658914
0.9362656044267406	-0.777133171653934
0.9363156052600876	-0.9802792466658012
0.936365606093435	-0.7765874835489448
0.9364156069267822	-0.2591604572399386
0.9364656077601294	0.3633894545462308
0.9365156085934766	0.8571905565866844
0.936565609426824	1.0826834502231315
0.9366156102601711	1.006207013565012
0.9366656110935184	0.6272276372062058
0.9367156119268656	0.0767328414379491
0.9367656127602128	-0.4713273017344254
0.93681561359356	-0.8832076855176473
0.9368656144269072	-1.1993927669567426
0.9369156152602544	-1.336165826580559
0.9369656160936016	-1.3879099777554873
0.9370156169269488	-1.370758079177602
0.937065617760296	-1.2466826023682764
0.9371156185936432	-1.0265100067105768
0.9371656194269904	-0.5659310648177525
0.9372156202603378	0.1399835781735586
0.9372656210936848	1.0655487428325778
0.9373156219270322	2.109057007603576
0.9373656227603794	2.9752047382716
0.9374156235937268	3.454379026046467
0.937465624427074	3.385381246937653
0.9375156252604212	2.676409508555405
0.9375656260937684	1.5018245343049297
0.9376156269271156	0.1817108186653321
0.9376656277604628	-0.8957587576758935
0.93771562859381	-1.358276186113597
0.9377656294271572	-0.9137072694586956
0.9378156302605044	0.343059479951651
0.9378656310938516	2.2125658175431675
0.9379156319271988	4.207303748792362
0.937965632760546	5.83561687446966
0.9380156335938932	6.682629894646965
0.9380656344272406	6.506499860504961
0.9381156352605876	5.516884263588635
0.938165636093935	4.001427817334608
0.9382156369272822	2.431046249278153
0.9382656377606294	1.2888305203123278
0.9383156385939768	0.8406983586978853
0.938365639427324	1.160712358627677
0.9384156402606711	2.005471045865135
0.9384656410940184	2.940903908553983
0.9385156419273656	3.569459105492073
0.9385656427607127	3.6040104200485783
0.93861564359406	2.930766264498403
0.9386656444274072	1.7483940145633543
0.9387156452607543	0.3225258802852112
0.9387656460941016	-0.9271035934433588
0.9388156469274488	-1.7144858913693724
0.938865647760796	-1.9921924523748729
0.9389156485941432	-1.8569867100603483
0.9389656494274904	-1.5812402181890772
0.9390156502608378	-1.5060588520224991
0.939065651094185	-1.9070553252077596
0.9391156519275322	-2.696589378536988
0.9391656527608796	-3.866084084437271
0.9392156535942268	-4.954671930962733
0.939265654427574	-5.568757287894739
0.9393156552609212	-5.517301930370868
0.9393656560942684	-4.682722187627183
0.9394156569276156	-3.225820390217941
0.9394656577609628	-1.5147142900222323
0.93951565859431	-0.0028190709051462
0.9395656594276572	0.8907432867407299
0.9396156602610044	0.9617911235911676
0.9396656610943516	0.2602574268360069
0.9397156619276988	-0.964346449479342
0.939765662761046	-2.337049610726484
0.9398156635943932	-3.4827075173143296
0.9398656644277406	-4.159217284149072
0.9399156652610878	-4.347819236882704
0.939965666094435	-4.137930371089611
0.9400156669277824	-3.813602771893536
0.9400656677611294	-3.608581382689967
0.9401156685944768	-3.663205665607389
0.940165669427824	-3.91119485646844
0.9402156702611713	-4.23019099569061
0.9402656710945184	-4.262870438546273
0.9403156719278656	-3.8675293941564144
0.9403656727612127	-2.9143862755210748
0.94041567359456	-1.554981221137877
0.9404656744279072	0.0002343859498988
0.9405156752612543	1.321787477283256
0.9405656760946016	2.05891401159734
0.9406156769279488	2.011028339181054
0.940665677761296	1.1714996848539114
0.9407156785946432	-0.2061734708395737
0.9407656794279906	-1.7699153970855326
0.9408156802613378	-3.159879866299753
0.940865681094685	-3.994517788520679
0.9409156819280322	-4.215742288206149
0.9409656827613796	-3.872539140628219
0.9410156835947266	-3.153210064805421
0.941065684428074	-2.3768138301553616
0.9411156852614212	-1.7103806679212323
0.9411656860947684	-1.3226577216992423
0.9412156869281156	-1.156421483996771
0.9412656877614628	-1.078265488924819
0.94131568859481	-0.9131535300727602
0.9413656894281572	-0.5476886424725053
0.9414156902615044	0.0821344189240965
0.9414656910948516	0.8456249310296061
0.941515691928199	1.5068460118990017
0.941565692761546	1.871014558236616
0.9416156935948934	1.7901005115263051
0.9416656944282406	1.2091037923414143
0.9417156952615878	0.3037342477530079
0.941765696094935	-0.6718698791165109
0.9418156969282824	-1.428860440325085
0.9418656977616294	-1.768193704245923
0.9419156985949768	-1.5299148135910257
0.941965699428324	-0.7409942424111102
0.9420157002616713	0.3621718261659119
0.9420657010950184	1.529264832156132
0.9421157019283656	2.467019485085859
0.9421657027617129	2.938523711008063
0.94221570359506	2.878975692051656
0.9422657044284072	2.29655820496512
0.9423157052617545	1.3119653538467135
0.9423657060951016	0.292086781018814
0.9424157069284488	-0.6458107072239176
0.9424657077617962	-1.231334583832982
0.9425157085951432	-1.3762302263788917
0.9425657094284906	-1.0492069942957052
0.9426157102618378	-0.3153122593961015
0.942665711095185	0.5829375922190493
0.9427157119285322	1.4612537275831905
0.9427657127618796	2.115759512938001
0.9428157135952266	2.351835403845673
0.942865714428574	2.032881691173784
0.9429157152619212	1.2709990751728428
0.9429657160952684	0.2291813250475088
0.9430157169286156	-0.8625991137493468
0.9430657177619628	-1.619689294966173
0.94311571859531	-1.7514327781646533
0.9431657194286572	-1.1420365201663565
0.9432157202620044	0.1591794188108819
0.9432657210953516	1.8808482163166995
0.943315721928699	3.560503846460234
0.943365722762046	4.627412934654135
0.9434157235953934	4.719406139375359
0.9434657244287404	3.568676131792702
0.9435157252620878	1.385968899678897
0.943565726095435	-1.4269562794629036
0.9436157269287824	-4.116612260842831
0.9436657277621294	-5.998329719616546
0.9437157285954768	-6.519663041346524
0.943765729428824	-5.473930757921734
0.9438157302621712	-3.1106844404974208
0.9438657310955184	-0.0561003738242437
0.9439157319288656	2.850637879644297
0.9439657327622129	4.776342435324295
0.94401573359556	5.277205890406693
0.9440657344289072	4.183588631789679
0.9441157352622545	1.888912171831808
0.9441657360956016	-0.7612714411338521
0.9442157369289488	-2.9545263011917724
0.9442657377622962	-3.9699701704964623
0.9443157385956432	-3.496567202432852
0.9443657394289906	-1.6766952689584036
0.9444157402623378	0.8689583050237628
0.944465741095685	3.3590047378320405
0.9445157419290322	4.917063412795741
0.9445657427623796	5.10044502517184
0.9446157435957266	3.79100293950896
0.944665744429074	1.4702700306050305
0.9447157452624212	-1.1108784124972626
0.9447657460957684	-3.135292883352867
0.9448157469291156	-3.9578295881975
0.9448657477624628	-3.314292845530465
0.94491574859581	-1.4324256277649787
0.9449657494291572	1.0966382943301611
0.9450157502625044	3.548674684654264
0.9450657510958516	5.152914905879717
0.9451157519291988	5.587151360149704
0.945165752762546	4.802047024651198
0.9452157535958934	3.140942924348879
0.9452657544292404	1.2312734055297363
0.9453157552625878	-0.3673914329258403
0.945365756095935	-1.220941244074447
0.9454157569292824	-1.232576105174366
0.9454657577626294	-0.5266830643399018
0.9455157585959768	0.4922935502446099
0.945565759429324	1.4035826078895297
0.9456157602626712	1.9561261786350264
0.9456657610960184	2.02436128249323
0.9457157619293656	1.8126911424110603
0.9457657627627128	1.506247898380957
0.94581576359606	1.3330993100106927
0.9458657644294072	1.399146566903968
0.9459157652627544	1.6185913393298668
0.9459657660961016	1.7366696037883629
0.9460157669294488	1.4717433801249196
0.9460657677627962	0.7258521054599167
0.9461157685961432	-0.5483889967951424
0.9461657694294906	-2.0491219902027256
0.9462157702628378	-3.2494814563877648
0.946265771096185	-3.7271960134014335
0.9463157719295322	-3.110810118422303
0.9463657727628796	-1.3972658173934924
0.9464157735962268	1.14081465081455
0.946465774429574	3.899720921802418
0.9465157752629212	6.253167090192771
0.9465657760962684	7.587241071522655
0.9466157769296156	7.631074841980594
0.9466657777629628	6.45196436558803
0.94671577859631	4.457337986665434
0.9467657794296572	2.354370092196508
0.9468157802630044	0.715506157104334
0.9468657810963516	-0.0736973444040618
0.9469157819296988	0.0810425265550378
0.946965782763046	0.9317779763219312
0.9470157835963934	1.93437057864078
0.9470657844297404	2.593194854932692
0.9471157852630878	2.5049767021841256
0.947165786096435	1.6356650907078134
0.9472157869297824	0.2126576430743203
0.9472657877631296	-1.193295688178604
0.9473157885964768	-2.1257242627498085
0.947365789429824	-2.1213976037853217
0.9474157902631712	-1.0316368432912912
0.9474657910965184	0.9247943636440992
0.9475157919298656	3.223227620269381
0.9475657927632128	5.354915487232903
0.94761579359656	6.697745222744268
0.9476657944299072	7.055418270258993
0.9477157952632544	6.383705044367217
0.9477657960966016	5.0249479793323255
0.9478157969299488	3.3835916534305115
0.9478657977632962	1.961664923729396
0.9479157985966432	1.03705508273461
0.9479657994299906	0.8551913743136965
0.948015800263338	1.178755631207954
0.948065801096685	1.8397285434692237
0.9481158019300324	2.560138143750737
0.9481658027633796	3.0922780717166
0.9482158035967267	3.33814681158639
0.948265804430074	3.402850086264331
0.9483158052634212	3.36976660253295
0.9483658060967683	3.453825389135236
0.9484158069301156	3.688350072392864
0.9484658077634628	4.137110988213951
0.94851580859681	4.718719556818751
0.9485658094301572	5.311291441042998
0.9486158102635044	5.879887515620482
0.9486658110968516	6.313753450330171
0.9487158119301988	6.679410450784598
0.948765812763546	7.034412894971671
0.9488158135968934	7.348571226130305
0.9488658144302408	7.592728866079238
0.9489158152635878	7.644444645953726
0.9489658160969352	7.350040738589017
0.9490158169302824	6.536212185544558
0.9490658177636296	5.146492520127841
0.9491158185969768	3.2864223664808896
0.949165819430324	1.185665034304544
0.9492158202636712	-0.8555001343988173
0.9492658210970184	-2.4469544212502856
0.9493158219303656	-3.4000466661020305
0.9493658227637128	-3.621306769388701
0.94941582359706	-3.261368146113392
0.9494658244304072	-2.5279332432833748
0.9495158252637544	-1.7698574068054524
0.9495658260971016	-1.1821273635955838
0.9496158269304488	-0.8245377241388665
0.9496658277637962	-0.7109467151182902
0.9497158285971434	-0.5627184863262962
0.9497658294304906	-0.2536436622358623
0.949815830263838	0.3033453233980633
0.949865831097185	1.0850621963667235
0.9499158319305324	1.752322117130486
0.9499658327638796	2.020079869613957
0.9500158335972269	1.4862428356432502
0.950065834430574	0.090705311981255
0.9501158352639212	-2.1071309094219712
0.9501658360972683	-4.67686569481574
0.9502158369306156	-7.035456987255744
0.9502658377639628	-8.553966442687345
0.95031583859731	-8.8459471310834
0.9503658394306572	-7.7397834596418065
0.9504158402640044	-5.503539181273104
0.9504658410973518	-2.7048550376934624
0.9505158419306988	0.0277352911308804
0.9505658427640462	2.0327879768181334
0.9506158435973934	2.866270087483104
0.9506658444307406	2.5056325591335185
0.9507158452640878	1.2048239971246364
0.9507658460974352	-0.5121803066713341
0.9508158469307822	-2.16576771608431
0.9508658477641296	-3.2982912429638938
0.9509158485974768	-3.7972970340896968
0.950965849430824	-3.707195917776481
0.9510158502641712	-3.330491584642684
0.9510658510975184	-3.02848190680178
0.9511158519308656	-3.0544738440754275
0.9511658527642128	-3.470382617737581
0.95121585359756	-4.171143521036007
0.9512658544309072	-4.864920607211123
0.9513158552642546	-5.2456847525646
0.9513658560976016	-5.101485613585535
0.951415856930949	-4.432199507139505
0.9514658577642962	-3.3638999145946102
0.9515158585976434	-2.224640938969176
0.9515658594309906	-1.3296073464411529
0.951615860264338	-0.820626120284756
0.951665861097685	-0.8106745855454223
0.9517158619310324	-1.1813656108203323
0.9517658627643796	-1.6401824786514612
0.9518158635977269	-1.9565538764546435
0.951865864431074	-1.9504300281327016
0.9519158652644212	-1.623139436609894
0.9519658660977685	-0.9725313380858764
0.9520158669311156	-0.2031898420737177
0.9520658677644628	0.5123259315846397
0.95211586859781	1.1777494115678246
0.9521658694311572	1.767231265706011
0.9522158702645044	2.447093992957032
0.9522658710978518	3.2981747574370632
0.9523158719311988	4.367820160343659
0.9523658727645462	5.525407063917256
0.9524158735978934	6.450850999904158
0.9524658744312406	6.8849794677024425
0.9525158752645878	6.508760780795799
0.9525658760979352	5.244965340079201
0.9526158769312822	3.3118874311443967
0.9526658777646296	1.0776227208368847
0.9527158785979768	-0.8427715648906451
0.952765879431324	-1.98722898634748
0.9528158802646712	-2.0269040506715217
0.9528658810980184	-1.0019259389880562
0.9529158819313656	0.8001265883268928
0.9529658827647128	2.720031597444795
0.95301588359806	4.0746823859921735
0.9530658844314072	4.398629695181759
0.9531158852647544	3.483843660866876
0.9531658860981016	1.5079192404964132
0.953215886931449	-1.021352035885868
0.953265887764796	-3.472105145454408
0.9533158885981434	-5.24066159733558
0.9533658894314906	-6.064460198772671
0.953415890264838	-5.930426531346891
0.953465891098185	-5.1769753249847215
0.9535158919315324	-4.239517479200782
0.9535658927648796	-3.6355209177432553
0.9536158935982268	-3.518634573643426
0.953665894431574	-3.87897484003223
0.9537158952649212	-4.425949778277104
0.9537658960982685	-4.672388154686809
0.9538158969316156	-4.330860220241656
0.9538658977649628	-3.231728143224179
0.95391589859831	-1.5767129714988264
0.9539658994316572	0.1375867158666844
0.9540159002650044	1.4413819504086691
0.9540659010983518	1.8407573715646055
0.9541159019316988	1.1556659647612808
0.9541659027650462	-0.4131960116634329
0.9542159035983934	-2.3039470942979263
0.9542659044317406	-3.9197989507988487
0.9543159052650878	-4.683794262351829
0.9543659060984352	-4.264909274719316
0.9544159069317822	-2.802100340309073
0.9544659077651296	-0.7595518284432605
0.9545159085984768	1.1761013792785069
0.954565909431824	2.369769739967454
0.9546159102651712	2.5142042649084053
0.9546659110985184	1.5759583007817786
0.9547159119318656	0.0431909726537487
0.9547659127652128	-1.5157261728691551
0.95481591359856	-2.420310192656088
0.9548659144319072	-2.274096867402375
0.9549159152652544	-1.1682745558403274
0.9549659160986016	0.5190466223502597
0.955015916931949	2.0018286384632864
0.955065917765296	2.611576080615079
0.9551159185986434	1.869180204987051
0.9551659194319906	-0.2854765709682226
0.955215920265338	-3.382611224893921
0.955265921098685	-6.692858387375522
0.9553159219320324	-9.325753740499144
0.9553659227653796	-10.589683598307538
0.9554159235987268	-10.178503515905648
0.955465924432074	-8.369234023308444
0.9555159252654212	-5.69891950221383
0.9555659260987684	-3.004173922998721
0.9556159269321156	-1.0444414837763016
0.9556659277654628	-0.2666227977581157
0.95571592859881	-0.6309787393701076
0.9557659294321572	-1.7474834205040564
0.9558159302655044	-2.996601414581049
0.9558659310988518	-3.733240095552605
0.9559159319321988	-3.57168099428838
0.9559659327655462	-2.468625594927836
0.9560159335988934	-0.7066765724486301
0.9560659344322406	1.132254026169038
0.9561159352655878	2.459266941080533
0.9561659360989352	2.892095699040858
0.9562159369322824	2.302478508995601
0.9562659377656296	0.9135051511866225
0.9563159385989768	-0.8335894765969841
0.956365939432324	-2.438867639899633
0.9564159402656712	-3.5122215565023844
0.9564659410990184	-3.9149560848064615
0.9565159419323656	-3.71221604563909
0.9565659427657128	-3.176466865079083
0.95661594359906	-2.600234081848706
0.9566659444324072	-2.155818521395741
0.9567159452657544	-1.9176915086443511
0.9567659460991016	-1.7338602469976816
0.956815946932449	-1.3611461806807328
0.956865947765796	-0.6278672623265473
0.9569159485991434	0.4939321798983986
0.9569659494324906	1.80201615979696
0.957015950265838	2.9878456699571623
0.9570659510991852	3.624461230382561
0.9571159519325324	3.3732329087203423
0.9571659527658796	2.120811975493312
0.9572159535992268	0.0071501506182162
0.957265954432574	-2.533661322176914
0.9573159552659212	-4.933441251034238
0.9573659560992684	-6.696794403587335
0.9574159569326156	-7.467294604151278
0.9574659577659628	-7.12353958936807
0.95751595859931	-5.908160815116132
0.9575659594326572	-4.203522507216188
0.9576159602660044	-2.4261182726424995
0.9576659610993518	-0.9738752627241531
0.9577159619326988	0.0174837152896019
0.9577659627660462	0.5939304834698711
0.9578159635993936	0.9477125678260504
0.9578659644327406	1.3533168126294504
0.957915965266088	1.99499798746204
0.9579659660994352	2.996908482157071
0.9580159669327823	4.249945574462818
0.9580659677661296	5.532346845904884
0.9581159685994768	6.554005178814324
0.958165969432824	7.163434693715226
0.9582159702661712	7.195310875106038
0.9582659710995184	6.662717654305046
0.9583159719328656	5.657521359436178
0.9583659727662128	4.37111691609154
0.95841597359956	2.986034450777249
0.9584659744329072	1.643840954774965
0.9585159752662544	0.5003091836552483
0.9585659760996016	-0.3441098202270505
0.958615976932949	-0.7708019126959161
0.9586659777662964	-0.6895102740339756
0.9587159785996434	-0.0858251659937352
0.9587659794329908	1.04963158742084
0.958815980266338	2.5500382853244936
0.9588659810996852	4.085298213341143
0.9589159819330324	5.300812454055579
0.9589659827663796	5.832696257565877
0.9590159835997268	5.458560620914182
0.959065984433074	4.18477368605376
0.9591159852664212	2.223298599724597
0.9591659860997684	0.055494160290426
0.9592159869331156	-1.756028673121852
0.9592659877664628	-2.7575523331145915
0.95931598859981	-2.7709864297892084
0.9593659894331572	-1.8359054046056988
0.9594159902665044	-0.467418285279322
0.9594659910998518	0.7307877657151194
0.959515991933199	1.1891553282644791
0.9595659927665462	0.5093093898430606
0.9596159935998936	-1.2662572613647405
0.9596659944332406	-3.6887562190171623
0.959715995266588	-6.049569797483906
0.9597659960999352	-7.533386752702157
0.9598159969332823	-7.617677911429374
0.9598659977666296	-6.126338026398397
0.9599159985999768	-3.415143137358998
0.959965999433324	-0.1913537451557187
0.9600160002666712	2.5622250317101
0.9600660011000184	4.139753401358498
0.9601160019333655	4.030641087648767
0.9601660027667128	2.3470286012130197
0.96021600360006	-0.3168356221076118
0.9602660044334074	-3.101616335282441
0.9603160052667544	-5.139293413209196
0.9603660061001018	-5.796502787113586
0.960416006933449	-5.013440002872051
0.9604660077667962	-3.1053621973247774
0.9605160086001434	-0.8510708237634927
0.9605660094334908	0.9666353576829736
0.9606160102668378	1.6951638196078245
0.9606660111001852	1.0802417140182754
0.9607160119335324	-0.6063127130219784
0.9607660127668796	-2.756616488486127
0.9608160136002268	-4.577201163779347
0.960866014433574	-5.482338412158113
0.9609160152669212	-5.1783050333571845
0.9609660161002684	-3.8412794221179207
0.9610160169336156	-1.9872182163863656
0.9610660177669628	-0.2890721803290056
0.9611160186003102	0.631021196895934
0.9611660194336572	0.5127136810527294
0.9612160202670046	-0.5289480329146813
0.9612660211003518	-2.0211820845290926
0.961316021933699	-3.3012311820134315
0.9613660227670462	-3.8121659471542153
0.9614160236003936	-3.2865454391652
0.9614660244337406	-1.7755406457729996
0.961516025267088	0.1884147824658935
0.9615660261004352	2.0159745948742067
0.9616160269337825	3.071609306920489
0.9616660277671296	3.028970733755016
0.9617160286004768	1.9158456182541148
0.961766029433824	0.0258842089259374
0.9618160302671712	-1.9489529782040544
0.9618660311005184	-3.462655552637756
0.9619160319338655	-4.1633938719559165
0.9619660327672128	-3.9562818106778113
0.96201603360056	-3.0499006296223867
0.9620660344339074	-1.884518668342364
0.9621160352672544	-0.9025859151817645
0.9621660361006018	-0.3656942216852933
0.962216036933949	-0.3064143567968637
0.9622660377672962	-0.536227956232412
0.9623160386006434	-0.7281116005364892
0.9623660394339908	-0.5877802960808681
0.9624160402673378	-0.016005980292167
0.9624660411006852	0.8356948664113097
0.9625160419340324	1.580576719551636
0.9625660427673796	1.8545681888828565
0.9626160436007268	1.3736747259166286
0.962666044434074	0.0147023051731418
0.9627160452674212	-1.8973324331107
0.9627660461007684	-3.828029179663434
0.9628160469341156	-5.252534906254411
0.9628660477674628	-5.617654961913057
0.96291604860081	-4.778950997851372
0.9629660494341572	-2.9100864772915944
0.9630160502675046	-0.5063631842337142
0.9630660511008516	1.7593024261235792
0.963116051934199	3.3208127956991667
0.9631660527675462	3.822102865720322
0.9632160536008936	3.324670540322203
0.9632660544342406	2.2023737219237614
0.963316055267588	1.0197682190843809
0.9633660561009352	0.269561462164356
0.9634160569342824	0.2859904692303029
0.9634660577676296	0.9959548769422988
0.9635160586009768	2.0700749226429496
0.963566059434324	3.004030342500328
0.9636160602676712	3.285148511016343
0.9636660611010184	2.651135541578762
0.9637160619343657	1.1842596096676017
0.9637660627677128	-0.7024520357070573
0.96381606360106	-2.357720492017243
0.9638660644344074	-3.1974512036521623
0.9639160652677544	-2.8137175780911585
0.9639660661011018	-1.1790821265453584
0.964016066934449	1.2945867006718477
0.9640660677677962	3.9908647117569194
0.9641160686011434	6.200230943925881
0.9641660694344908	7.293596604395248
0.9642160702678378	7.0478421375301386
0.9642660711011852	5.525432659158804
0.9643160719345324	3.16970553099165
0.9643660727678796	0.5191210621985844
0.9644160736012268	-1.8341510808062016
0.964466074434574	-3.490745198657718
0.9645160752679212	-4.354319012291914
0.9645660761012684	-4.46646532061886
0.9646160769346156	-4.065075893041346
0.9646660777679628	-3.3954850565050188
0.96471607860131	-2.7137030961893047
0.9647660794346572	-2.0345720086836625
0.9648160802680046	-1.3352082895445334
0.9648660811013516	-0.6150579184494256
0.964916081934699	0.1370776800045366
0.9649660827680462	0.8320376882555167
0.9650160836013936	1.2714925838722548
0.9650660844347406	1.2678388809850896
0.965116085268088	0.7415748267124844
0.9651660861014352	-0.157817510628263
0.9652160869347824	-1.2502113552318992
0.9652660877681296	-2.1691642144583603
0.9653160886014768	-2.5530418090497484
0.965366089434824	-2.2632591755322884
0.9654160902681712	-1.3403359571911453
0.9654660911015184	-0.0991322118438777
0.9655160919348657	0.9622606508756576
0.9655660927682128	1.3085251124930672
0.96561609360156	0.6928387524467617
0.9656660944349074	-0.9026436426001284
0.9657160952682544	-3.2171091160316814
0.9657660961016018	-5.570616382702255
0.965816096934949	-7.321157910031478
0.9658660977682962	-7.970005827924893
0.9659160986016434	-7.263058834170047
0.9659660994349908	-5.383215414440301
0.966016100268338	-2.8954482385185782
0.9660661011016852	-0.4644375782171193
0.9661161019350324	1.1584980077296132
0.9661661027683796	1.6211003142710154
0.9662161036017268	0.8679243535088814
0.966266104435074	-0.695431065819397
0.9663161052684212	-2.487428593145729
0.9663661061017684	-3.8284315629954624
0.9664161069351156	-4.276605644070113
0.9664661077684628	-3.720540980721391
0.96651610860181	-2.380995735482128
0.9665661094351572	-0.7647714445085899
0.9666161102685046	0.5154193409316826
0.9666661111018516	0.9847976119939448
0.966716111935199	0.4472998934374536
0.9667661127685464	-0.9599646384078592
0.9668161136018936	-2.7649603689929405
0.9668661144352408	-4.407442802524086
0.966916115268588	-5.291125071319144
0.9669661161019352	-5.151607963576848
0.9670161169352824	-3.826038415667189
0.9670661177686296	-1.6448950449095912
0.9671161186019768	1.029345749255501
0.967166119435324	3.717341359177073
0.9672161202686712	5.997162897398114
0.9672661211020184	7.578509906887525
0.9673161219353656	8.402791861887042
0.9673661227687128	8.475907922976571
0.96741612360206	7.992354036644073
0.9674661244354074	6.9375411033076615
0.9675161252687544	5.570545453451018
0.9675661261021018	3.968445309277236
0.9676161269354492	2.288181976425312
0.9676661277687962	0.7564934120556056
0.9677161286021436	-0.3463401214921791
0.9677661294354908	-0.8635063299071623
0.967816130268838	-0.6087070279800262
0.9678661311021852	0.3672748736982226
0.9679161319355324	1.848634218941067
0.9679661327688796	3.3847700236150686
0.9680161336022268	4.617784270339732
0.968066134435574	5.083000984764489
0.9681161352689212	4.666625206996372
0.9681661361022684	3.399779536449803
0.9682161369356156	1.650391521027035
0.9682661377689628	-0.0884863927698003
0.96831613860231	-1.3551193618098636
0.9683661394356572	-1.841738939420192
0.9684161402690046	-1.5620436390035113
0.968466141102352	-0.7311314371393915
0.968516141935699	0.170400700020134
0.9685661427690464	0.6712465114688995
0.9686161436023936	0.4830480013729064
0.9686661444357408	-0.4166965236512487
0.968716145269088	-1.7465335364331251
0.9687661461024352	-3.0814544302166285
0.9688161469357824	-3.9093683873785623
0.9688661477691296	-3.937630556250289
0.9689161486024768	-3.134439248642941
0.968966149435824	-1.7982489692145132
0.9690161502691712	-0.5018122541702495
0.9690661511025184	0.2410414718955237
0.9691161519358656	-0.0229604393808916
0.9691661527692128	-1.2756431155926928
0.9692161536025602	-3.1778013776557112
0.9692661544359074	-5.182784810736666
0.9693161552692546	-6.527811973814042
0.9693661561026018	-6.697477754094777
0.9694161569359492	-5.535305589593709
0.9694661577692962	-3.3378498835068706
0.9695161586026436	-0.6187760514158954
0.9695661594359908	1.821809805892752
0.969616160269338	3.3642020664598853
0.9696661611026852	3.702569841303223
0.9697161619360324	2.9135496759341857
0.9697661627693795	1.498451409247607
0.9698161636027268	0.1103674731126767
0.969866164436074	-0.675557065105207
0.9699161652694211	-0.5822693898767374
0.9699661661027684	0.3410070723767636
0.9700161669361156	1.603093897276707
0.970066167769463	2.58468808082953
0.97011616860281	2.7528431541591
0.9701661694361574	1.795166040476862
0.9702161702695046	-0.025275668653467
0.9702661711028518	-2.1999107263454087
0.970316171936199	-3.902592503808561
0.9703661727695464	-4.489123527048129
0.9704161736028936	-3.55065049656288
0.9704661744362408	-1.241612698460954
0.970516175269588	1.903717432224592
0.9705661761029352	4.991427128400926
0.9706161769362824	7.093492591748384
0.9706661777696296	7.652763653633441
0.9707161786029768	6.491541194989085
0.970766179436324	3.999938416674717
0.9708161802696712	0.9397719475765478
0.9708661811030184	-1.7962462657335032
0.9709161819363658	-3.5247901910268693
0.9709661827697128	-3.901134091019766
0.9710161836030602	-3.0655723838147213
0.9710661844364074	-1.5740935762048718
0.9711161852697546	-0.1740263211288426
0.9711661861031018	0.5201653455821598
0.9712161869364492	0.1580092809023721
0.9712661877697962	-1.150715056636355
0.9713161886031436	-2.915007939641746
0.9713661894364908	-4.598766111820096
0.971416190269838	-5.52520956867106
0.9714661911031852	-5.472956365598571
0.9715161919365324	-4.483286666960929
0.9715661927698797	-2.979681910179422
0.9716161936032268	-1.5808333072414218
0.971666194436574	-0.8144022778193416
0.9717161952699211	-0.9825458270492786
0.9717661961032684	-2.0228160927114547
0.9718161969366156	-3.583979434095629
0.971866197769963	-5.062344521471149
0.97191619860331	-5.925980481422488
0.9719661994366574	-5.889053423017973
0.9720162002700046	-4.992261513562071
0.9720662011033518	-3.544215880157641
0.972116201936699	-2.112219617570341
0.9721662027700464	-1.2087721440021928
0.9722162036033934	-1.1604255712325031
0.9722662044367408	-1.969245333643862
0.972316205270088	-3.340087409721132
0.9723662061034352	-4.745126373372149
0.9724162069367824	-5.71594379543587
0.9724662077701296	-5.920910275408267
0.9725162086034768	-5.245600979483943
0.972566209436824	-4.027079379007363
0.9726162102701712	-2.6840535480946786
0.9726662111035184	-1.7342154215341925
0.9727162119368656	-1.5485966365806398
0.9727662127702128	-2.173113698115274
0.9728162136035602	-3.4064786723697007
0.9728662144369074	-4.900196269898268
0.9729162152702546	-6.1252984677381015
0.9729662161036018	-6.7603019257354005
0.9730162169369492	-6.60451861737886
0.9730662177702962	-5.740557502002114
0.9731162186036436	-4.456347353668549
0.9731662194369908	-3.1349840978322367
0.973216220270338	-2.1267147838573472
0.9732662211036852	-1.6035514408670617
0.9733162219370324	-1.603901907233649
0.9733662227703797	-1.934715454542464
0.9734162236037268	-2.391213729164245
0.973466224437074	-2.749883837384771
0.9735162252704213	-2.888749733323383
0.9735662261037684	-2.7671524906667337
0.9736162269371156	-2.532740543907857
0.973666227770463	-2.2203614237267155
0.97371622860381	-1.9607105646707093
0.9737662294371574	-1.7530565560649314
0.9738162302705046	-1.5624230273659825
0.9738662311038518	-1.3082344174290823
0.973916231937199	-0.8728247728275204
0.9739662327705464	-0.3484946536516544
0.9740162336038934	0.3261734090255802
0.9740662344372408	1.0123177695946186
0.974116235270588	1.545887020638362
0.9741662361039352	1.939760709720844
0.9742162369372824	2.2011225009241646
0.9742662377706296	2.4057410831538264
0.9743162386039768	2.6937838451686726
0.974366239437324	3.053211951480866
0.9744162402706712	3.4513946023099624
0.9744662411040184	3.7996198325490704
0.9745162419373656	3.8188958515294673
0.9745662427707128	3.3183521665822564
0.9746162436040602	2.13646909422579
0.9746662444374072	0.4112190755750707
0.9747162452707546	-1.6395514272988998
0.9747662461041018	-3.725367599177056
0.9748162469374492	-5.37468473033177
0.9748662477707962	-6.338372360624965
0.9749162486041436	-6.565253547047629
0.9749662494374908	-6.1722343488263895
0.975016250270838	-5.508222895489769
0.9750662511041852	-4.96225418071598
0.9751162519375324	-4.8804201302606565
0.9751662527708796	-5.382921636403782
0.9752162536042268	-6.336456667210424
0.975266254437574	-7.464567037042223
0.9753162552709213	-8.32970579444356
0.9753662561042684	-8.680047793073674
0.9754162569376156	-8.373688999442459
0.975466257770963	-7.587598504939895
0.97551625860431	-6.611179203949671
0.9755662594376574	-5.902137982008864
0.9756162602710046	-5.745071237393811
0.9756662611043518	-6.225116323957009
0.975716261937699	-7.188489665995483
0.9757662627710464	-8.152417273301502
0.9758162636043936	-8.63519118720736
0.9758662644377408	-8.218411436632458
0.975916265271088	-6.771745192836184
0.9759662661044352	-4.530183031473013
0.9760162669377824	-1.9790604754987624
0.9760662677711296	0.2690013359504347
0.9761162686044768	1.5833439994428111
0.976166269437824	1.7358711227343404
0.9762162702711712	0.8650753470029926
0.9762662711045184	-0.5576626564861817
0.9763162719378656	-1.8493228038263043
0.9763662727712128	-2.341737641643709
0.9764162736045602	-1.597140229766241
0.9764662744379072	0.3385880907898081
0.9765162752712546	3.0090740172097794
0.976566276104602	5.6452836254181085
0.9766162769379492	7.489606065665942
0.9766662777712964	7.978511880742996
0.9767162786046436	6.88616502601219
0.9767662794379908	4.48947962806885
0.976816280271338	1.5040967659780324
0.9768662811046852	-1.2726609581311952
0.9769162819380324	-3.10759138841888
0.9769662827713796	-3.614580683658264
0.9770162836047268	-2.8304574992048903
0.977066284438074	-1.133116065490822
0.9771162852714212	0.7564325955519737
0.9771662861047684	2.1422632632669254
0.9772162869381156	2.580291702158138
0.977266287771463	1.9576807370473657
0.97731628860481	0.4715900400094561
0.9773662894381574	-1.4041057472004432
0.9774162902715048	-3.0774779764029776
0.9774662911048518	-4.1514616313771535
0.9775162919381992	-4.435767416319465
0.9775662927715464	-3.976593701438742
0.9776162936048935	-3.113146863548512
0.9776662944382408	-2.2036770156367664
0.977716295271588	-1.471741996878193
0.9777662961049352	-1.0950844208459531
0.9778162969382824	-0.9444561799684976
0.9778662977716296	-0.8528834463206061
0.9779162986049768	-0.6348187459196246
0.977966299438324	-0.1187084641788108
0.9780163002716712	0.6094223162768655
0.9780663011050184	1.43827268130994
0.9781163019383656	2.127567690686678
0.978166302771713	2.522908850538784
0.9782163036050602	2.5118460322798186
0.9782663044384076	2.222482782803717
0.9783163052717546	1.8388572922749011
0.978366306105102	1.5693962423870182
0.978416306938449	1.498441744347502
0.9784663077717964	1.6009184258896847
0.9785163086051436	1.709612574663289
0.9785663094384908	1.452673677790009
0.978616310271838	0.667807327151137
0.9786663111051852	-0.7586075031764345
0.9787163119385324	-2.6056493446700717
0.9787663127718796	-4.424519583530187
0.9788163136052268	-5.680968893787398
0.978866314438574	-5.911269968321879
0.9789163152719212	-4.8869436408939
0.9789663161052684	-2.713183896059512
0.9790163169386158	0.0433462229372927
0.979066317771963	2.64911337295845
0.9791163186053102	4.289691568860769
0.9791663194386574	4.380187280017199
0.9792163202720048	2.765782075168206
0.9792663211053518	-0.258218435969123
0.9793163219386992	-4.009275138983824
0.9793663227720464	-7.550148646633087
0.9794163236053935	-10.001430542518047
0.9794663244387408	-10.870274587718344
0.979516325272088	-10.020817187663608
0.9795663261054351	-7.852165930363279
0.9796163269387824	-4.974964755959219
0.9796663277721296	-2.170175402581872
0.9797163286054767	-0.0398947126880704
0.979766329438824	1.1823280916586856
0.9798163302721712	1.4818934951910672
0.9798663311055186	1.2768015822124803
0.9799163319388656	1.013044428975709
0.979966332772213	1.1817954148788337
0.9800163336055602	1.91428442703434
0.9800663344389074	3.1742111239332718
0.9801163352722546	4.653546271798531
0.980166336105602	5.954856356216657
0.980216336938949	6.733263139981152
0.9802663377722964	6.846386798084057
0.9803163386056436	6.359816714823131
0.9803663394389908	5.563312580702657
0.980416340272338	4.827516886465042
0.9804663411056852	4.40784375350585
0.9805163419390324	4.44985991087993
0.9805663427723796	4.898507386880064
0.9806163436057268	5.475728035287496
0.980666344439074	5.948137077830316
0.9807163452724214	6.039165829521554
0.9807663461057684	5.691175363516006
0.9808163469391158	4.944708594125384
0.980866347772463	4.00719713577303
0.9809163486058102	3.114926469110222
0.9809663494391574	2.4435253798943872
0.9810163502725048	2.05245981167282
0.9810663511058518	1.8012672409334138
0.9811163519391992	1.577301487960963
0.9811663527725464	1.17535775023053
0.9812163536058937	0.5546357160379973
0.9812663544392408	-0.2268803350485464
0.981316355272588	-0.8924374180513395
0.9813663561059351	-1.2181528978490763
0.9814163569392824	-0.987963904494281
0.9814663577726296	-0.1824719647380171
0.9815163586059767	1.0515902894733085
0.981566359439324	2.2782398442479748
0.9816163602726712	3.0961185585365985
0.9816663611060186	3.0942838204644367
0.9817163619393656	2.033263802053941
0.981766362772713	0.1113508357458009
0.9818163636060602	-2.331512533597837
0.9818663644394074	-4.7080685943235485
0.9819163652727546	-6.431789269914109
0.981966366106102	-7.047928229137425
0.982016366939449	-6.389843900465818
0.9820663677727964	-4.663302282977551
0.9821163686061436	-2.237203014785773
0.9821663694394908	0.2772392488784116
0.982216370272838	2.390216520430553
0.9822663711061852	3.770893054369492
0.9823163719395324	4.279018908833634
0.9823663727728796	4.084156629613136
0.9824163736062268	3.4659447914317347
0.982466374439574	2.7258161062093085
0.9825163752729212	2.152820207217921
0.9825663761062684	1.8214312590505133
0.9826163769396158	1.638023264919641
0.982666377772963	1.499721116112403
0.9827163786063102	1.1451678580153546
0.9827663794396574	0.4859566126277874
0.9828163802730048	-0.4779011494420798
0.9828663811063518	-1.6122786010923045
0.9829163819396992	-2.656380580288105
0.9829663827730464	-3.4630859156591187
0.9830163836063937	-3.807723178193856
0.9830663844397408	-3.5962505948254746
0.983116385273088	-2.9532794870440964
0.9831663861064353	-2.00451173785519
0.9832163869397824	-0.9770467893867318
0.9832663877731296	-0.0414619049561166
0.9833163886064769	0.6309432139689564
0.983366389439824	0.9495822341643958
0.9834163902731712	0.9331727340146688
0.9834663911065186	0.6072892545194233
0.9835163919398656	0.0608140978998211
0.983566392773213	-0.6312191286716675
0.9836163936065602	-1.3091505749090533
0.9836663944399074	-1.8471717226958249
0.9837163952732546	-2.1996612955875774
0.983766396106602	-2.2080770972261976
0.983816396939949	-1.9707326300666936
0.9838663977732964	-1.4904256004747407
0.9839163986066436	-1.022361902715395
0.9839663994399908	-0.7386635090922913
0.984016400273338	-0.8602108531435377
0.9840664011066852	-1.5149431152581307
0.9841164019400324	-2.62979181115588
0.9841664027733796	-4.024747193211701
0.9842164036067268	-5.283718187398119
0.984266404440074	-5.998810268275324
0.9843164052734212	-5.865690166377344
0.9843664061067684	-4.733362443316866
0.9844164069401158	-2.741474949160329
0.984466407773463	-0.3860060124489879
0.9845164086068102	1.8535237449658084
0.9845664094401574	3.3012153422577195
0.9846164102735048	3.63932005331562
0.9846664111068518	2.681301934169496
0.9847164119401992	0.7288022270489994
0.9847664127735464	-1.6363655124965817
0.9848164136068936	-3.764231603278562
0.9848664144402408	-5.056138515372589
0.984916415273588	-5.2136719742080055
0.9849664161069352	-4.269002478154283
0.9850164169402824	-2.6738903938780343
0.9850664177736296	-1.053419162304217
0.9851164186069769	-0.0315592611002503
0.985166419440324	-0.0142299965601597
0.9852164202736712	-0.9704583605915932
0.9852664211070186	-2.562897375871753
0.9853164219403656	-4.096038982936914
0.985366422773713	-4.955063240325553
0.9854164236070602	-4.578777886667616
0.9854664244404074	-2.917671605040753
0.9855164252737548	-0.3007650469717277
0.985566426107102	2.6017235252543296
0.9856164269404492	4.948930848247766
0.9856664277737964	6.027416073821008
0.9857164286071436	5.432534047876691
0.9857664294404908	3.2904444190508824
0.985816430273838	0.1286758810563462
0.9858664311071852	-3.2308425597913706
0.9859164319405324	-5.8873133660513775
0.9859664327738796	-7.205286821410835
0.9860164336072268	-7.029573091095758
0.986066434440574	-5.505651260925142
0.9861164352739212	-3.2108266611372414
0.9861664361072684	-0.8352355661072649
0.9862164369406158	0.943980845914514
0.986266437773963	1.817310121418274
0.9863164386073102	1.7704973829641344
0.9863664394406576	1.0210664352228698
0.9864164402740048	0.0746234030047902
0.986466441107352	-0.7005920297407231
0.9865164419406992	-1.0735409969275969
0.9865664427740464	-1.0372795362013143
0.9866164436073936	-0.7925596247187954
0.9866664444407408	-0.6694299241497977
0.986716445274088	-0.8617941929537439
0.9867664461074352	-1.4976204589841686
0.9868164469407824	-2.4107775797943973
0.9868664477741296	-3.276222306193017
0.9869164486074768	-3.739037458113833
0.986966449440824	-3.4871994643996613
0.9870164502741712	-2.484578347715052
0.9870664511075186	-0.9010092737890608
0.9871164519408656	0.8609933339177094
0.987166452774213	2.303429352140584
0.9872164536075604	3.078717996762045
0.9872664544409074	3.060015308231898
0.9873164552742548	2.3485967090731314
0.987366456107602	1.2657948570868582
0.9874164569409491	0.2729685623464088
0.9874664577742964	-0.2568233718922406
0.9875164586076436	-0.1643779909626919
0.9875664594409908	0.5050224767756861
0.987616460274338	1.3730466248817594
0.9876664611076852	1.995976891069204
0.9877164619410324	1.945784883723687
0.9877664627743796	1.0727968961886012
0.9878164636077268	-0.5652680457652578
0.987866464441074	-2.660291253005496
0.9879164652744212	-4.651815611042917
0.9879664661077686	-6.011714705414977
0.9880164669411158	-6.368425839136443
0.988066467774463	-5.720366405197846
0.9881164686078102	-4.2534496014184775
0.9881664694411576	-2.4198265718891374
0.9882164702745048	-0.8022690842722371
0.988266471107852	0.1399038173021846
0.9883164719411992	0.1649673825124431
0.9883664727745464	-0.7407654544700154
0.9884164736078936	-2.257813180466772
0.9884664744412408	-3.958145263705743
0.988516475274588	-5.336216251754507
0.9885664761079352	-6.0734198028071775
0.9886164769412824	-6.089984573925852
0.9886664777746296	-5.421869667126268
0.9887164786079768	-4.403923202257584
0.988766479441324	-3.347229141800648
0.9888164802746714	-2.5445408768655584
0.9888664811080186	-2.2382836792543195
0.9889164819413658	-2.380326806370192
0.988966482774713	-2.8943081098005856
0.9890164836080604	-3.581506426718409
0.9890664844414074	-4.127469062336703
0.9891164852747548	-4.373356164513961
0.989166486108102	-4.1941169832710345
0.9892164869414491	-3.6008233357872466
0.9892664877747964	-2.63229816834639
0.9893164886081436	-1.4778526996110215
0.9893664894414907	-0.2797853110245595
0.989416490274838	0.8244441093644367
0.9894664911081852	1.6757912207747492
0.9895164919415324	2.2070248570960693
0.9895664927748796	2.3649708669913414
0.9896164936082268	2.1490353942467024
0.9896664944415742	1.632779665886866
0.9897164952749212	0.910108983714422
0.9897664961082686	0.0873240653919625
0.9898164969416158	-0.7253247439768403
0.989866497774963	-1.341694578230696
0.9899164986083102	-1.767539968118024
0.9899664994416576	-1.9788319736256752
0.9900165002750048	-2.082807048568854
0.990066501108352	-2.1905643450782657
0.9901165019416992	-2.3884031089666644
0.9901665027750464	-2.746379870240282
0.9902165036083936	-3.2839411776712324
0.9902665044417408	-3.8451661657023273
0.990316505275088	-4.402212229912117
0.9903665061084352	-4.690657879993797
0.9904165069417824	-4.633278312615757
0.9904665077751296	-4.175848514423855
0.990516508608477	-3.3733551883251565
0.990566509441824	-2.353424513645705
0.9906165102751714	-1.2532852665542178
0.9906665111085186	-0.2615785699816096
0.9907165119418658	0.540300177215272
0.990766512775213	1.1076324520881289
0.9908165136085604	1.4676723119791737
0.9908665144419074	1.6268428415122398
0.9909165152752548	1.654935154189732
0.990966516108602	1.5252974005342614
0.9910165169419493	1.1741957006768506
0.9910665177752964	0.6135953921881991
0.9911165186086436	-0.231767908321482
0.9911665194419907	-1.2217211461167934
0.991216520275338	-2.2074171733078627
0.9912665211086852	-2.914488880396637
0.9913165219420323	-3.059397758588921
0.9913665227753796	-2.417122151955293
0.9914165236087268	-0.9701200833845208
0.9914665244420742	1.190820194343392
0.9915165252754212	3.709916825685679
0.9915665261087686	6.189394475857928
0.9916165269421158	8.13791756470212
0.991666527775463	9.267008493237492
0.9917165286088102	9.40663854377664
0.9917665294421576	8.637125821601298
0.9918165302755046	7.215140725634352
0.991866531108852	5.614273218818391
0.9919165319421992	4.1424119067028204
0.9919665327755464	3.025232504707621
0.9920165336088936	2.3636657962778265
0.9920665344422408	2.0132619160910523
0.992116535275588	1.6884849255737586
0.9921665361089352	1.1928771593732417
0.9922165369422824	0.328086601466695
0.9922665377756296	-0.8229951663111803
0.992316538608977	-2.129491389518668
0.992366539442324	-3.225255021662817
0.9924165402756714	-3.835622059955072
0.9924665411090186	-3.70264348743285
0.9925165419423658	-2.7753462766323684
0.992566542775713	-1.252895845746565
0.9926165436090604	0.498683344440991
0.9926665444424074	2.1172066360632447
0.9927165452757548	3.185470733966368
0.992766546109102	3.4550373568571158
0.9928165469424493	2.860835753807798
0.9928665477757964	1.5955482544328723
0.9929165486091436	-0.0957691973062671
0.9929665494424909	-1.843822502148174
0.993016550275838	-3.364430402612143
0.9930665511091852	-4.422165491785907
0.9931165519425325	-4.983516488262135
0.9931665527758796	-5.08016063961595
0.9932165536092268	-4.843388559995677
0.9932665544425742	-4.410573271201315
0.9933165552759212	-3.947043618857601
0.9933665561092686	-3.509885025118288
0.9934165569426158	-3.151839067069637
0.993466557775963	-2.8835335248000824
0.9935165586093102	-2.68047142083254
0.9935665594426576	-2.6311703145202547
0.9936165602760046	-2.6184193402146567
0.993666561109352	-2.6249444094059493
0.9937165619426992	-2.63606393727706
0.9937665627760464	-2.4978596917667413
0.9938165636093936	-2.165133292289023
0.9938665644427408	-1.5870301245007965
0.993916565276088	-0.8167888618598799
0.9939665661094352	0.0325982443982165
0.9940165669427824	0.7512052497815127
0.9940665677761296	1.080640279907903
0.994116568609477	0.8436780664830456
0.994166569442824	-0.0264513754164857
0.9942165702761714	-1.461236702949527
0.9942665711095184	-3.173152419672149
0.9943165719428658	-4.838797307864245
0.994366572776213	-6.068953003295091
0.9944165736095604	-6.575198340051761
0.9944665744429074	-6.310060629382965
0.9945165752762548	-5.320313612594876
0.994566576109602	-3.89539270816997
0.9946165769429492	-2.426407228991225
0.9946665777762964	-1.2545464105881283
0.9947165786096436	-0.616049425389465
0.9947665794429909	-0.5228680721816581
0.994816580276338	-0.8862617955730996
0.9948665811096852	-1.3855714580171634
0.9949165819430325	-1.8040891275224376
0.9949665827763796	-1.882079649799032
0.9950165836097268	-1.6740617628313554
0.9950665844430742	-1.2965279111611585
0.9951165852764212	-1.0070637338120882
0.9951665861097686	-1.0274154395662731
0.9952165869431158	-1.5487072649944356
0.995266587776463	-2.511708470300289
0.9953165886098104	-3.67718708042129
0.9953665894431576	-4.711596072262052
0.9954165902765048	-5.156406440707754
0.995466591109852	-4.733996435655509
0.9955165919431992	-3.3580873854287216
0.9955665927765464	-1.2215286168947064
0.9956165936098936	1.2625019087164602
0.9956665944432408	3.571972460918495
0.995716595276588	5.186179138428972
0.9957665961099352	5.860895604732704
0.9958165969432824	5.456457584776708
0.9958665977766296	4.168061191001334
0.9959165986099768	2.5419811321479133
0.995966599443324	0.9331266808153108
0.9960166002766714	-0.1089783264069363
0.9960666011100184	-0.4166163288849732
0.9961166019433658	0.0609916128176157
0.9961666027767132	1.0514809094751305
0.9962166036100604	2.2416683861007822
0.9962666044434076	3.271685436564947
0.9963166052767548	3.8745119125680407
0.996366606110102	3.969397046654211
0.9964166069434492	3.6629313132001937
0.9964666077767964	3.1666063514055467
0.9965166086101436	2.743450665262856
0.9965666094434908	2.5546611286137395
0.996616610276838	2.6926854561413784
0.9966666111101852	2.982230285556318
0.9967166119435324	3.234823581859158
0.9967666127768796	3.194358626206835
0.9968166136102268	2.616376278568701
0.9968666144435742	1.4473483479568772
0.9969166152769214	-0.1787540010400711
0.9969666161102686	-1.9843832755588693
0.997016616943616	-3.634037152654473
0.997066617776963	-4.80320103988976
0.9971166186103104	-5.262609172785213
0.9971666194436576	-4.933481149799989
0.9972166202770048	-3.9440558330839
0.997266621110352	-2.569349248477936
0.9973166219436992	-1.151729138203497
0.9973666227770464	0.0277224419511037
0.9974166236103936	0.7307906352620328
0.9974666244437408	0.8790392341010304
0.997516625277088	0.5083761357951909
0.9975666261104352	-0.2002408163835715
0.9976166269437824	-1.015335008611976
0.9976666277771296	-1.736370734936084
0.9977166286104768	-2.177595396512246
0.9977666294438242	-2.2315543339818373
0.9978166302771714	-1.8894608604590009
0.9978666311105188	-1.168453166547731
0.9979166319438658	-0.1714581222652424
0.9979666327772132	1.0183213978307577
0.9980166336105604	2.286266848369404
0.9980666344439076	3.572391390894197
0.9981166352772548	4.620083822453698
0.998166636110602	5.432885599834745
0.9982166369439492	5.772071057458817
0.9982666377772964	5.652300247587863
0.9983166386106436	4.952781311132233
0.9983666394439908	3.787368782678302
0.998416640277338	2.2571084201903173
0.9984666411106852	0.6253318641629116
0.9985166419440324	-0.7883923862279001
0.9985666427773796	-1.704674240598461
0.998616643610727	-1.9507791503038057
0.9986666444440742	-1.4349578588499527
0.9987166452774214	-0.336491771021502
0.9987666461107686	1.1262751394435415
0.998816646944116	2.538449533618041
0.998866647777463	3.5214153559240917
0.9989166486108104	3.728250401158157
0.9989666494441576	3.0715055906365967
0.9990166502775047	1.5964945516096392
0.999066651110852	-0.3958237734405827
0.9991166519441992	-2.518801800997569
0.9991666527775463	-4.334286177323388
0.9992166536108936	-5.4993552392699
0.9992666544442408	-5.934170362555856
0.999316655277588	-5.702262437145065
0.9993666561109352	-5.076635287446498
0.9994166569442824	-4.401943956856831
0.9994666577776298	-4.084799899710776
0.9995166586109768	-4.275974936986696
0.9995666594443242	-4.933732421297175
0.9996166602776714	-5.821360789514607
0.9996666611110188	-6.456297014585542
0.9997166619443658	-6.365875145128838
0.9997666627777132	-5.227695141802195
0.9998166636110604	-2.9224920010537776
0.9998666644444076	0.234575692333584
0.9999166652777548	3.758650386874248
0.999966666111102	6.9799769059699965
